instance_id,task,variant_idx,strategy,base_text,paraphrased_text,sbert_similarity,full_prompt,input_text,reference_output
crea_0000,creative,0,formal_tone,"The Knightsbridge flat is located in the same building  where Hollywood star Ava Gardner spent her last years .
It is based in historic Ennismore Gardens which were built in 1870 as part of the redevelopment of Kingston House .
The spacious home which boasts five bedrooms has been put up for rent at £10,500 a week - or £546,000 a year .","Located within the same building where the late Hollywood actress Ava Gardner resided in her final years, the Knightsbridge apartment is situated in the historic Ennismore Gardens, originally developed as part of the Kingston House redevelopment in 1870. This expansive five-bedroom residence is currently available for rent at a rate of £10,500 per week, equivalent to an annual sum of £546,000.",0.9458,"Write a detailed news story that expands on the following summary points, elaborating them into a complete article.

Summary:
Located within the same building where the late Hollywood actress Ava Gardner resided in her final years, the Knightsbridge apartment is situated in the historic Ennismore Gardens, originally developed as part of the Kingston House redevelopment in 1870. This expansive five-bedroom residence is currently available for rent at a rate of £10,500 per week, equivalent to an annual sum of £546,000.

Story:","The Knightsbridge flat is located in the same building  where Hollywood star Ava Gardner spent her last years .
It is based in historic Ennismore Gardens which were built in 1870 as part of the redevelopment of Kingston House .
The spacious home which boasts five bedrooms has been put up for rent at £10,500 a week - or £546,000 a year .","A luxury Knightsbridge flat which is brushed with a touch of Hollywood glamour has gone on the rental market - for more than half a million pounds per year. The spacious five bedroom home, based in the same building where 1950s pin-up and Hollywood icon Ava Gardner spent her final years, offers 3,054 sq. ft. of high-end accommodation with two reception rooms, five bathrooms, a study and kitchen/breakfast room. Entered through a long entrance hall, it has a grand double-sized reception room, private study and kitchen/dining room with a lift servicing each floor of the building. There are five bedrooms with a master bedroom suite with walk in wardrobes. Scroll down for video . This is the stunning living room of the Knightsbridge flat which is based in the same building as the former home of screen goddess Ava Gardner . The luxurious bedroom, decorated in purple and neutral colours, is one of five at the flat which also boasts a private study and kitchen/dining room with a lift servicing each floor of the building . The high-end flat which is brushed with a touch of Hollywood glamour features a bathroom with marble topped sinks and bath . The gleaming white modern kitchen at the property which is based in Ennismore Gardens, London where Gardner, who famously starred in The Killers, The Barefoot Contessa, 55 Days at Peking and The Night of the Iguana, lived until her death in 1990 . It is based in the high-end Ennismore Gardens, London where Gardner, who famously starred in The Killers, The Barefoot Contessa, 55 Days at Peking and The Night of the Iguana, lived from 1968 - after her three failed marriages, to Mickey Rooney, Artie Shaw and Frank Sinatra -  until her death in 1990. Homes along Ennismore Gardens have a long history, built in 1870 as part of the redevelopment of Kingston House, a Palladian mansion dating back to the 18th Century, belonging to Elizabeth Chudleigh, Duchess of Kingston. The mansion and its estate was later sold to William Hare, Baron of Ennismore, in 1837, but was sold off for development following his death, with the street and private gardens named to commemorate him. Once completed the five-storey homes along Ennismore Gardens, designed with Porticos and Corinthian Columns, commanded a premium of £17,000 per year. The pin-up girl of her era, Ava Gardner (right) was listed 25th among the American Film Institute's Greatest Female Stars in the 1950s with high-profile marriages to Mickey Rooney and Frank Sinatra (pictured with Ava, left) Gardner, pictured at her Knightsbridge flat in the same building was once quoted as saying 'I love the history and grandeur of my little London retreat, some say it is too big for me alone, but I love the space' Once described as 'the most irresistible woman in Hollywood', Ava Gardner became one of the pin-up girls in the 1950s. High-profile roles in in films such as the Hucksters (1947), Show Boat (1951) and The Night of the Iguana (1964) catapulted her into the limelight. But her off-screen life was often as dramatic as the roles she played, with marriages to Mickey Rooney, Artie Shaw and Frank Sinatra. She was said to have been the only woman who could ever tame the notorious playboy Sinatra. After they met he told Ava: ‘All my life, being a singer was the most important thing in the world. Now you’re all I want.’ The pair married in 1951 but it was tumultuous. Ava was a diva with a soul whose turbulence equalled his own. Both ­harboured profound feelings of ­worthlessness, which expressed ­themselves in volcanic furies. ‘We were high-strung people,’ she said. ‘Possessive, jealous and liable to explode fast. When I lose my temper, you can’t find it any place. He’s the same.’ Like him, she was infinitely restless and easily bored. In both, this tendency could lead to casual cruelty to others —and to each other. They quarrelled ­constantly. Friends whose house the lovers met in recalled how Ava would scream at Frank and he would slam the door and storm downstairs. Eventually the couple split in 1957. She later moved to London where she was to pass away on January 25, 1990, at age 67. She is listed 25th among the American Film Institute's Greatest Female Stars. The property offers triple aspect views with private gardens at the front and rear of the building, and access to the large private garden square on Ennismore Gardens. Mark Tunstall, Managing Director of Tunstall Property, said: 'This property is just steeped in history. It is in a quiet yet well-connected pocket of prime central London and with five bedrooms provides space for all the family. 'The location is hard to beat, with Hyde Park and Harrods on the doorstep, as well as the Royal Albert Hall and museums and bistros of South Kensington a short stroll away. This home meets every requirement, providing; space, amenities and location.' The flat is now available to rent through Tunstall Property at £10,500 a week - or £546,000 a year. The spacious home at 34 Ennismore Gardens is now available to rent through Tunstall Property at £10,500 a week - or £546,000 a year . It provides 3,054 sq. ft. of luxurious accommodation with two reception rooms, five bathrooms, a study and kitchen/breakfast room . The homes along Ennismore Gardens have a long history, built in 1870 as part of the redevelopment of Kingston House, a Palladian mansion dating back to the 18th Century, belonging to Elizabeth Chudleigh, Duchess of Kingston . The plushly decorated flat is in prime location, based within minutes of Hyde Park and Harrods as well as the Royal Albert Hall ."
crea_0000,creative,1,reordered_clauses,"The Knightsbridge flat is located in the same building  where Hollywood star Ava Gardner spent her last years .
It is based in historic Ennismore Gardens which were built in 1870 as part of the redevelopment of Kingston House .
The spacious home which boasts five bedrooms has been put up for rent at £10,500 a week - or £546,000 a year .","Located in historic Ennismore Gardens, which were built in 1870 as part of the redevelopment of Kingston House, is a Knightsbridge flat. This spacious home, boasting five bedrooms, has been put up for rent at £10,500 a week - or £546,000 a year, and notably, it shares the same building where Hollywood star Ava Gardner spent her final years.",0.9391,"Write a detailed news story that expands on the following summary points, elaborating them into a complete article.

Summary:
Located in historic Ennismore Gardens, which were built in 1870 as part of the redevelopment of Kingston House, is a Knightsbridge flat. This spacious home, boasting five bedrooms, has been put up for rent at £10,500 a week - or £546,000 a year, and notably, it shares the same building where Hollywood star Ava Gardner spent her final years.

Story:","The Knightsbridge flat is located in the same building  where Hollywood star Ava Gardner spent her last years .
It is based in historic Ennismore Gardens which were built in 1870 as part of the redevelopment of Kingston House .
The spacious home which boasts five bedrooms has been put up for rent at £10,500 a week - or £546,000 a year .","A luxury Knightsbridge flat which is brushed with a touch of Hollywood glamour has gone on the rental market - for more than half a million pounds per year. The spacious five bedroom home, based in the same building where 1950s pin-up and Hollywood icon Ava Gardner spent her final years, offers 3,054 sq. ft. of high-end accommodation with two reception rooms, five bathrooms, a study and kitchen/breakfast room. Entered through a long entrance hall, it has a grand double-sized reception room, private study and kitchen/dining room with a lift servicing each floor of the building. There are five bedrooms with a master bedroom suite with walk in wardrobes. Scroll down for video . This is the stunning living room of the Knightsbridge flat which is based in the same building as the former home of screen goddess Ava Gardner . The luxurious bedroom, decorated in purple and neutral colours, is one of five at the flat which also boasts a private study and kitchen/dining room with a lift servicing each floor of the building . The high-end flat which is brushed with a touch of Hollywood glamour features a bathroom with marble topped sinks and bath . The gleaming white modern kitchen at the property which is based in Ennismore Gardens, London where Gardner, who famously starred in The Killers, The Barefoot Contessa, 55 Days at Peking and The Night of the Iguana, lived until her death in 1990 . It is based in the high-end Ennismore Gardens, London where Gardner, who famously starred in The Killers, The Barefoot Contessa, 55 Days at Peking and The Night of the Iguana, lived from 1968 - after her three failed marriages, to Mickey Rooney, Artie Shaw and Frank Sinatra -  until her death in 1990. Homes along Ennismore Gardens have a long history, built in 1870 as part of the redevelopment of Kingston House, a Palladian mansion dating back to the 18th Century, belonging to Elizabeth Chudleigh, Duchess of Kingston. The mansion and its estate was later sold to William Hare, Baron of Ennismore, in 1837, but was sold off for development following his death, with the street and private gardens named to commemorate him. Once completed the five-storey homes along Ennismore Gardens, designed with Porticos and Corinthian Columns, commanded a premium of £17,000 per year. The pin-up girl of her era, Ava Gardner (right) was listed 25th among the American Film Institute's Greatest Female Stars in the 1950s with high-profile marriages to Mickey Rooney and Frank Sinatra (pictured with Ava, left) Gardner, pictured at her Knightsbridge flat in the same building was once quoted as saying 'I love the history and grandeur of my little London retreat, some say it is too big for me alone, but I love the space' Once described as 'the most irresistible woman in Hollywood', Ava Gardner became one of the pin-up girls in the 1950s. High-profile roles in in films such as the Hucksters (1947), Show Boat (1951) and The Night of the Iguana (1964) catapulted her into the limelight. But her off-screen life was often as dramatic as the roles she played, with marriages to Mickey Rooney, Artie Shaw and Frank Sinatra. She was said to have been the only woman who could ever tame the notorious playboy Sinatra. After they met he told Ava: ‘All my life, being a singer was the most important thing in the world. Now you’re all I want.’ The pair married in 1951 but it was tumultuous. Ava was a diva with a soul whose turbulence equalled his own. Both ­harboured profound feelings of ­worthlessness, which expressed ­themselves in volcanic furies. ‘We were high-strung people,’ she said. ‘Possessive, jealous and liable to explode fast. When I lose my temper, you can’t find it any place. He’s the same.’ Like him, she was infinitely restless and easily bored. In both, this tendency could lead to casual cruelty to others —and to each other. They quarrelled ­constantly. Friends whose house the lovers met in recalled how Ava would scream at Frank and he would slam the door and storm downstairs. Eventually the couple split in 1957. She later moved to London where she was to pass away on January 25, 1990, at age 67. She is listed 25th among the American Film Institute's Greatest Female Stars. The property offers triple aspect views with private gardens at the front and rear of the building, and access to the large private garden square on Ennismore Gardens. Mark Tunstall, Managing Director of Tunstall Property, said: 'This property is just steeped in history. It is in a quiet yet well-connected pocket of prime central London and with five bedrooms provides space for all the family. 'The location is hard to beat, with Hyde Park and Harrods on the doorstep, as well as the Royal Albert Hall and museums and bistros of South Kensington a short stroll away. This home meets every requirement, providing; space, amenities and location.' The flat is now available to rent through Tunstall Property at £10,500 a week - or £546,000 a year. The spacious home at 34 Ennismore Gardens is now available to rent through Tunstall Property at £10,500 a week - or £546,000 a year . It provides 3,054 sq. ft. of luxurious accommodation with two reception rooms, five bathrooms, a study and kitchen/breakfast room . The homes along Ennismore Gardens have a long history, built in 1870 as part of the redevelopment of Kingston House, a Palladian mansion dating back to the 18th Century, belonging to Elizabeth Chudleigh, Duchess of Kingston . The plushly decorated flat is in prime location, based within minutes of Hyde Park and Harrods as well as the Royal Albert Hall ."
crea_0000,creative,2,synonyms,"The Knightsbridge flat is located in the same building  where Hollywood star Ava Gardner spent her last years .
It is based in historic Ennismore Gardens which were built in 1870 as part of the redevelopment of Kingston House .
The spacious home which boasts five bedrooms has been put up for rent at £10,500 a week - or £546,000 a year .","The apartment in Knightsbridge is situated in the same residence where legendary film actress Ava Gardner spent her final years. It is situated in the historic Ennismore Gardens, originally constructed in 1870 as part of the renovation of Kingston House.",0.8886,"Write a detailed news story that expands on the following summary points, elaborating them into a complete article.

Summary:
The apartment in Knightsbridge is situated in the same residence where legendary film actress Ava Gardner spent her final years. It is situated in the historic Ennismore Gardens, originally constructed in 1870 as part of the renovation of Kingston House.

Story:","The Knightsbridge flat is located in the same building  where Hollywood star Ava Gardner spent her last years .
It is based in historic Ennismore Gardens which were built in 1870 as part of the redevelopment of Kingston House .
The spacious home which boasts five bedrooms has been put up for rent at £10,500 a week - or £546,000 a year .","A luxury Knightsbridge flat which is brushed with a touch of Hollywood glamour has gone on the rental market - for more than half a million pounds per year. The spacious five bedroom home, based in the same building where 1950s pin-up and Hollywood icon Ava Gardner spent her final years, offers 3,054 sq. ft. of high-end accommodation with two reception rooms, five bathrooms, a study and kitchen/breakfast room. Entered through a long entrance hall, it has a grand double-sized reception room, private study and kitchen/dining room with a lift servicing each floor of the building. There are five bedrooms with a master bedroom suite with walk in wardrobes. Scroll down for video . This is the stunning living room of the Knightsbridge flat which is based in the same building as the former home of screen goddess Ava Gardner . The luxurious bedroom, decorated in purple and neutral colours, is one of five at the flat which also boasts a private study and kitchen/dining room with a lift servicing each floor of the building . The high-end flat which is brushed with a touch of Hollywood glamour features a bathroom with marble topped sinks and bath . The gleaming white modern kitchen at the property which is based in Ennismore Gardens, London where Gardner, who famously starred in The Killers, The Barefoot Contessa, 55 Days at Peking and The Night of the Iguana, lived until her death in 1990 . It is based in the high-end Ennismore Gardens, London where Gardner, who famously starred in The Killers, The Barefoot Contessa, 55 Days at Peking and The Night of the Iguana, lived from 1968 - after her three failed marriages, to Mickey Rooney, Artie Shaw and Frank Sinatra -  until her death in 1990. Homes along Ennismore Gardens have a long history, built in 1870 as part of the redevelopment of Kingston House, a Palladian mansion dating back to the 18th Century, belonging to Elizabeth Chudleigh, Duchess of Kingston. The mansion and its estate was later sold to William Hare, Baron of Ennismore, in 1837, but was sold off for development following his death, with the street and private gardens named to commemorate him. Once completed the five-storey homes along Ennismore Gardens, designed with Porticos and Corinthian Columns, commanded a premium of £17,000 per year. The pin-up girl of her era, Ava Gardner (right) was listed 25th among the American Film Institute's Greatest Female Stars in the 1950s with high-profile marriages to Mickey Rooney and Frank Sinatra (pictured with Ava, left) Gardner, pictured at her Knightsbridge flat in the same building was once quoted as saying 'I love the history and grandeur of my little London retreat, some say it is too big for me alone, but I love the space' Once described as 'the most irresistible woman in Hollywood', Ava Gardner became one of the pin-up girls in the 1950s. High-profile roles in in films such as the Hucksters (1947), Show Boat (1951) and The Night of the Iguana (1964) catapulted her into the limelight. But her off-screen life was often as dramatic as the roles she played, with marriages to Mickey Rooney, Artie Shaw and Frank Sinatra. She was said to have been the only woman who could ever tame the notorious playboy Sinatra. After they met he told Ava: ‘All my life, being a singer was the most important thing in the world. Now you’re all I want.’ The pair married in 1951 but it was tumultuous. Ava was a diva with a soul whose turbulence equalled his own. Both ­harboured profound feelings of ­worthlessness, which expressed ­themselves in volcanic furies. ‘We were high-strung people,’ she said. ‘Possessive, jealous and liable to explode fast. When I lose my temper, you can’t find it any place. He’s the same.’ Like him, she was infinitely restless and easily bored. In both, this tendency could lead to casual cruelty to others —and to each other. They quarrelled ­constantly. Friends whose house the lovers met in recalled how Ava would scream at Frank and he would slam the door and storm downstairs. Eventually the couple split in 1957. She later moved to London where she was to pass away on January 25, 1990, at age 67. She is listed 25th among the American Film Institute's Greatest Female Stars. The property offers triple aspect views with private gardens at the front and rear of the building, and access to the large private garden square on Ennismore Gardens. Mark Tunstall, Managing Director of Tunstall Property, said: 'This property is just steeped in history. It is in a quiet yet well-connected pocket of prime central London and with five bedrooms provides space for all the family. 'The location is hard to beat, with Hyde Park and Harrods on the doorstep, as well as the Royal Albert Hall and museums and bistros of South Kensington a short stroll away. This home meets every requirement, providing; space, amenities and location.' The flat is now available to rent through Tunstall Property at £10,500 a week - or £546,000 a year. The spacious home at 34 Ennismore Gardens is now available to rent through Tunstall Property at £10,500 a week - or £546,000 a year . It provides 3,054 sq. ft. of luxurious accommodation with two reception rooms, five bathrooms, a study and kitchen/breakfast room . The homes along Ennismore Gardens have a long history, built in 1870 as part of the redevelopment of Kingston House, a Palladian mansion dating back to the 18th Century, belonging to Elizabeth Chudleigh, Duchess of Kingston . The plushly decorated flat is in prime location, based within minutes of Hyde Park and Harrods as well as the Royal Albert Hall ."
crea_0000,creative,3,different_structure,"The Knightsbridge flat is located in the same building  where Hollywood star Ava Gardner spent her last years .
It is based in historic Ennismore Gardens which were built in 1870 as part of the redevelopment of Kingston House .
The spacious home which boasts five bedrooms has been put up for rent at £10,500 a week - or £546,000 a year .","Ennismore Gardens, a historic location dating back to 1870 as part of the Kingston House redevelopment, is home to a Knightsbridge flat now available for rent. Notably, this building also happens to be the residence where Hollywood actress Ava Gardner lived out her final years. With five spacious bedrooms, the asking price for this accommodation is £10,500 per week or £546,000 annually.",0.9144,"Write a detailed news story that expands on the following summary points, elaborating them into a complete article.

Summary:
Ennismore Gardens, a historic location dating back to 1870 as part of the Kingston House redevelopment, is home to a Knightsbridge flat now available for rent. Notably, this building also happens to be the residence where Hollywood actress Ava Gardner lived out her final years. With five spacious bedrooms, the asking price for this accommodation is £10,500 per week or £546,000 annually.

Story:","The Knightsbridge flat is located in the same building  where Hollywood star Ava Gardner spent her last years .
It is based in historic Ennismore Gardens which were built in 1870 as part of the redevelopment of Kingston House .
The spacious home which boasts five bedrooms has been put up for rent at £10,500 a week - or £546,000 a year .","A luxury Knightsbridge flat which is brushed with a touch of Hollywood glamour has gone on the rental market - for more than half a million pounds per year. The spacious five bedroom home, based in the same building where 1950s pin-up and Hollywood icon Ava Gardner spent her final years, offers 3,054 sq. ft. of high-end accommodation with two reception rooms, five bathrooms, a study and kitchen/breakfast room. Entered through a long entrance hall, it has a grand double-sized reception room, private study and kitchen/dining room with a lift servicing each floor of the building. There are five bedrooms with a master bedroom suite with walk in wardrobes. Scroll down for video . This is the stunning living room of the Knightsbridge flat which is based in the same building as the former home of screen goddess Ava Gardner . The luxurious bedroom, decorated in purple and neutral colours, is one of five at the flat which also boasts a private study and kitchen/dining room with a lift servicing each floor of the building . The high-end flat which is brushed with a touch of Hollywood glamour features a bathroom with marble topped sinks and bath . The gleaming white modern kitchen at the property which is based in Ennismore Gardens, London where Gardner, who famously starred in The Killers, The Barefoot Contessa, 55 Days at Peking and The Night of the Iguana, lived until her death in 1990 . It is based in the high-end Ennismore Gardens, London where Gardner, who famously starred in The Killers, The Barefoot Contessa, 55 Days at Peking and The Night of the Iguana, lived from 1968 - after her three failed marriages, to Mickey Rooney, Artie Shaw and Frank Sinatra -  until her death in 1990. Homes along Ennismore Gardens have a long history, built in 1870 as part of the redevelopment of Kingston House, a Palladian mansion dating back to the 18th Century, belonging to Elizabeth Chudleigh, Duchess of Kingston. The mansion and its estate was later sold to William Hare, Baron of Ennismore, in 1837, but was sold off for development following his death, with the street and private gardens named to commemorate him. Once completed the five-storey homes along Ennismore Gardens, designed with Porticos and Corinthian Columns, commanded a premium of £17,000 per year. The pin-up girl of her era, Ava Gardner (right) was listed 25th among the American Film Institute's Greatest Female Stars in the 1950s with high-profile marriages to Mickey Rooney and Frank Sinatra (pictured with Ava, left) Gardner, pictured at her Knightsbridge flat in the same building was once quoted as saying 'I love the history and grandeur of my little London retreat, some say it is too big for me alone, but I love the space' Once described as 'the most irresistible woman in Hollywood', Ava Gardner became one of the pin-up girls in the 1950s. High-profile roles in in films such as the Hucksters (1947), Show Boat (1951) and The Night of the Iguana (1964) catapulted her into the limelight. But her off-screen life was often as dramatic as the roles she played, with marriages to Mickey Rooney, Artie Shaw and Frank Sinatra. She was said to have been the only woman who could ever tame the notorious playboy Sinatra. After they met he told Ava: ‘All my life, being a singer was the most important thing in the world. Now you’re all I want.’ The pair married in 1951 but it was tumultuous. Ava was a diva with a soul whose turbulence equalled his own. Both ­harboured profound feelings of ­worthlessness, which expressed ­themselves in volcanic furies. ‘We were high-strung people,’ she said. ‘Possessive, jealous and liable to explode fast. When I lose my temper, you can’t find it any place. He’s the same.’ Like him, she was infinitely restless and easily bored. In both, this tendency could lead to casual cruelty to others —and to each other. They quarrelled ­constantly. Friends whose house the lovers met in recalled how Ava would scream at Frank and he would slam the door and storm downstairs. Eventually the couple split in 1957. She later moved to London where she was to pass away on January 25, 1990, at age 67. She is listed 25th among the American Film Institute's Greatest Female Stars. The property offers triple aspect views with private gardens at the front and rear of the building, and access to the large private garden square on Ennismore Gardens. Mark Tunstall, Managing Director of Tunstall Property, said: 'This property is just steeped in history. It is in a quiet yet well-connected pocket of prime central London and with five bedrooms provides space for all the family. 'The location is hard to beat, with Hyde Park and Harrods on the doorstep, as well as the Royal Albert Hall and museums and bistros of South Kensington a short stroll away. This home meets every requirement, providing; space, amenities and location.' The flat is now available to rent through Tunstall Property at £10,500 a week - or £546,000 a year. The spacious home at 34 Ennismore Gardens is now available to rent through Tunstall Property at £10,500 a week - or £546,000 a year . It provides 3,054 sq. ft. of luxurious accommodation with two reception rooms, five bathrooms, a study and kitchen/breakfast room . The homes along Ennismore Gardens have a long history, built in 1870 as part of the redevelopment of Kingston House, a Palladian mansion dating back to the 18th Century, belonging to Elizabeth Chudleigh, Duchess of Kingston . The plushly decorated flat is in prime location, based within minutes of Hyde Park and Harrods as well as the Royal Albert Hall ."
crea_0000,creative,4,different_opening,"The Knightsbridge flat is located in the same building  where Hollywood star Ava Gardner spent her last years .
It is based in historic Ennismore Gardens which were built in 1870 as part of the redevelopment of Kingston House .
The spacious home which boasts five bedrooms has been put up for rent at £10,500 a week - or £546,000 a year .","Tucked away in historic Ennismore Gardens, a Knightsbridge flat has become available for rent, boasting a notable connection to Hollywood royalty. This residence shares the same building where the late Hollywood star Ava Gardner lived out her final years. The gardens themselves have a rich history, dating back to 1870 when they were constructed as part of the redevelopment of Kingston House. With its five spacious bedrooms, the luxurious home is now available to rent for £10,500 per week, or £546,000 annually.",0.931,"Write a detailed news story that expands on the following summary points, elaborating them into a complete article.

Summary:
Tucked away in historic Ennismore Gardens, a Knightsbridge flat has become available for rent, boasting a notable connection to Hollywood royalty. This residence shares the same building where the late Hollywood star Ava Gardner lived out her final years. The gardens themselves have a rich history, dating back to 1870 when they were constructed as part of the redevelopment of Kingston House. With its five spacious bedrooms, the luxurious home is now available to rent for £10,500 per week, or £546,000 annually.

Story:","The Knightsbridge flat is located in the same building  where Hollywood star Ava Gardner spent her last years .
It is based in historic Ennismore Gardens which were built in 1870 as part of the redevelopment of Kingston House .
The spacious home which boasts five bedrooms has been put up for rent at £10,500 a week - or £546,000 a year .","A luxury Knightsbridge flat which is brushed with a touch of Hollywood glamour has gone on the rental market - for more than half a million pounds per year. The spacious five bedroom home, based in the same building where 1950s pin-up and Hollywood icon Ava Gardner spent her final years, offers 3,054 sq. ft. of high-end accommodation with two reception rooms, five bathrooms, a study and kitchen/breakfast room. Entered through a long entrance hall, it has a grand double-sized reception room, private study and kitchen/dining room with a lift servicing each floor of the building. There are five bedrooms with a master bedroom suite with walk in wardrobes. Scroll down for video . This is the stunning living room of the Knightsbridge flat which is based in the same building as the former home of screen goddess Ava Gardner . The luxurious bedroom, decorated in purple and neutral colours, is one of five at the flat which also boasts a private study and kitchen/dining room with a lift servicing each floor of the building . The high-end flat which is brushed with a touch of Hollywood glamour features a bathroom with marble topped sinks and bath . The gleaming white modern kitchen at the property which is based in Ennismore Gardens, London where Gardner, who famously starred in The Killers, The Barefoot Contessa, 55 Days at Peking and The Night of the Iguana, lived until her death in 1990 . It is based in the high-end Ennismore Gardens, London where Gardner, who famously starred in The Killers, The Barefoot Contessa, 55 Days at Peking and The Night of the Iguana, lived from 1968 - after her three failed marriages, to Mickey Rooney, Artie Shaw and Frank Sinatra -  until her death in 1990. Homes along Ennismore Gardens have a long history, built in 1870 as part of the redevelopment of Kingston House, a Palladian mansion dating back to the 18th Century, belonging to Elizabeth Chudleigh, Duchess of Kingston. The mansion and its estate was later sold to William Hare, Baron of Ennismore, in 1837, but was sold off for development following his death, with the street and private gardens named to commemorate him. Once completed the five-storey homes along Ennismore Gardens, designed with Porticos and Corinthian Columns, commanded a premium of £17,000 per year. The pin-up girl of her era, Ava Gardner (right) was listed 25th among the American Film Institute's Greatest Female Stars in the 1950s with high-profile marriages to Mickey Rooney and Frank Sinatra (pictured with Ava, left) Gardner, pictured at her Knightsbridge flat in the same building was once quoted as saying 'I love the history and grandeur of my little London retreat, some say it is too big for me alone, but I love the space' Once described as 'the most irresistible woman in Hollywood', Ava Gardner became one of the pin-up girls in the 1950s. High-profile roles in in films such as the Hucksters (1947), Show Boat (1951) and The Night of the Iguana (1964) catapulted her into the limelight. But her off-screen life was often as dramatic as the roles she played, with marriages to Mickey Rooney, Artie Shaw and Frank Sinatra. She was said to have been the only woman who could ever tame the notorious playboy Sinatra. After they met he told Ava: ‘All my life, being a singer was the most important thing in the world. Now you’re all I want.’ The pair married in 1951 but it was tumultuous. Ava was a diva with a soul whose turbulence equalled his own. Both ­harboured profound feelings of ­worthlessness, which expressed ­themselves in volcanic furies. ‘We were high-strung people,’ she said. ‘Possessive, jealous and liable to explode fast. When I lose my temper, you can’t find it any place. He’s the same.’ Like him, she was infinitely restless and easily bored. In both, this tendency could lead to casual cruelty to others —and to each other. They quarrelled ­constantly. Friends whose house the lovers met in recalled how Ava would scream at Frank and he would slam the door and storm downstairs. Eventually the couple split in 1957. She later moved to London where she was to pass away on January 25, 1990, at age 67. She is listed 25th among the American Film Institute's Greatest Female Stars. The property offers triple aspect views with private gardens at the front and rear of the building, and access to the large private garden square on Ennismore Gardens. Mark Tunstall, Managing Director of Tunstall Property, said: 'This property is just steeped in history. It is in a quiet yet well-connected pocket of prime central London and with five bedrooms provides space for all the family. 'The location is hard to beat, with Hyde Park and Harrods on the doorstep, as well as the Royal Albert Hall and museums and bistros of South Kensington a short stroll away. This home meets every requirement, providing; space, amenities and location.' The flat is now available to rent through Tunstall Property at £10,500 a week - or £546,000 a year. The spacious home at 34 Ennismore Gardens is now available to rent through Tunstall Property at £10,500 a week - or £546,000 a year . It provides 3,054 sq. ft. of luxurious accommodation with two reception rooms, five bathrooms, a study and kitchen/breakfast room . The homes along Ennismore Gardens have a long history, built in 1870 as part of the redevelopment of Kingston House, a Palladian mansion dating back to the 18th Century, belonging to Elizabeth Chudleigh, Duchess of Kingston . The plushly decorated flat is in prime location, based within minutes of Hyde Park and Harrods as well as the Royal Albert Hall ."
crea_0000,creative,5,passive_voice,"The Knightsbridge flat is located in the same building  where Hollywood star Ava Gardner spent her last years .
It is based in historic Ennismore Gardens which were built in 1870 as part of the redevelopment of Kingston House .
The spacious home which boasts five bedrooms has been put up for rent at £10,500 a week - or £546,000 a year .","A flat in the same building where Hollywood star Ava Gardner spent her last years is located in Knightsbridge. Historic Ennismore Gardens, built in 1870 as part of the redevelopment of Kingston House, has been home to this location. A spacious home boasting five bedrooms has been put up for rent at £10,500 a week, or £546,000 a year.",0.9278,"Write a detailed news story that expands on the following summary points, elaborating them into a complete article.

Summary:
A flat in the same building where Hollywood star Ava Gardner spent her last years is located in Knightsbridge. Historic Ennismore Gardens, built in 1870 as part of the redevelopment of Kingston House, has been home to this location. A spacious home boasting five bedrooms has been put up for rent at £10,500 a week, or £546,000 a year.

Story:","The Knightsbridge flat is located in the same building  where Hollywood star Ava Gardner spent her last years .
It is based in historic Ennismore Gardens which were built in 1870 as part of the redevelopment of Kingston House .
The spacious home which boasts five bedrooms has been put up for rent at £10,500 a week - or £546,000 a year .","A luxury Knightsbridge flat which is brushed with a touch of Hollywood glamour has gone on the rental market - for more than half a million pounds per year. The spacious five bedroom home, based in the same building where 1950s pin-up and Hollywood icon Ava Gardner spent her final years, offers 3,054 sq. ft. of high-end accommodation with two reception rooms, five bathrooms, a study and kitchen/breakfast room. Entered through a long entrance hall, it has a grand double-sized reception room, private study and kitchen/dining room with a lift servicing each floor of the building. There are five bedrooms with a master bedroom suite with walk in wardrobes. Scroll down for video . This is the stunning living room of the Knightsbridge flat which is based in the same building as the former home of screen goddess Ava Gardner . The luxurious bedroom, decorated in purple and neutral colours, is one of five at the flat which also boasts a private study and kitchen/dining room with a lift servicing each floor of the building . The high-end flat which is brushed with a touch of Hollywood glamour features a bathroom with marble topped sinks and bath . The gleaming white modern kitchen at the property which is based in Ennismore Gardens, London where Gardner, who famously starred in The Killers, The Barefoot Contessa, 55 Days at Peking and The Night of the Iguana, lived until her death in 1990 . It is based in the high-end Ennismore Gardens, London where Gardner, who famously starred in The Killers, The Barefoot Contessa, 55 Days at Peking and The Night of the Iguana, lived from 1968 - after her three failed marriages, to Mickey Rooney, Artie Shaw and Frank Sinatra -  until her death in 1990. Homes along Ennismore Gardens have a long history, built in 1870 as part of the redevelopment of Kingston House, a Palladian mansion dating back to the 18th Century, belonging to Elizabeth Chudleigh, Duchess of Kingston. The mansion and its estate was later sold to William Hare, Baron of Ennismore, in 1837, but was sold off for development following his death, with the street and private gardens named to commemorate him. Once completed the five-storey homes along Ennismore Gardens, designed with Porticos and Corinthian Columns, commanded a premium of £17,000 per year. The pin-up girl of her era, Ava Gardner (right) was listed 25th among the American Film Institute's Greatest Female Stars in the 1950s with high-profile marriages to Mickey Rooney and Frank Sinatra (pictured with Ava, left) Gardner, pictured at her Knightsbridge flat in the same building was once quoted as saying 'I love the history and grandeur of my little London retreat, some say it is too big for me alone, but I love the space' Once described as 'the most irresistible woman in Hollywood', Ava Gardner became one of the pin-up girls in the 1950s. High-profile roles in in films such as the Hucksters (1947), Show Boat (1951) and The Night of the Iguana (1964) catapulted her into the limelight. But her off-screen life was often as dramatic as the roles she played, with marriages to Mickey Rooney, Artie Shaw and Frank Sinatra. She was said to have been the only woman who could ever tame the notorious playboy Sinatra. After they met he told Ava: ‘All my life, being a singer was the most important thing in the world. Now you’re all I want.’ The pair married in 1951 but it was tumultuous. Ava was a diva with a soul whose turbulence equalled his own. Both ­harboured profound feelings of ­worthlessness, which expressed ­themselves in volcanic furies. ‘We were high-strung people,’ she said. ‘Possessive, jealous and liable to explode fast. When I lose my temper, you can’t find it any place. He’s the same.’ Like him, she was infinitely restless and easily bored. In both, this tendency could lead to casual cruelty to others —and to each other. They quarrelled ­constantly. Friends whose house the lovers met in recalled how Ava would scream at Frank and he would slam the door and storm downstairs. Eventually the couple split in 1957. She later moved to London where she was to pass away on January 25, 1990, at age 67. She is listed 25th among the American Film Institute's Greatest Female Stars. The property offers triple aspect views with private gardens at the front and rear of the building, and access to the large private garden square on Ennismore Gardens. Mark Tunstall, Managing Director of Tunstall Property, said: 'This property is just steeped in history. It is in a quiet yet well-connected pocket of prime central London and with five bedrooms provides space for all the family. 'The location is hard to beat, with Hyde Park and Harrods on the doorstep, as well as the Royal Albert Hall and museums and bistros of South Kensington a short stroll away. This home meets every requirement, providing; space, amenities and location.' The flat is now available to rent through Tunstall Property at £10,500 a week - or £546,000 a year. The spacious home at 34 Ennismore Gardens is now available to rent through Tunstall Property at £10,500 a week - or £546,000 a year . It provides 3,054 sq. ft. of luxurious accommodation with two reception rooms, five bathrooms, a study and kitchen/breakfast room . The homes along Ennismore Gardens have a long history, built in 1870 as part of the redevelopment of Kingston House, a Palladian mansion dating back to the 18th Century, belonging to Elizabeth Chudleigh, Duchess of Kingston . The plushly decorated flat is in prime location, based within minutes of Hyde Park and Harrods as well as the Royal Albert Hall ."
crea_0000,creative,6,technical_vocab,"The Knightsbridge flat is located in the same building  where Hollywood star Ava Gardner spent her last years .
It is based in historic Ennismore Gardens which were built in 1870 as part of the redevelopment of Kingston House .
The spacious home which boasts five bedrooms has been put up for rent at £10,500 a week - or £546,000 a year .","The Knightsbridge residence is situated within the same edifice that was once the longtime abode of Hollywood luminary Ava Gardner during her later years. Located in the historic Ennismore Gardens, a district originally developed in 1870 as part of the Kingston House redevelopment initiative, this expansive dwelling features five bedrooms. It has been made available for rent at a weekly rate of £10,500, or an annual equivalent of £546,000.",0.9469,"Write a detailed news story that expands on the following summary points, elaborating them into a complete article.

Summary:
The Knightsbridge residence is situated within the same edifice that was once the longtime abode of Hollywood luminary Ava Gardner during her later years. Located in the historic Ennismore Gardens, a district originally developed in 1870 as part of the Kingston House redevelopment initiative, this expansive dwelling features five bedrooms. It has been made available for rent at a weekly rate of £10,500, or an annual equivalent of £546,000.

Story:","The Knightsbridge flat is located in the same building  where Hollywood star Ava Gardner spent her last years .
It is based in historic Ennismore Gardens which were built in 1870 as part of the redevelopment of Kingston House .
The spacious home which boasts five bedrooms has been put up for rent at £10,500 a week - or £546,000 a year .","A luxury Knightsbridge flat which is brushed with a touch of Hollywood glamour has gone on the rental market - for more than half a million pounds per year. The spacious five bedroom home, based in the same building where 1950s pin-up and Hollywood icon Ava Gardner spent her final years, offers 3,054 sq. ft. of high-end accommodation with two reception rooms, five bathrooms, a study and kitchen/breakfast room. Entered through a long entrance hall, it has a grand double-sized reception room, private study and kitchen/dining room with a lift servicing each floor of the building. There are five bedrooms with a master bedroom suite with walk in wardrobes. Scroll down for video . This is the stunning living room of the Knightsbridge flat which is based in the same building as the former home of screen goddess Ava Gardner . The luxurious bedroom, decorated in purple and neutral colours, is one of five at the flat which also boasts a private study and kitchen/dining room with a lift servicing each floor of the building . The high-end flat which is brushed with a touch of Hollywood glamour features a bathroom with marble topped sinks and bath . The gleaming white modern kitchen at the property which is based in Ennismore Gardens, London where Gardner, who famously starred in The Killers, The Barefoot Contessa, 55 Days at Peking and The Night of the Iguana, lived until her death in 1990 . It is based in the high-end Ennismore Gardens, London where Gardner, who famously starred in The Killers, The Barefoot Contessa, 55 Days at Peking and The Night of the Iguana, lived from 1968 - after her three failed marriages, to Mickey Rooney, Artie Shaw and Frank Sinatra -  until her death in 1990. Homes along Ennismore Gardens have a long history, built in 1870 as part of the redevelopment of Kingston House, a Palladian mansion dating back to the 18th Century, belonging to Elizabeth Chudleigh, Duchess of Kingston. The mansion and its estate was later sold to William Hare, Baron of Ennismore, in 1837, but was sold off for development following his death, with the street and private gardens named to commemorate him. Once completed the five-storey homes along Ennismore Gardens, designed with Porticos and Corinthian Columns, commanded a premium of £17,000 per year. The pin-up girl of her era, Ava Gardner (right) was listed 25th among the American Film Institute's Greatest Female Stars in the 1950s with high-profile marriages to Mickey Rooney and Frank Sinatra (pictured with Ava, left) Gardner, pictured at her Knightsbridge flat in the same building was once quoted as saying 'I love the history and grandeur of my little London retreat, some say it is too big for me alone, but I love the space' Once described as 'the most irresistible woman in Hollywood', Ava Gardner became one of the pin-up girls in the 1950s. High-profile roles in in films such as the Hucksters (1947), Show Boat (1951) and The Night of the Iguana (1964) catapulted her into the limelight. But her off-screen life was often as dramatic as the roles she played, with marriages to Mickey Rooney, Artie Shaw and Frank Sinatra. She was said to have been the only woman who could ever tame the notorious playboy Sinatra. After they met he told Ava: ‘All my life, being a singer was the most important thing in the world. Now you’re all I want.’ The pair married in 1951 but it was tumultuous. Ava was a diva with a soul whose turbulence equalled his own. Both ­harboured profound feelings of ­worthlessness, which expressed ­themselves in volcanic furies. ‘We were high-strung people,’ she said. ‘Possessive, jealous and liable to explode fast. When I lose my temper, you can’t find it any place. He’s the same.’ Like him, she was infinitely restless and easily bored. In both, this tendency could lead to casual cruelty to others —and to each other. They quarrelled ­constantly. Friends whose house the lovers met in recalled how Ava would scream at Frank and he would slam the door and storm downstairs. Eventually the couple split in 1957. She later moved to London where she was to pass away on January 25, 1990, at age 67. She is listed 25th among the American Film Institute's Greatest Female Stars. The property offers triple aspect views with private gardens at the front and rear of the building, and access to the large private garden square on Ennismore Gardens. Mark Tunstall, Managing Director of Tunstall Property, said: 'This property is just steeped in history. It is in a quiet yet well-connected pocket of prime central London and with five bedrooms provides space for all the family. 'The location is hard to beat, with Hyde Park and Harrods on the doorstep, as well as the Royal Albert Hall and museums and bistros of South Kensington a short stroll away. This home meets every requirement, providing; space, amenities and location.' The flat is now available to rent through Tunstall Property at £10,500 a week - or £546,000 a year. The spacious home at 34 Ennismore Gardens is now available to rent through Tunstall Property at £10,500 a week - or £546,000 a year . It provides 3,054 sq. ft. of luxurious accommodation with two reception rooms, five bathrooms, a study and kitchen/breakfast room . The homes along Ennismore Gardens have a long history, built in 1870 as part of the redevelopment of Kingston House, a Palladian mansion dating back to the 18th Century, belonging to Elizabeth Chudleigh, Duchess of Kingston . The plushly decorated flat is in prime location, based within minutes of Hyde Park and Harrods as well as the Royal Albert Hall ."
crea_0000,creative,7,split_sentences,"The Knightsbridge flat is located in the same building  where Hollywood star Ava Gardner spent her last years .
It is based in historic Ennismore Gardens which were built in 1870 as part of the redevelopment of Kingston House .
The spacious home which boasts five bedrooms has been put up for rent at £10,500 a week - or £546,000 a year .","The Knightsbridge flat is situated in the same building where Ava Gardner, a renowned Hollywood star, spent her final years. Ennismore Gardens, where the flat is located, is a historic site.",0.8813,"Write a detailed news story that expands on the following summary points, elaborating them into a complete article.

Summary:
The Knightsbridge flat is situated in the same building where Ava Gardner, a renowned Hollywood star, spent her final years. Ennismore Gardens, where the flat is located, is a historic site.

Story:","The Knightsbridge flat is located in the same building  where Hollywood star Ava Gardner spent her last years .
It is based in historic Ennismore Gardens which were built in 1870 as part of the redevelopment of Kingston House .
The spacious home which boasts five bedrooms has been put up for rent at £10,500 a week - or £546,000 a year .","A luxury Knightsbridge flat which is brushed with a touch of Hollywood glamour has gone on the rental market - for more than half a million pounds per year. The spacious five bedroom home, based in the same building where 1950s pin-up and Hollywood icon Ava Gardner spent her final years, offers 3,054 sq. ft. of high-end accommodation with two reception rooms, five bathrooms, a study and kitchen/breakfast room. Entered through a long entrance hall, it has a grand double-sized reception room, private study and kitchen/dining room with a lift servicing each floor of the building. There are five bedrooms with a master bedroom suite with walk in wardrobes. Scroll down for video . This is the stunning living room of the Knightsbridge flat which is based in the same building as the former home of screen goddess Ava Gardner . The luxurious bedroom, decorated in purple and neutral colours, is one of five at the flat which also boasts a private study and kitchen/dining room with a lift servicing each floor of the building . The high-end flat which is brushed with a touch of Hollywood glamour features a bathroom with marble topped sinks and bath . The gleaming white modern kitchen at the property which is based in Ennismore Gardens, London where Gardner, who famously starred in The Killers, The Barefoot Contessa, 55 Days at Peking and The Night of the Iguana, lived until her death in 1990 . It is based in the high-end Ennismore Gardens, London where Gardner, who famously starred in The Killers, The Barefoot Contessa, 55 Days at Peking and The Night of the Iguana, lived from 1968 - after her three failed marriages, to Mickey Rooney, Artie Shaw and Frank Sinatra -  until her death in 1990. Homes along Ennismore Gardens have a long history, built in 1870 as part of the redevelopment of Kingston House, a Palladian mansion dating back to the 18th Century, belonging to Elizabeth Chudleigh, Duchess of Kingston. The mansion and its estate was later sold to William Hare, Baron of Ennismore, in 1837, but was sold off for development following his death, with the street and private gardens named to commemorate him. Once completed the five-storey homes along Ennismore Gardens, designed with Porticos and Corinthian Columns, commanded a premium of £17,000 per year. The pin-up girl of her era, Ava Gardner (right) was listed 25th among the American Film Institute's Greatest Female Stars in the 1950s with high-profile marriages to Mickey Rooney and Frank Sinatra (pictured with Ava, left) Gardner, pictured at her Knightsbridge flat in the same building was once quoted as saying 'I love the history and grandeur of my little London retreat, some say it is too big for me alone, but I love the space' Once described as 'the most irresistible woman in Hollywood', Ava Gardner became one of the pin-up girls in the 1950s. High-profile roles in in films such as the Hucksters (1947), Show Boat (1951) and The Night of the Iguana (1964) catapulted her into the limelight. But her off-screen life was often as dramatic as the roles she played, with marriages to Mickey Rooney, Artie Shaw and Frank Sinatra. She was said to have been the only woman who could ever tame the notorious playboy Sinatra. After they met he told Ava: ‘All my life, being a singer was the most important thing in the world. Now you’re all I want.’ The pair married in 1951 but it was tumultuous. Ava was a diva with a soul whose turbulence equalled his own. Both ­harboured profound feelings of ­worthlessness, which expressed ­themselves in volcanic furies. ‘We were high-strung people,’ she said. ‘Possessive, jealous and liable to explode fast. When I lose my temper, you can’t find it any place. He’s the same.’ Like him, she was infinitely restless and easily bored. In both, this tendency could lead to casual cruelty to others —and to each other. They quarrelled ­constantly. Friends whose house the lovers met in recalled how Ava would scream at Frank and he would slam the door and storm downstairs. Eventually the couple split in 1957. She later moved to London where she was to pass away on January 25, 1990, at age 67. She is listed 25th among the American Film Institute's Greatest Female Stars. The property offers triple aspect views with private gardens at the front and rear of the building, and access to the large private garden square on Ennismore Gardens. Mark Tunstall, Managing Director of Tunstall Property, said: 'This property is just steeped in history. It is in a quiet yet well-connected pocket of prime central London and with five bedrooms provides space for all the family. 'The location is hard to beat, with Hyde Park and Harrods on the doorstep, as well as the Royal Albert Hall and museums and bistros of South Kensington a short stroll away. This home meets every requirement, providing; space, amenities and location.' The flat is now available to rent through Tunstall Property at £10,500 a week - or £546,000 a year. The spacious home at 34 Ennismore Gardens is now available to rent through Tunstall Property at £10,500 a week - or £546,000 a year . It provides 3,054 sq. ft. of luxurious accommodation with two reception rooms, five bathrooms, a study and kitchen/breakfast room . The homes along Ennismore Gardens have a long history, built in 1870 as part of the redevelopment of Kingston House, a Palladian mansion dating back to the 18th Century, belonging to Elizabeth Chudleigh, Duchess of Kingston . The plushly decorated flat is in prime location, based within minutes of Hyde Park and Harrods as well as the Royal Albert Hall ."
crea_0001,creative,0,formal_tone,"Angela Merkel and husband spotted while on Italian island holiday .
Chancellor has been staying in the same village and hotel for years .
The five-star spa hotel where she vacations cost up to £280 a night .
Mrs Merkel has been ejoying Pilates classes and 'healthy meals'","German Chancellor Angela Merkel was recently observed on a vacation in Italy, accompanied by her husband. It has been reported that the Chancellor has consistently chosen to reside in the same village and hotel for her holidays. The luxury spa hotel at which she is staying offers premium accommodations at a nightly rate of up to £280. During her stay, Mrs. Merkel has reportedly participated in Pilates classes and adhered to a health-conscious diet.",0.8591,"Write a detailed news story that expands on the following summary points, elaborating them into a complete article.

Summary:
German Chancellor Angela Merkel was recently observed on a vacation in Italy, accompanied by her husband. It has been reported that the Chancellor has consistently chosen to reside in the same village and hotel for her holidays. The luxury spa hotel at which she is staying offers premium accommodations at a nightly rate of up to £280. During her stay, Mrs. Merkel has reportedly participated in Pilates classes and adhered to a health-conscious diet.

Story:","Angela Merkel and husband spotted while on Italian island holiday .
Chancellor has been staying in the same village and hotel for years .
The five-star spa hotel where she vacations cost up to £280 a night .
Mrs Merkel has been ejoying Pilates classes and 'healthy meals'","German Chancellor Angela Merkel did not look too pleased about the weather during her annual Easter holiday in Italy. As Britain basks in sunshine and temperatures of up to 21C, Mrs Merkel and her husband, chemistry professor Joachim Sauer, had to settle for a measly 12 degrees. The Chancellor and her spouse have been spending Easter on the small island of Ischia, near Naples in the Mediterranean for over a decade. Not so sunny: Angela Merkel and her husband, chemistry professor Joachim Sauer, are spotted on their annual Easter trip to the island of island of Ischia, near Naples . The couple traditionally spend their holiday at the five-star Miramare Spa Hotel on the south of the island, which comes with its own private beach, and balconies overlooking the ocean. Guests are also given exclusive use of the Aphrodite Apollon Thermal Gardens spa centre which has 12 natural thermal pools, a naturally heated sauna and a gym. Prices start at £160 per night but can go up to £280 for some of the more expensive suites. Due to the lack of sunshine, Mrs Merkel has reportedly avoided the pool and lounges, and instead been enjoying Pilates classes. The couple traditionally spend their holiday at the five-star Miramare Spa Hotel on the south of the island . Healthy holiday: The German Chancellor has reportedly hired a private Pilates instructor and enjoying vegetarian meals at the five-star hotel where she stays . Luxury stay: Prices at the five-star Miramare Spa Hotel start at £160 per night but can go up to £280 for some of the more expensive suites . The German Chancellor has hired a personal Pilates trainer who will be working with her during the couple's holiday, Italian media reports. She is also said to have spent time in the spa's thermal baths and enjoyed healthy vegetarian dinners in the hotel restaurant, the newspaper said. Mrs Merkel's husband, a professor of theoretical chemistry, is rarely seen alongside her and has shunned the limelight throughout their marriage. Mr Sauer  never speaks to the media and famously skipped her inauguration in 2005, instead watching the event on TV at his Berlin university."
crea_0001,creative,1,casual_tone,"Angela Merkel and husband spotted while on Italian island holiday .
Chancellor has been staying in the same village and hotel for years .
The five-star spa hotel where she vacations cost up to £280 a night .
Mrs Merkel has been ejoying Pilates classes and 'healthy meals'","Angela Merkel has been caught on camera relaxing with her hubby on a break in Italy - a familiar haunt for the Chancellor, who's made a point to stay at the same village and hotel for years. This isn't your average getaway, though - her home away from home is a fancy five-star spa hotel that comes with a price tag of up to £280 per night. The former leader has been making the most of her downtime, squeezing in some Pilates sessions and fueling up on nutritious grub.",0.8932,"Write a detailed news story that expands on the following summary points, elaborating them into a complete article.

Summary:
Angela Merkel has been caught on camera relaxing with her hubby on a break in Italy - a familiar haunt for the Chancellor, who's made a point to stay at the same village and hotel for years. This isn't your average getaway, though - her home away from home is a fancy five-star spa hotel that comes with a price tag of up to £280 per night. The former leader has been making the most of her downtime, squeezing in some Pilates sessions and fueling up on nutritious grub.

Story:","Angela Merkel and husband spotted while on Italian island holiday .
Chancellor has been staying in the same village and hotel for years .
The five-star spa hotel where she vacations cost up to £280 a night .
Mrs Merkel has been ejoying Pilates classes and 'healthy meals'","German Chancellor Angela Merkel did not look too pleased about the weather during her annual Easter holiday in Italy. As Britain basks in sunshine and temperatures of up to 21C, Mrs Merkel and her husband, chemistry professor Joachim Sauer, had to settle for a measly 12 degrees. The Chancellor and her spouse have been spending Easter on the small island of Ischia, near Naples in the Mediterranean for over a decade. Not so sunny: Angela Merkel and her husband, chemistry professor Joachim Sauer, are spotted on their annual Easter trip to the island of island of Ischia, near Naples . The couple traditionally spend their holiday at the five-star Miramare Spa Hotel on the south of the island, which comes with its own private beach, and balconies overlooking the ocean. Guests are also given exclusive use of the Aphrodite Apollon Thermal Gardens spa centre which has 12 natural thermal pools, a naturally heated sauna and a gym. Prices start at £160 per night but can go up to £280 for some of the more expensive suites. Due to the lack of sunshine, Mrs Merkel has reportedly avoided the pool and lounges, and instead been enjoying Pilates classes. The couple traditionally spend their holiday at the five-star Miramare Spa Hotel on the south of the island . Healthy holiday: The German Chancellor has reportedly hired a private Pilates instructor and enjoying vegetarian meals at the five-star hotel where she stays . Luxury stay: Prices at the five-star Miramare Spa Hotel start at £160 per night but can go up to £280 for some of the more expensive suites . The German Chancellor has hired a personal Pilates trainer who will be working with her during the couple's holiday, Italian media reports. She is also said to have spent time in the spa's thermal baths and enjoyed healthy vegetarian dinners in the hotel restaurant, the newspaper said. Mrs Merkel's husband, a professor of theoretical chemistry, is rarely seen alongside her and has shunned the limelight throughout their marriage. Mr Sauer  never speaks to the media and famously skipped her inauguration in 2005, instead watching the event on TV at his Berlin university."
crea_0001,creative,2,reordered_clauses,"Angela Merkel and husband spotted while on Italian island holiday .
Chancellor has been staying in the same village and hotel for years .
The five-star spa hotel where she vacations cost up to £280 a night .
Mrs Merkel has been ejoying Pilates classes and 'healthy meals'","Angela Merkel has been spotted on an Italian island holiday with her husband, staying in a village and at a hotel that have been her preferred choices for years. The Chancellor has been enjoying her downtime at the five-star spa hotel, where a night's stay can cost up to £280, by taking Pilates classes and savoring 'healthy meals'.",0.9624,"Write a detailed news story that expands on the following summary points, elaborating them into a complete article.

Summary:
Angela Merkel has been spotted on an Italian island holiday with her husband, staying in a village and at a hotel that have been her preferred choices for years. The Chancellor has been enjoying her downtime at the five-star spa hotel, where a night's stay can cost up to £280, by taking Pilates classes and savoring 'healthy meals'.

Story:","Angela Merkel and husband spotted while on Italian island holiday .
Chancellor has been staying in the same village and hotel for years .
The five-star spa hotel where she vacations cost up to £280 a night .
Mrs Merkel has been ejoying Pilates classes and 'healthy meals'","German Chancellor Angela Merkel did not look too pleased about the weather during her annual Easter holiday in Italy. As Britain basks in sunshine and temperatures of up to 21C, Mrs Merkel and her husband, chemistry professor Joachim Sauer, had to settle for a measly 12 degrees. The Chancellor and her spouse have been spending Easter on the small island of Ischia, near Naples in the Mediterranean for over a decade. Not so sunny: Angela Merkel and her husband, chemistry professor Joachim Sauer, are spotted on their annual Easter trip to the island of island of Ischia, near Naples . The couple traditionally spend their holiday at the five-star Miramare Spa Hotel on the south of the island, which comes with its own private beach, and balconies overlooking the ocean. Guests are also given exclusive use of the Aphrodite Apollon Thermal Gardens spa centre which has 12 natural thermal pools, a naturally heated sauna and a gym. Prices start at £160 per night but can go up to £280 for some of the more expensive suites. Due to the lack of sunshine, Mrs Merkel has reportedly avoided the pool and lounges, and instead been enjoying Pilates classes. The couple traditionally spend their holiday at the five-star Miramare Spa Hotel on the south of the island . Healthy holiday: The German Chancellor has reportedly hired a private Pilates instructor and enjoying vegetarian meals at the five-star hotel where she stays . Luxury stay: Prices at the five-star Miramare Spa Hotel start at £160 per night but can go up to £280 for some of the more expensive suites . The German Chancellor has hired a personal Pilates trainer who will be working with her during the couple's holiday, Italian media reports. She is also said to have spent time in the spa's thermal baths and enjoyed healthy vegetarian dinners in the hotel restaurant, the newspaper said. Mrs Merkel's husband, a professor of theoretical chemistry, is rarely seen alongside her and has shunned the limelight throughout their marriage. Mr Sauer  never speaks to the media and famously skipped her inauguration in 2005, instead watching the event on TV at his Berlin university."
crea_0001,creative,3,synonyms,"Angela Merkel and husband spotted while on Italian island holiday .
Chancellor has been staying in the same village and hotel for years .
The five-star spa hotel where she vacations cost up to £280 a night .
Mrs Merkel has been ejoying Pilates classes and 'healthy meals'",Angela Merkel and spouse seen while on Italian island getaway. Head of government has been residing in the same hamlet and resort for years. The luxurious wellness resort where she unwinds costs up to £280 per night. Mrs Merkel has been taking part in Pilates sessions and 'nutritious meals,0.9482,"Write a detailed news story that expands on the following summary points, elaborating them into a complete article.

Summary:
Angela Merkel and spouse seen while on Italian island getaway. Head of government has been residing in the same hamlet and resort for years. The luxurious wellness resort where she unwinds costs up to £280 per night. Mrs Merkel has been taking part in Pilates sessions and 'nutritious meals

Story:","Angela Merkel and husband spotted while on Italian island holiday .
Chancellor has been staying in the same village and hotel for years .
The five-star spa hotel where she vacations cost up to £280 a night .
Mrs Merkel has been ejoying Pilates classes and 'healthy meals'","German Chancellor Angela Merkel did not look too pleased about the weather during her annual Easter holiday in Italy. As Britain basks in sunshine and temperatures of up to 21C, Mrs Merkel and her husband, chemistry professor Joachim Sauer, had to settle for a measly 12 degrees. The Chancellor and her spouse have been spending Easter on the small island of Ischia, near Naples in the Mediterranean for over a decade. Not so sunny: Angela Merkel and her husband, chemistry professor Joachim Sauer, are spotted on their annual Easter trip to the island of island of Ischia, near Naples . The couple traditionally spend their holiday at the five-star Miramare Spa Hotel on the south of the island, which comes with its own private beach, and balconies overlooking the ocean. Guests are also given exclusive use of the Aphrodite Apollon Thermal Gardens spa centre which has 12 natural thermal pools, a naturally heated sauna and a gym. Prices start at £160 per night but can go up to £280 for some of the more expensive suites. Due to the lack of sunshine, Mrs Merkel has reportedly avoided the pool and lounges, and instead been enjoying Pilates classes. The couple traditionally spend their holiday at the five-star Miramare Spa Hotel on the south of the island . Healthy holiday: The German Chancellor has reportedly hired a private Pilates instructor and enjoying vegetarian meals at the five-star hotel where she stays . Luxury stay: Prices at the five-star Miramare Spa Hotel start at £160 per night but can go up to £280 for some of the more expensive suites . The German Chancellor has hired a personal Pilates trainer who will be working with her during the couple's holiday, Italian media reports. She is also said to have spent time in the spa's thermal baths and enjoyed healthy vegetarian dinners in the hotel restaurant, the newspaper said. Mrs Merkel's husband, a professor of theoretical chemistry, is rarely seen alongside her and has shunned the limelight throughout their marriage. Mr Sauer  never speaks to the media and famously skipped her inauguration in 2005, instead watching the event on TV at his Berlin university."
crea_0001,creative,4,different_structure,"Angela Merkel and husband spotted while on Italian island holiday .
Chancellor has been staying in the same village and hotel for years .
The five-star spa hotel where she vacations cost up to £280 a night .
Mrs Merkel has been ejoying Pilates classes and 'healthy meals'","Angela Merkel has been unwinding on a scenic Italian island getaway, accompanied by her husband, at a familiar retreat she has visited for years. The Chancellor's preferred destination is a picturesque village, where she stays at a luxurious five-star spa hotel that commands a nightly rate of up to £280. During her stay, she has been indulging in rejuvenating activities, including Pilates classes and a regimen of healthy meals.",0.8597,"Write a detailed news story that expands on the following summary points, elaborating them into a complete article.

Summary:
Angela Merkel has been unwinding on a scenic Italian island getaway, accompanied by her husband, at a familiar retreat she has visited for years. The Chancellor's preferred destination is a picturesque village, where she stays at a luxurious five-star spa hotel that commands a nightly rate of up to £280. During her stay, she has been indulging in rejuvenating activities, including Pilates classes and a regimen of healthy meals.

Story:","Angela Merkel and husband spotted while on Italian island holiday .
Chancellor has been staying in the same village and hotel for years .
The five-star spa hotel where she vacations cost up to £280 a night .
Mrs Merkel has been ejoying Pilates classes and 'healthy meals'","German Chancellor Angela Merkel did not look too pleased about the weather during her annual Easter holiday in Italy. As Britain basks in sunshine and temperatures of up to 21C, Mrs Merkel and her husband, chemistry professor Joachim Sauer, had to settle for a measly 12 degrees. The Chancellor and her spouse have been spending Easter on the small island of Ischia, near Naples in the Mediterranean for over a decade. Not so sunny: Angela Merkel and her husband, chemistry professor Joachim Sauer, are spotted on their annual Easter trip to the island of island of Ischia, near Naples . The couple traditionally spend their holiday at the five-star Miramare Spa Hotel on the south of the island, which comes with its own private beach, and balconies overlooking the ocean. Guests are also given exclusive use of the Aphrodite Apollon Thermal Gardens spa centre which has 12 natural thermal pools, a naturally heated sauna and a gym. Prices start at £160 per night but can go up to £280 for some of the more expensive suites. Due to the lack of sunshine, Mrs Merkel has reportedly avoided the pool and lounges, and instead been enjoying Pilates classes. The couple traditionally spend their holiday at the five-star Miramare Spa Hotel on the south of the island . Healthy holiday: The German Chancellor has reportedly hired a private Pilates instructor and enjoying vegetarian meals at the five-star hotel where she stays . Luxury stay: Prices at the five-star Miramare Spa Hotel start at £160 per night but can go up to £280 for some of the more expensive suites . The German Chancellor has hired a personal Pilates trainer who will be working with her during the couple's holiday, Italian media reports. She is also said to have spent time in the spa's thermal baths and enjoyed healthy vegetarian dinners in the hotel restaurant, the newspaper said. Mrs Merkel's husband, a professor of theoretical chemistry, is rarely seen alongside her and has shunned the limelight throughout their marriage. Mr Sauer  never speaks to the media and famously skipped her inauguration in 2005, instead watching the event on TV at his Berlin university."
crea_0001,creative,5,different_opening,"Angela Merkel and husband spotted while on Italian island holiday .
Chancellor has been staying in the same village and hotel for years .
The five-star spa hotel where she vacations cost up to £280 a night .
Mrs Merkel has been ejoying Pilates classes and 'healthy meals'","A chance sighting has revealed German Chancellor Angela Merkel's low-key Italian island getaway, a tradition she has maintained for years by staying in the same village and hotel. Her accommodation of choice is a luxury five-star spa hotel with nightly rates reaching as high as £280. During her stay, Merkel has been taking part in Pilates classes and indulging in nutritious meals.",0.857,"Write a detailed news story that expands on the following summary points, elaborating them into a complete article.

Summary:
A chance sighting has revealed German Chancellor Angela Merkel's low-key Italian island getaway, a tradition she has maintained for years by staying in the same village and hotel. Her accommodation of choice is a luxury five-star spa hotel with nightly rates reaching as high as £280. During her stay, Merkel has been taking part in Pilates classes and indulging in nutritious meals.

Story:","Angela Merkel and husband spotted while on Italian island holiday .
Chancellor has been staying in the same village and hotel for years .
The five-star spa hotel where she vacations cost up to £280 a night .
Mrs Merkel has been ejoying Pilates classes and 'healthy meals'","German Chancellor Angela Merkel did not look too pleased about the weather during her annual Easter holiday in Italy. As Britain basks in sunshine and temperatures of up to 21C, Mrs Merkel and her husband, chemistry professor Joachim Sauer, had to settle for a measly 12 degrees. The Chancellor and her spouse have been spending Easter on the small island of Ischia, near Naples in the Mediterranean for over a decade. Not so sunny: Angela Merkel and her husband, chemistry professor Joachim Sauer, are spotted on their annual Easter trip to the island of island of Ischia, near Naples . The couple traditionally spend their holiday at the five-star Miramare Spa Hotel on the south of the island, which comes with its own private beach, and balconies overlooking the ocean. Guests are also given exclusive use of the Aphrodite Apollon Thermal Gardens spa centre which has 12 natural thermal pools, a naturally heated sauna and a gym. Prices start at £160 per night but can go up to £280 for some of the more expensive suites. Due to the lack of sunshine, Mrs Merkel has reportedly avoided the pool and lounges, and instead been enjoying Pilates classes. The couple traditionally spend their holiday at the five-star Miramare Spa Hotel on the south of the island . Healthy holiday: The German Chancellor has reportedly hired a private Pilates instructor and enjoying vegetarian meals at the five-star hotel where she stays . Luxury stay: Prices at the five-star Miramare Spa Hotel start at £160 per night but can go up to £280 for some of the more expensive suites . The German Chancellor has hired a personal Pilates trainer who will be working with her during the couple's holiday, Italian media reports. She is also said to have spent time in the spa's thermal baths and enjoyed healthy vegetarian dinners in the hotel restaurant, the newspaper said. Mrs Merkel's husband, a professor of theoretical chemistry, is rarely seen alongside her and has shunned the limelight throughout their marriage. Mr Sauer  never speaks to the media and famously skipped her inauguration in 2005, instead watching the event on TV at his Berlin university."
crea_0001,creative,6,passive_voice,"Angela Merkel and husband spotted while on Italian island holiday .
Chancellor has been staying in the same village and hotel for years .
The five-star spa hotel where she vacations cost up to £280 a night .
Mrs Merkel has been ejoying Pilates classes and 'healthy meals'",Angela Merkel and her husband have been spotted while on holiday on an Italian island. A stay in the same village and hotel has been a yearly occurrence for the Chancellor. A nightly rate of up to £280 is charged at the five-star spa hotel where vacations are taken by her. Pilates classes and 'healthy meals' have been enjoyed by Mrs Merkel.,0.9738,"Write a detailed news story that expands on the following summary points, elaborating them into a complete article.

Summary:
Angela Merkel and her husband have been spotted while on holiday on an Italian island. A stay in the same village and hotel has been a yearly occurrence for the Chancellor. A nightly rate of up to £280 is charged at the five-star spa hotel where vacations are taken by her. Pilates classes and 'healthy meals' have been enjoyed by Mrs Merkel.

Story:","Angela Merkel and husband spotted while on Italian island holiday .
Chancellor has been staying in the same village and hotel for years .
The five-star spa hotel where she vacations cost up to £280 a night .
Mrs Merkel has been ejoying Pilates classes and 'healthy meals'","German Chancellor Angela Merkel did not look too pleased about the weather during her annual Easter holiday in Italy. As Britain basks in sunshine and temperatures of up to 21C, Mrs Merkel and her husband, chemistry professor Joachim Sauer, had to settle for a measly 12 degrees. The Chancellor and her spouse have been spending Easter on the small island of Ischia, near Naples in the Mediterranean for over a decade. Not so sunny: Angela Merkel and her husband, chemistry professor Joachim Sauer, are spotted on their annual Easter trip to the island of island of Ischia, near Naples . The couple traditionally spend their holiday at the five-star Miramare Spa Hotel on the south of the island, which comes with its own private beach, and balconies overlooking the ocean. Guests are also given exclusive use of the Aphrodite Apollon Thermal Gardens spa centre which has 12 natural thermal pools, a naturally heated sauna and a gym. Prices start at £160 per night but can go up to £280 for some of the more expensive suites. Due to the lack of sunshine, Mrs Merkel has reportedly avoided the pool and lounges, and instead been enjoying Pilates classes. The couple traditionally spend their holiday at the five-star Miramare Spa Hotel on the south of the island . Healthy holiday: The German Chancellor has reportedly hired a private Pilates instructor and enjoying vegetarian meals at the five-star hotel where she stays . Luxury stay: Prices at the five-star Miramare Spa Hotel start at £160 per night but can go up to £280 for some of the more expensive suites . The German Chancellor has hired a personal Pilates trainer who will be working with her during the couple's holiday, Italian media reports. She is also said to have spent time in the spa's thermal baths and enjoyed healthy vegetarian dinners in the hotel restaurant, the newspaper said. Mrs Merkel's husband, a professor of theoretical chemistry, is rarely seen alongside her and has shunned the limelight throughout their marriage. Mr Sauer  never speaks to the media and famously skipped her inauguration in 2005, instead watching the event on TV at his Berlin university."
crea_0001,creative,7,technical_vocab,"Angela Merkel and husband spotted while on Italian island holiday .
Chancellor has been staying in the same village and hotel for years .
The five-star spa hotel where she vacations cost up to £280 a night .
Mrs Merkel has been ejoying Pilates classes and 'healthy meals'","Angela Merkel and her spouse were recently observed while on a leisure trip to an Italian island, a destination to which the Chancellor has repeatedly returned, favouring the same village and hospitality establishment over the years. The luxurious hotel, where she has been a regular guest, commands a nightly rate of up to £280. During her sojourn, Mrs Merkel has been participating in Pilates sessions and adhering to a nutritious diet.",0.8266,"Write a detailed news story that expands on the following summary points, elaborating them into a complete article.

Summary:
Angela Merkel and her spouse were recently observed while on a leisure trip to an Italian island, a destination to which the Chancellor has repeatedly returned, favouring the same village and hospitality establishment over the years. The luxurious hotel, where she has been a regular guest, commands a nightly rate of up to £280. During her sojourn, Mrs Merkel has been participating in Pilates sessions and adhering to a nutritious diet.

Story:","Angela Merkel and husband spotted while on Italian island holiday .
Chancellor has been staying in the same village and hotel for years .
The five-star spa hotel where she vacations cost up to £280 a night .
Mrs Merkel has been ejoying Pilates classes and 'healthy meals'","German Chancellor Angela Merkel did not look too pleased about the weather during her annual Easter holiday in Italy. As Britain basks in sunshine and temperatures of up to 21C, Mrs Merkel and her husband, chemistry professor Joachim Sauer, had to settle for a measly 12 degrees. The Chancellor and her spouse have been spending Easter on the small island of Ischia, near Naples in the Mediterranean for over a decade. Not so sunny: Angela Merkel and her husband, chemistry professor Joachim Sauer, are spotted on their annual Easter trip to the island of island of Ischia, near Naples . The couple traditionally spend their holiday at the five-star Miramare Spa Hotel on the south of the island, which comes with its own private beach, and balconies overlooking the ocean. Guests are also given exclusive use of the Aphrodite Apollon Thermal Gardens spa centre which has 12 natural thermal pools, a naturally heated sauna and a gym. Prices start at £160 per night but can go up to £280 for some of the more expensive suites. Due to the lack of sunshine, Mrs Merkel has reportedly avoided the pool and lounges, and instead been enjoying Pilates classes. The couple traditionally spend their holiday at the five-star Miramare Spa Hotel on the south of the island . Healthy holiday: The German Chancellor has reportedly hired a private Pilates instructor and enjoying vegetarian meals at the five-star hotel where she stays . Luxury stay: Prices at the five-star Miramare Spa Hotel start at £160 per night but can go up to £280 for some of the more expensive suites . The German Chancellor has hired a personal Pilates trainer who will be working with her during the couple's holiday, Italian media reports. She is also said to have spent time in the spa's thermal baths and enjoyed healthy vegetarian dinners in the hotel restaurant, the newspaper said. Mrs Merkel's husband, a professor of theoretical chemistry, is rarely seen alongside her and has shunned the limelight throughout their marriage. Mr Sauer  never speaks to the media and famously skipped her inauguration in 2005, instead watching the event on TV at his Berlin university."
crea_0002,creative,0,formal_tone,"Andrew has made his first official visit since sex claims were thrown out .
The Duke visited the AkzoNobel paint factory in Slough, Berkshire .
Appeared visibly relieved and was on noticeably cheerful form .
Claims were thrown out by judge Kenneth Marra last Wednesday .
Virginia Roberts claimed she had been forced to have sex with the Duke .
Andrew has always vehemently denied the allegations are true .","The Duke of York has undertaken his inaugural official engagement following the dismissal of allegations of a sexual nature. Andrew visited the AkzoNobel paint facility situated in Slough, Berkshire. He appeared to be visibly relieved and displayed a notably cheerful demeanor. The claims in question were dismissed by Judge Kenneth Marra last Wednesday. Virginia Roberts had previously alleged that she was coerced into engaging in a sexual encounter with the Duke. Throughout the proceedings, Andrew consistently maintained that the allegations were unfounded.",0.8409,"Write a detailed news story that expands on the following summary points, elaborating them into a complete article.

Summary:
The Duke of York has undertaken his inaugural official engagement following the dismissal of allegations of a sexual nature. Andrew visited the AkzoNobel paint facility situated in Slough, Berkshire. He appeared to be visibly relieved and displayed a notably cheerful demeanor. The claims in question were dismissed by Judge Kenneth Marra last Wednesday. Virginia Roberts had previously alleged that she was coerced into engaging in a sexual encounter with the Duke. Throughout the proceedings, Andrew consistently maintained that the allegations were unfounded.

Story:","Andrew has made his first official visit since sex claims were thrown out .
The Duke visited the AkzoNobel paint factory in Slough, Berkshire .
Appeared visibly relieved and was on noticeably cheerful form .
Claims were thrown out by judge Kenneth Marra last Wednesday .
Virginia Roberts claimed she had been forced to have sex with the Duke .
Andrew has always vehemently denied the allegations are true .","The Duke of York has made his first public appearance since lurid sex claims made about him were struck off the public record by a Florida judge. A visibly relieved Andrew was visiting the offices of AkzoNobel, a paint firm based in Slough, and smiled broadly as he chatted to employees. The 55-year-old, who was at the factory as part of his work with the Outward Bound Trust, has always denied that he had any sort of relationship with Virginia Roberts. Relieved: The Duke of York made his first public appearance since sex claims against him were thrown out . Today, it was business as usual for the royal, who arrived in a chauffeur-driven racing green Bentley and was shown products from AkzoNobel's best-known range, Dulux Paints. The Duke also spent 40 minutes in a private meeting with Matt Pullen, the company's UK managing director, and other senior staff members. The trip to Slough comes less than five days after claims that Andrew had sex with an under-age teenager were removed from civil court records following a federal judge’s ruling. The allegations were made by Miss Roberts, now 31, who had claimed she was the sex slave of disgraced financier Jeffrey Epstein - a former friend of Andrew's. Prince Andrew has always vehemently denied the claims - as has Buckingham Palace which took the unprecedented step of issuing a denial shortly after the allegations came to light. Smiling: A visibly relieved Andrew could barely keep the smile off his face during the visit to Slough . Denied: The Duke has always denied the lurid accusations made by Virginia Roberts, now 31 . Speaking after his meeting with the Duke, Mr Pullen brushed off suggestions that his company might by tarnished by association with Andrew and instead emphasised the 'fantastic relationship' between the two. 'To be honest this is a long-standing engagement and he’s the patron of the Outward Bound Trust, who we have a fantastic relationship with,' said Mr Pullen, adding: 'It's great to have him here.' The allegations were part of submissions made by lawyers acting for Miss Roberts, who wanted to join an existing civil lawsuit. It was launched by two women, also alleged Epstein victims, against US federal prosecutors’ handling of the financier’s conviction for a sex offence. He was sentenced to 18 months in 2008 for soliciting a minor for prostitution but lawyers for the women claim a secret plea deal he struck with prosecutors, granting him and any potential co-conspirators immunity from further prosecution, violated their clients’ rights. Listening in: Prince Andrew used the visit to meet senior staff at paint firm AkzoNobel . Shown around: Andrew was shown many of the firm's products, including their Dulux paint range . Speaking out: Andrew used the occasion to make a speech about the Outward Bound Trust . US District Judge Kenneth Marra refused Ms Roberts permission to join the lawsuit, and said in his written judgement that the sex abuse details had no bearing on the lawsuit’s goal of reopening the Epstein non-prosecution agreement. During the visit to Slough, the Duke was told about the research project AkzoNobel staff are conducting in a bit to find effective ways of using colour to enhance the learning environment for children in schools. Along with Dulux, the firm produces paint under the Cuprinol and Hammerite brands, as well as performance coatings for F1 McLaren cars and supertankers. It has also long been involved with the Outward Bound Trust, on whose board the Duke of York sits, and has raised more than £1m for the charity. The charity aims to boost the life skills and confidence of young people via outdoor activities. In a speech to AkzoNobel staff, Andrew highlighted the importance of the trust’s work: 'We need to encourage young people today, to understand there is a need for leadership and there is a need for teamwork and that’s different to management,' he said. 'This is about actually encouraging young people to recognise they have more in them then they ever realised before.' Sorry we are not currently accepting comments on this article."
crea_0002,creative,1,casual_tone,"Andrew has made his first official visit since sex claims were thrown out .
The Duke visited the AkzoNobel paint factory in Slough, Berkshire .
Appeared visibly relieved and was on noticeably cheerful form .
Claims were thrown out by judge Kenneth Marra last Wednesday .
Virginia Roberts claimed she had been forced to have sex with the Duke .
Andrew has always vehemently denied the allegations are true .","Prince Andrew recently made his first public appearance since a judge dismissed those sex abuse allegations against him. He swung by the AkzoNobel paint factory in Slough, Berkshire, and he seemed pretty relieved and upbeat. This visit came after judge Kenneth Marra tossed out the claims last Wednesday. You might recall Virginia Roberts had accused the Duke of being involved in her alleged forced sex case. However, Andrew has consistently maintained that the allegations are completely baseless.",0.8343,"Write a detailed news story that expands on the following summary points, elaborating them into a complete article.

Summary:
Prince Andrew recently made his first public appearance since a judge dismissed those sex abuse allegations against him. He swung by the AkzoNobel paint factory in Slough, Berkshire, and he seemed pretty relieved and upbeat. This visit came after judge Kenneth Marra tossed out the claims last Wednesday. You might recall Virginia Roberts had accused the Duke of being involved in her alleged forced sex case. However, Andrew has consistently maintained that the allegations are completely baseless.

Story:","Andrew has made his first official visit since sex claims were thrown out .
The Duke visited the AkzoNobel paint factory in Slough, Berkshire .
Appeared visibly relieved and was on noticeably cheerful form .
Claims were thrown out by judge Kenneth Marra last Wednesday .
Virginia Roberts claimed she had been forced to have sex with the Duke .
Andrew has always vehemently denied the allegations are true .","The Duke of York has made his first public appearance since lurid sex claims made about him were struck off the public record by a Florida judge. A visibly relieved Andrew was visiting the offices of AkzoNobel, a paint firm based in Slough, and smiled broadly as he chatted to employees. The 55-year-old, who was at the factory as part of his work with the Outward Bound Trust, has always denied that he had any sort of relationship with Virginia Roberts. Relieved: The Duke of York made his first public appearance since sex claims against him were thrown out . Today, it was business as usual for the royal, who arrived in a chauffeur-driven racing green Bentley and was shown products from AkzoNobel's best-known range, Dulux Paints. The Duke also spent 40 minutes in a private meeting with Matt Pullen, the company's UK managing director, and other senior staff members. The trip to Slough comes less than five days after claims that Andrew had sex with an under-age teenager were removed from civil court records following a federal judge’s ruling. The allegations were made by Miss Roberts, now 31, who had claimed she was the sex slave of disgraced financier Jeffrey Epstein - a former friend of Andrew's. Prince Andrew has always vehemently denied the claims - as has Buckingham Palace which took the unprecedented step of issuing a denial shortly after the allegations came to light. Smiling: A visibly relieved Andrew could barely keep the smile off his face during the visit to Slough . Denied: The Duke has always denied the lurid accusations made by Virginia Roberts, now 31 . Speaking after his meeting with the Duke, Mr Pullen brushed off suggestions that his company might by tarnished by association with Andrew and instead emphasised the 'fantastic relationship' between the two. 'To be honest this is a long-standing engagement and he’s the patron of the Outward Bound Trust, who we have a fantastic relationship with,' said Mr Pullen, adding: 'It's great to have him here.' The allegations were part of submissions made by lawyers acting for Miss Roberts, who wanted to join an existing civil lawsuit. It was launched by two women, also alleged Epstein victims, against US federal prosecutors’ handling of the financier’s conviction for a sex offence. He was sentenced to 18 months in 2008 for soliciting a minor for prostitution but lawyers for the women claim a secret plea deal he struck with prosecutors, granting him and any potential co-conspirators immunity from further prosecution, violated their clients’ rights. Listening in: Prince Andrew used the visit to meet senior staff at paint firm AkzoNobel . Shown around: Andrew was shown many of the firm's products, including their Dulux paint range . Speaking out: Andrew used the occasion to make a speech about the Outward Bound Trust . US District Judge Kenneth Marra refused Ms Roberts permission to join the lawsuit, and said in his written judgement that the sex abuse details had no bearing on the lawsuit’s goal of reopening the Epstein non-prosecution agreement. During the visit to Slough, the Duke was told about the research project AkzoNobel staff are conducting in a bit to find effective ways of using colour to enhance the learning environment for children in schools. Along with Dulux, the firm produces paint under the Cuprinol and Hammerite brands, as well as performance coatings for F1 McLaren cars and supertankers. It has also long been involved with the Outward Bound Trust, on whose board the Duke of York sits, and has raised more than £1m for the charity. The charity aims to boost the life skills and confidence of young people via outdoor activities. In a speech to AkzoNobel staff, Andrew highlighted the importance of the trust’s work: 'We need to encourage young people today, to understand there is a need for leadership and there is a need for teamwork and that’s different to management,' he said. 'This is about actually encouraging young people to recognise they have more in them then they ever realised before.' Sorry we are not currently accepting comments on this article."
crea_0002,creative,2,synonyms,"Andrew has made his first official visit since sex claims were thrown out .
The Duke visited the AkzoNobel paint factory in Slough, Berkshire .
Appeared visibly relieved and was on noticeably cheerful form .
Claims were thrown out by judge Kenneth Marra last Wednesday .
Virginia Roberts claimed she had been forced to have sex with the Duke .
Andrew has always vehemently denied the allegations are true .","Andrew has undertaken his inaugural public engagement since sex allegations were dismissed. The Duke toured the AkzoNobel paint facility in Slough, Berkshire. He seemed palpably relieved and displayed a distinctly upbeat demeanor. The allegations were dismissed by Judge Kenneth Marra the previous Wednesday. Virginia Roberts alleged she was coerced into intimate relations with the Duke. Andrew has consistently and strongly refuted the claims as being false.",0.915,"Write a detailed news story that expands on the following summary points, elaborating them into a complete article.

Summary:
Andrew has undertaken his inaugural public engagement since sex allegations were dismissed. The Duke toured the AkzoNobel paint facility in Slough, Berkshire. He seemed palpably relieved and displayed a distinctly upbeat demeanor. The allegations were dismissed by Judge Kenneth Marra the previous Wednesday. Virginia Roberts alleged she was coerced into intimate relations with the Duke. Andrew has consistently and strongly refuted the claims as being false.

Story:","Andrew has made his first official visit since sex claims were thrown out .
The Duke visited the AkzoNobel paint factory in Slough, Berkshire .
Appeared visibly relieved and was on noticeably cheerful form .
Claims were thrown out by judge Kenneth Marra last Wednesday .
Virginia Roberts claimed she had been forced to have sex with the Duke .
Andrew has always vehemently denied the allegations are true .","The Duke of York has made his first public appearance since lurid sex claims made about him were struck off the public record by a Florida judge. A visibly relieved Andrew was visiting the offices of AkzoNobel, a paint firm based in Slough, and smiled broadly as he chatted to employees. The 55-year-old, who was at the factory as part of his work with the Outward Bound Trust, has always denied that he had any sort of relationship with Virginia Roberts. Relieved: The Duke of York made his first public appearance since sex claims against him were thrown out . Today, it was business as usual for the royal, who arrived in a chauffeur-driven racing green Bentley and was shown products from AkzoNobel's best-known range, Dulux Paints. The Duke also spent 40 minutes in a private meeting with Matt Pullen, the company's UK managing director, and other senior staff members. The trip to Slough comes less than five days after claims that Andrew had sex with an under-age teenager were removed from civil court records following a federal judge’s ruling. The allegations were made by Miss Roberts, now 31, who had claimed she was the sex slave of disgraced financier Jeffrey Epstein - a former friend of Andrew's. Prince Andrew has always vehemently denied the claims - as has Buckingham Palace which took the unprecedented step of issuing a denial shortly after the allegations came to light. Smiling: A visibly relieved Andrew could barely keep the smile off his face during the visit to Slough . Denied: The Duke has always denied the lurid accusations made by Virginia Roberts, now 31 . Speaking after his meeting with the Duke, Mr Pullen brushed off suggestions that his company might by tarnished by association with Andrew and instead emphasised the 'fantastic relationship' between the two. 'To be honest this is a long-standing engagement and he’s the patron of the Outward Bound Trust, who we have a fantastic relationship with,' said Mr Pullen, adding: 'It's great to have him here.' The allegations were part of submissions made by lawyers acting for Miss Roberts, who wanted to join an existing civil lawsuit. It was launched by two women, also alleged Epstein victims, against US federal prosecutors’ handling of the financier’s conviction for a sex offence. He was sentenced to 18 months in 2008 for soliciting a minor for prostitution but lawyers for the women claim a secret plea deal he struck with prosecutors, granting him and any potential co-conspirators immunity from further prosecution, violated their clients’ rights. Listening in: Prince Andrew used the visit to meet senior staff at paint firm AkzoNobel . Shown around: Andrew was shown many of the firm's products, including their Dulux paint range . Speaking out: Andrew used the occasion to make a speech about the Outward Bound Trust . US District Judge Kenneth Marra refused Ms Roberts permission to join the lawsuit, and said in his written judgement that the sex abuse details had no bearing on the lawsuit’s goal of reopening the Epstein non-prosecution agreement. During the visit to Slough, the Duke was told about the research project AkzoNobel staff are conducting in a bit to find effective ways of using colour to enhance the learning environment for children in schools. Along with Dulux, the firm produces paint under the Cuprinol and Hammerite brands, as well as performance coatings for F1 McLaren cars and supertankers. It has also long been involved with the Outward Bound Trust, on whose board the Duke of York sits, and has raised more than £1m for the charity. The charity aims to boost the life skills and confidence of young people via outdoor activities. In a speech to AkzoNobel staff, Andrew highlighted the importance of the trust’s work: 'We need to encourage young people today, to understand there is a need for leadership and there is a need for teamwork and that’s different to management,' he said. 'This is about actually encouraging young people to recognise they have more in them then they ever realised before.' Sorry we are not currently accepting comments on this article."
crea_0002,creative,3,different_structure,"Andrew has made his first official visit since sex claims were thrown out .
The Duke visited the AkzoNobel paint factory in Slough, Berkshire .
Appeared visibly relieved and was on noticeably cheerful form .
Claims were thrown out by judge Kenneth Marra last Wednesday .
Virginia Roberts claimed she had been forced to have sex with the Duke .
Andrew has always vehemently denied the allegations are true .","Visibly relieved and in high spirits, Andrew made his first public appearance since a judge dismissed the sex allegations against him, visiting the AkzoNobel paint factory in Slough, Berkshire. The visit came after Judge Kenneth Marra threw out the claims last Wednesday, which centered on allegations by Virginia Roberts that she was forced into a sexual encounter with the Duke. Andrew has consistently maintained his innocence, strongly denying the allegations.",0.9326,"Write a detailed news story that expands on the following summary points, elaborating them into a complete article.

Summary:
Visibly relieved and in high spirits, Andrew made his first public appearance since a judge dismissed the sex allegations against him, visiting the AkzoNobel paint factory in Slough, Berkshire. The visit came after Judge Kenneth Marra threw out the claims last Wednesday, which centered on allegations by Virginia Roberts that she was forced into a sexual encounter with the Duke. Andrew has consistently maintained his innocence, strongly denying the allegations.

Story:","Andrew has made his first official visit since sex claims were thrown out .
The Duke visited the AkzoNobel paint factory in Slough, Berkshire .
Appeared visibly relieved and was on noticeably cheerful form .
Claims were thrown out by judge Kenneth Marra last Wednesday .
Virginia Roberts claimed she had been forced to have sex with the Duke .
Andrew has always vehemently denied the allegations are true .","The Duke of York has made his first public appearance since lurid sex claims made about him were struck off the public record by a Florida judge. A visibly relieved Andrew was visiting the offices of AkzoNobel, a paint firm based in Slough, and smiled broadly as he chatted to employees. The 55-year-old, who was at the factory as part of his work with the Outward Bound Trust, has always denied that he had any sort of relationship with Virginia Roberts. Relieved: The Duke of York made his first public appearance since sex claims against him were thrown out . Today, it was business as usual for the royal, who arrived in a chauffeur-driven racing green Bentley and was shown products from AkzoNobel's best-known range, Dulux Paints. The Duke also spent 40 minutes in a private meeting with Matt Pullen, the company's UK managing director, and other senior staff members. The trip to Slough comes less than five days after claims that Andrew had sex with an under-age teenager were removed from civil court records following a federal judge’s ruling. The allegations were made by Miss Roberts, now 31, who had claimed she was the sex slave of disgraced financier Jeffrey Epstein - a former friend of Andrew's. Prince Andrew has always vehemently denied the claims - as has Buckingham Palace which took the unprecedented step of issuing a denial shortly after the allegations came to light. Smiling: A visibly relieved Andrew could barely keep the smile off his face during the visit to Slough . Denied: The Duke has always denied the lurid accusations made by Virginia Roberts, now 31 . Speaking after his meeting with the Duke, Mr Pullen brushed off suggestions that his company might by tarnished by association with Andrew and instead emphasised the 'fantastic relationship' between the two. 'To be honest this is a long-standing engagement and he’s the patron of the Outward Bound Trust, who we have a fantastic relationship with,' said Mr Pullen, adding: 'It's great to have him here.' The allegations were part of submissions made by lawyers acting for Miss Roberts, who wanted to join an existing civil lawsuit. It was launched by two women, also alleged Epstein victims, against US federal prosecutors’ handling of the financier’s conviction for a sex offence. He was sentenced to 18 months in 2008 for soliciting a minor for prostitution but lawyers for the women claim a secret plea deal he struck with prosecutors, granting him and any potential co-conspirators immunity from further prosecution, violated their clients’ rights. Listening in: Prince Andrew used the visit to meet senior staff at paint firm AkzoNobel . Shown around: Andrew was shown many of the firm's products, including their Dulux paint range . Speaking out: Andrew used the occasion to make a speech about the Outward Bound Trust . US District Judge Kenneth Marra refused Ms Roberts permission to join the lawsuit, and said in his written judgement that the sex abuse details had no bearing on the lawsuit’s goal of reopening the Epstein non-prosecution agreement. During the visit to Slough, the Duke was told about the research project AkzoNobel staff are conducting in a bit to find effective ways of using colour to enhance the learning environment for children in schools. Along with Dulux, the firm produces paint under the Cuprinol and Hammerite brands, as well as performance coatings for F1 McLaren cars and supertankers. It has also long been involved with the Outward Bound Trust, on whose board the Duke of York sits, and has raised more than £1m for the charity. The charity aims to boost the life skills and confidence of young people via outdoor activities. In a speech to AkzoNobel staff, Andrew highlighted the importance of the trust’s work: 'We need to encourage young people today, to understand there is a need for leadership and there is a need for teamwork and that’s different to management,' he said. 'This is about actually encouraging young people to recognise they have more in them then they ever realised before.' Sorry we are not currently accepting comments on this article."
crea_0002,creative,4,passive_voice,"Andrew has made his first official visit since sex claims were thrown out .
The Duke visited the AkzoNobel paint factory in Slough, Berkshire .
Appeared visibly relieved and was on noticeably cheerful form .
Claims were thrown out by judge Kenneth Marra last Wednesday .
Virginia Roberts claimed she had been forced to have sex with the Duke .
Andrew has always vehemently denied the allegations are true .","A first official visit has been made by Andrew since the sex claims were dismissed. The AkzoNobel paint factory in Slough, Berkshire, was visited by the Duke. A visibly relieved demeanor was displayed, and a noticeably cheerful form was maintained. The claims had been dismissed by Judge Kenneth Marra last Wednesday. It was claimed by Virginia Roberts that she had been forced to have sex with the Duke. The allegations have always been vehemently denied by Andrew as being true.",0.9618,"Write a detailed news story that expands on the following summary points, elaborating them into a complete article.

Summary:
A first official visit has been made by Andrew since the sex claims were dismissed. The AkzoNobel paint factory in Slough, Berkshire, was visited by the Duke. A visibly relieved demeanor was displayed, and a noticeably cheerful form was maintained. The claims had been dismissed by Judge Kenneth Marra last Wednesday. It was claimed by Virginia Roberts that she had been forced to have sex with the Duke. The allegations have always been vehemently denied by Andrew as being true.

Story:","Andrew has made his first official visit since sex claims were thrown out .
The Duke visited the AkzoNobel paint factory in Slough, Berkshire .
Appeared visibly relieved and was on noticeably cheerful form .
Claims were thrown out by judge Kenneth Marra last Wednesday .
Virginia Roberts claimed she had been forced to have sex with the Duke .
Andrew has always vehemently denied the allegations are true .","The Duke of York has made his first public appearance since lurid sex claims made about him were struck off the public record by a Florida judge. A visibly relieved Andrew was visiting the offices of AkzoNobel, a paint firm based in Slough, and smiled broadly as he chatted to employees. The 55-year-old, who was at the factory as part of his work with the Outward Bound Trust, has always denied that he had any sort of relationship with Virginia Roberts. Relieved: The Duke of York made his first public appearance since sex claims against him were thrown out . Today, it was business as usual for the royal, who arrived in a chauffeur-driven racing green Bentley and was shown products from AkzoNobel's best-known range, Dulux Paints. The Duke also spent 40 minutes in a private meeting with Matt Pullen, the company's UK managing director, and other senior staff members. The trip to Slough comes less than five days after claims that Andrew had sex with an under-age teenager were removed from civil court records following a federal judge’s ruling. The allegations were made by Miss Roberts, now 31, who had claimed she was the sex slave of disgraced financier Jeffrey Epstein - a former friend of Andrew's. Prince Andrew has always vehemently denied the claims - as has Buckingham Palace which took the unprecedented step of issuing a denial shortly after the allegations came to light. Smiling: A visibly relieved Andrew could barely keep the smile off his face during the visit to Slough . Denied: The Duke has always denied the lurid accusations made by Virginia Roberts, now 31 . Speaking after his meeting with the Duke, Mr Pullen brushed off suggestions that his company might by tarnished by association with Andrew and instead emphasised the 'fantastic relationship' between the two. 'To be honest this is a long-standing engagement and he’s the patron of the Outward Bound Trust, who we have a fantastic relationship with,' said Mr Pullen, adding: 'It's great to have him here.' The allegations were part of submissions made by lawyers acting for Miss Roberts, who wanted to join an existing civil lawsuit. It was launched by two women, also alleged Epstein victims, against US federal prosecutors’ handling of the financier’s conviction for a sex offence. He was sentenced to 18 months in 2008 for soliciting a minor for prostitution but lawyers for the women claim a secret plea deal he struck with prosecutors, granting him and any potential co-conspirators immunity from further prosecution, violated their clients’ rights. Listening in: Prince Andrew used the visit to meet senior staff at paint firm AkzoNobel . Shown around: Andrew was shown many of the firm's products, including their Dulux paint range . Speaking out: Andrew used the occasion to make a speech about the Outward Bound Trust . US District Judge Kenneth Marra refused Ms Roberts permission to join the lawsuit, and said in his written judgement that the sex abuse details had no bearing on the lawsuit’s goal of reopening the Epstein non-prosecution agreement. During the visit to Slough, the Duke was told about the research project AkzoNobel staff are conducting in a bit to find effective ways of using colour to enhance the learning environment for children in schools. Along with Dulux, the firm produces paint under the Cuprinol and Hammerite brands, as well as performance coatings for F1 McLaren cars and supertankers. It has also long been involved with the Outward Bound Trust, on whose board the Duke of York sits, and has raised more than £1m for the charity. The charity aims to boost the life skills and confidence of young people via outdoor activities. In a speech to AkzoNobel staff, Andrew highlighted the importance of the trust’s work: 'We need to encourage young people today, to understand there is a need for leadership and there is a need for teamwork and that’s different to management,' he said. 'This is about actually encouraging young people to recognise they have more in them then they ever realised before.' Sorry we are not currently accepting comments on this article."
crea_0002,creative,5,elaborated,"Andrew has made his first official visit since sex claims were thrown out .
The Duke visited the AkzoNobel paint factory in Slough, Berkshire .
Appeared visibly relieved and was on noticeably cheerful form .
Claims were thrown out by judge Kenneth Marra last Wednesday .
Virginia Roberts claimed she had been forced to have sex with the Duke .
Andrew has always vehemently denied the allegations are true .","Andrew has embarked on his inaugural public visit since a United States judge formally dismissed the sex allegations leveled against him. The Duke paid a visit to the AkzoNobel paint factory in Slough, Berkshire, marking a return to public life. Observers noted that he appeared visibly relieved and was in a noticeably upbeat and cheerful mood during the engagement. The allegations, which were made by Virginia Roberts and claimed that she was coerced into having sex with the Duke, were officially dismissed by US District Judge Kenneth Marra just last Wednesday. Notably, Andrew has consistently maintained a firm denial of the allegations, refuting their validity from the outset.",0.936,"Write a detailed news story that expands on the following summary points, elaborating them into a complete article.

Summary:
Andrew has embarked on his inaugural public visit since a United States judge formally dismissed the sex allegations leveled against him. The Duke paid a visit to the AkzoNobel paint factory in Slough, Berkshire, marking a return to public life. Observers noted that he appeared visibly relieved and was in a noticeably upbeat and cheerful mood during the engagement. The allegations, which were made by Virginia Roberts and claimed that she was coerced into having sex with the Duke, were officially dismissed by US District Judge Kenneth Marra just last Wednesday. Notably, Andrew has consistently maintained a firm denial of the allegations, refuting their validity from the outset.

Story:","Andrew has made his first official visit since sex claims were thrown out .
The Duke visited the AkzoNobel paint factory in Slough, Berkshire .
Appeared visibly relieved and was on noticeably cheerful form .
Claims were thrown out by judge Kenneth Marra last Wednesday .
Virginia Roberts claimed she had been forced to have sex with the Duke .
Andrew has always vehemently denied the allegations are true .","The Duke of York has made his first public appearance since lurid sex claims made about him were struck off the public record by a Florida judge. A visibly relieved Andrew was visiting the offices of AkzoNobel, a paint firm based in Slough, and smiled broadly as he chatted to employees. The 55-year-old, who was at the factory as part of his work with the Outward Bound Trust, has always denied that he had any sort of relationship with Virginia Roberts. Relieved: The Duke of York made his first public appearance since sex claims against him were thrown out . Today, it was business as usual for the royal, who arrived in a chauffeur-driven racing green Bentley and was shown products from AkzoNobel's best-known range, Dulux Paints. The Duke also spent 40 minutes in a private meeting with Matt Pullen, the company's UK managing director, and other senior staff members. The trip to Slough comes less than five days after claims that Andrew had sex with an under-age teenager were removed from civil court records following a federal judge’s ruling. The allegations were made by Miss Roberts, now 31, who had claimed she was the sex slave of disgraced financier Jeffrey Epstein - a former friend of Andrew's. Prince Andrew has always vehemently denied the claims - as has Buckingham Palace which took the unprecedented step of issuing a denial shortly after the allegations came to light. Smiling: A visibly relieved Andrew could barely keep the smile off his face during the visit to Slough . Denied: The Duke has always denied the lurid accusations made by Virginia Roberts, now 31 . Speaking after his meeting with the Duke, Mr Pullen brushed off suggestions that his company might by tarnished by association with Andrew and instead emphasised the 'fantastic relationship' between the two. 'To be honest this is a long-standing engagement and he’s the patron of the Outward Bound Trust, who we have a fantastic relationship with,' said Mr Pullen, adding: 'It's great to have him here.' The allegations were part of submissions made by lawyers acting for Miss Roberts, who wanted to join an existing civil lawsuit. It was launched by two women, also alleged Epstein victims, against US federal prosecutors’ handling of the financier’s conviction for a sex offence. He was sentenced to 18 months in 2008 for soliciting a minor for prostitution but lawyers for the women claim a secret plea deal he struck with prosecutors, granting him and any potential co-conspirators immunity from further prosecution, violated their clients’ rights. Listening in: Prince Andrew used the visit to meet senior staff at paint firm AkzoNobel . Shown around: Andrew was shown many of the firm's products, including their Dulux paint range . Speaking out: Andrew used the occasion to make a speech about the Outward Bound Trust . US District Judge Kenneth Marra refused Ms Roberts permission to join the lawsuit, and said in his written judgement that the sex abuse details had no bearing on the lawsuit’s goal of reopening the Epstein non-prosecution agreement. During the visit to Slough, the Duke was told about the research project AkzoNobel staff are conducting in a bit to find effective ways of using colour to enhance the learning environment for children in schools. Along with Dulux, the firm produces paint under the Cuprinol and Hammerite brands, as well as performance coatings for F1 McLaren cars and supertankers. It has also long been involved with the Outward Bound Trust, on whose board the Duke of York sits, and has raised more than £1m for the charity. The charity aims to boost the life skills and confidence of young people via outdoor activities. In a speech to AkzoNobel staff, Andrew highlighted the importance of the trust’s work: 'We need to encourage young people today, to understand there is a need for leadership and there is a need for teamwork and that’s different to management,' he said. 'This is about actually encouraging young people to recognise they have more in them then they ever realised before.' Sorry we are not currently accepting comments on this article."
crea_0002,creative,6,technical_vocab,"Andrew has made his first official visit since sex claims were thrown out .
The Duke visited the AkzoNobel paint factory in Slough, Berkshire .
Appeared visibly relieved and was on noticeably cheerful form .
Claims were thrown out by judge Kenneth Marra last Wednesday .
Virginia Roberts claimed she had been forced to have sex with the Duke .
Andrew has always vehemently denied the allegations are true .","Andrew has undertaken his inaugural official engagement subsequent to the dismissal of the allegations of a sexual nature. The Duke paid a visit to the AkzoNobel paint manufacturing facility located in Slough, Berkshire. He appeared overtly alleviated and was in a distinctly affable disposition. The allegations were formally dismissed by Judge Kenneth Marra the previous Wednesday. Virginia Roberts alleged that she had been coerced into engaging in sexual relations with the Duke. Andrew has consistently and emphatically denied the veracity of the allegations.",0.9199,"Write a detailed news story that expands on the following summary points, elaborating them into a complete article.

Summary:
Andrew has undertaken his inaugural official engagement subsequent to the dismissal of the allegations of a sexual nature. The Duke paid a visit to the AkzoNobel paint manufacturing facility located in Slough, Berkshire. He appeared overtly alleviated and was in a distinctly affable disposition. The allegations were formally dismissed by Judge Kenneth Marra the previous Wednesday. Virginia Roberts alleged that she had been coerced into engaging in sexual relations with the Duke. Andrew has consistently and emphatically denied the veracity of the allegations.

Story:","Andrew has made his first official visit since sex claims were thrown out .
The Duke visited the AkzoNobel paint factory in Slough, Berkshire .
Appeared visibly relieved and was on noticeably cheerful form .
Claims were thrown out by judge Kenneth Marra last Wednesday .
Virginia Roberts claimed she had been forced to have sex with the Duke .
Andrew has always vehemently denied the allegations are true .","The Duke of York has made his first public appearance since lurid sex claims made about him were struck off the public record by a Florida judge. A visibly relieved Andrew was visiting the offices of AkzoNobel, a paint firm based in Slough, and smiled broadly as he chatted to employees. The 55-year-old, who was at the factory as part of his work with the Outward Bound Trust, has always denied that he had any sort of relationship with Virginia Roberts. Relieved: The Duke of York made his first public appearance since sex claims against him were thrown out . Today, it was business as usual for the royal, who arrived in a chauffeur-driven racing green Bentley and was shown products from AkzoNobel's best-known range, Dulux Paints. The Duke also spent 40 minutes in a private meeting with Matt Pullen, the company's UK managing director, and other senior staff members. The trip to Slough comes less than five days after claims that Andrew had sex with an under-age teenager were removed from civil court records following a federal judge’s ruling. The allegations were made by Miss Roberts, now 31, who had claimed she was the sex slave of disgraced financier Jeffrey Epstein - a former friend of Andrew's. Prince Andrew has always vehemently denied the claims - as has Buckingham Palace which took the unprecedented step of issuing a denial shortly after the allegations came to light. Smiling: A visibly relieved Andrew could barely keep the smile off his face during the visit to Slough . Denied: The Duke has always denied the lurid accusations made by Virginia Roberts, now 31 . Speaking after his meeting with the Duke, Mr Pullen brushed off suggestions that his company might by tarnished by association with Andrew and instead emphasised the 'fantastic relationship' between the two. 'To be honest this is a long-standing engagement and he’s the patron of the Outward Bound Trust, who we have a fantastic relationship with,' said Mr Pullen, adding: 'It's great to have him here.' The allegations were part of submissions made by lawyers acting for Miss Roberts, who wanted to join an existing civil lawsuit. It was launched by two women, also alleged Epstein victims, against US federal prosecutors’ handling of the financier’s conviction for a sex offence. He was sentenced to 18 months in 2008 for soliciting a minor for prostitution but lawyers for the women claim a secret plea deal he struck with prosecutors, granting him and any potential co-conspirators immunity from further prosecution, violated their clients’ rights. Listening in: Prince Andrew used the visit to meet senior staff at paint firm AkzoNobel . Shown around: Andrew was shown many of the firm's products, including their Dulux paint range . Speaking out: Andrew used the occasion to make a speech about the Outward Bound Trust . US District Judge Kenneth Marra refused Ms Roberts permission to join the lawsuit, and said in his written judgement that the sex abuse details had no bearing on the lawsuit’s goal of reopening the Epstein non-prosecution agreement. During the visit to Slough, the Duke was told about the research project AkzoNobel staff are conducting in a bit to find effective ways of using colour to enhance the learning environment for children in schools. Along with Dulux, the firm produces paint under the Cuprinol and Hammerite brands, as well as performance coatings for F1 McLaren cars and supertankers. It has also long been involved with the Outward Bound Trust, on whose board the Duke of York sits, and has raised more than £1m for the charity. The charity aims to boost the life skills and confidence of young people via outdoor activities. In a speech to AkzoNobel staff, Andrew highlighted the importance of the trust’s work: 'We need to encourage young people today, to understand there is a need for leadership and there is a need for teamwork and that’s different to management,' he said. 'This is about actually encouraging young people to recognise they have more in them then they ever realised before.' Sorry we are not currently accepting comments on this article."
crea_0003,creative,0,formal_tone,"Protesters mounted Admiralty Arch, which joins Trafalgar Square with Mall .
The gatehouse, built as a memorial to Queen Victoria, was sold in 2012 .
It is now set to be turned into a luxury hotel after by Spanish developer .
Anti fascist group 'Autonomous Nation of Anarchist Libertarians'","Demonstrators converged upon Admiralty Arch, a structure that connects Trafalgar Square to The Mall. Originally constructed as a monument in memory of Queen Victoria, the gatehouse was sold in 2012. It is now slated for redevelopment into a luxury hotel by a Spanish developer, prompting action from the anti-fascist organization, the Autonomous Nation of Anarchist Libertarians.",0.9629,"Write a detailed news story that expands on the following summary points, elaborating them into a complete article.

Summary:
Demonstrators converged upon Admiralty Arch, a structure that connects Trafalgar Square to The Mall. Originally constructed as a monument in memory of Queen Victoria, the gatehouse was sold in 2012. It is now slated for redevelopment into a luxury hotel by a Spanish developer, prompting action from the anti-fascist organization, the Autonomous Nation of Anarchist Libertarians.

Story:","Protesters mounted Admiralty Arch, which joins Trafalgar Square with Mall .
The gatehouse, built as a memorial to Queen Victoria, was sold in 2012 .
It is now set to be turned into a luxury hotel after by Spanish developer .
Anti fascist group 'Autonomous Nation of Anarchist Libertarians'","Self-styled 'anarchist libertarian' squatters have set up camp in one of London's most historic monuments and unfurled banners reading  'Homes for all'. The protesters mounted Admiralty Arch, which joins Trafalgar Square with the Mall, and called for others to join them. It is not clear what their protest is attempting to highlight, as a garbled message posted on Facebook by the group simply calls for 'Christmas lights... any and all radical/revolutionary messages'. But banners bearing messages such as 'better squat than let homes rot' and 'respect existence or expect resistance' were seen hanging from the Grade-I listed building, as the masked demonstrators sat with their legs dangling over the side. Scroll down for video . Self-styled 'anarchist libertarian' squatters have set up camp in one of London's most historic monuments and unfurled banners reading 'Homes for all' One of the banners read, 'Respect existence or expect resistance' and another, 'better to squat than let homes rot' The protesters mounted the arch which joins Trafalgar Square with the Mall, and called for others to join them . It is not clear what their protest is attempting to highlight, as a garbled message posted on Facebook by the group simply calls for 'Christmas lights... any and all radical/revolutionary messages' The gatehouse, built as a memorial to Queen Victoria, was sold in 2012 after a Spanish hotel developer paid £60 million to buy it from the government. The five protesters from anti fascist group 'Autonomous Nation of Anarchist Libertarians (ANAL)' called for support in a message on their Facebook page as police converged on the area. They posted: 'Urgent shoutout for banners, Christmas lights and anything else we can use to make the most of this massive canvas we have. Any and all radical/revolutionary messages welcome, but a preference for antifa (sic) in anticipation of the pegeda event on the 4th of this month. Much love.' One onlooker, who asked not to be named, said: 'I've seen a couple of guys on different parts of the roof throughout this morning. 'All they were doing was shouting power to the people. I have no idea how they got in there because I'm pretty sure it's offices.' A man was walking across the roof of the arch this afternoon wearing a black sleeveless hoodie with the hood pulled up and a black scarf across his face. They added five photographs of themselves up on the building. They are believed to be the same group who took over the former offices of the Institute of Directors on Pall Mall in central London last month. The building, not far from Buckingham Palace, was targeted because it was originally opened by Tony Blair, the groups said at the time. The squatters later bragged that it 'wasn't difficult' to get into the historic landmark which is a five minutes walk from Buckingham Palace. The group said they got into the building overnight by climbing through an unlocked window. Proclaiming that what they were doing was 'more punk rock than the Sex Pistols,' one of the men, who only gave his name as 'Fox' said the group decided to take Admiralty Arch because it was a 'significant' building a stone's throw away from the Palace. 'Fox', who claimed to be one of the founders of the Autonomous Nation, said: ' We decided to take it because it is a significant building - you can see Buckingham Palace - there is a significant flow of traffic and we wanted to highlight the fact there are some corrupt individuals affecting this country and they need to get dragged out. Banners bearing housing messages were seen hanging from the Grade-I listed building as the masked demonstrators sat with their legs dangling over the side . 'Also, we wanted to highlight the fact that there are so many people that are homeless. 'We got in overnight through a window that was unlocked and just climbed in through that, there's about 15 of us here. 'The ironic thing is that we had been evicted from the building in Pall Mall and all we were doing was walking around here when a security guard said 'you can't come in here, you can't take this' - which said to us it must be empty and that's when we decided we could take it. 'We are trying our hardest to keep it clean and tidy, but when your squatting in central London the chaos does take its toll. 'We want to stay here as long as we can.' Fox admitted he was one of the hooded figures seen standing on the roof of the arch today and said he was shouting 'power to the people.' He also said that some of his colleagues were shouting 'ACAB' which stands for 'All Cops are B*****ds.' He added: 'That is not something I join in with [shouting about police] because I find a lot of police officers can be quite reasonable.' A 'Notice to Vacate' has been posted up the entrances to the landmark, however Fox warned that if the group are evicted 'There may be some individuals that do resistance. ' Another squatter, who asked not to be named, said: 'We decided to take it because it is two fingers up to the Royal Family. 'We are anarchists, we are not left wing or right wing, we are anarchists - look up the dictionary definition of the word. 'The Sex Pistols need to start doing a new album because what we are doing is more punk rock than the Sex Pistols.' Asked how long he wanted to squat in the landmark he replied 'indefinitely.' It is not the first time protesters have 'taken over' Admiralty Arch. In 2006, 14 Greenpeace protesters spent a day on the arch demonstrating over claims the government is using illegally logged wood. The gatehouse, built as a memorial to Queen Victoria, was sold in 2012 after a Spanish hotel developer paid £60 million to buy it from the government . The five protesters from anti fascist group 'Autonomous Nation of Anarchist Libertarians (ANAL)' called for support in a message on their Facebook page as police converged on the area . They added five photographs of themselves up on the building. It is not the first time protesters have 'taken over' the memorial . They unfurled banners accusing the government of 'trashing rainforests' during Cabinet Office renovations . A Metropolitan Police spokeswoman said: 'At approximately 10.22 this morning we were made aware of five protesters on the roof of Admiralty Arch opposite Trafalgar Square. 'They remain on the roof. Officers are in attendance.' Facebook user Love Activists posted: 'Love activists, SHA and the Autonomous Nation Of Anarchist Libertarians have occupied the old cabinet office opposite trafalgar square, on the road which leads directly towards the palace. We call out for all hands to assist us.' Another user Natasha Quarmby added: 'The Guinness Trust AST tenants are in court today, trying to save their homes, they are on their own, and not getting the support that perhaps other Social Housing campaigns are getting, like the Aylesbury Estate or Sweets Way.... I urge you to visit to visit their page and show some support, they would really appreciate it. 'What about these guys too, No Russel Brand on hand here.... Show them some support x (sic)' Tenants face losing their homes for a new housing development on the Guinness Estate in Loughborough Park, Brixton, and have been staging protests. Housing trust the Guinness Partnership is planning to redevelop the estate and create 525 new homes on the site. Tenants on shorthold tenancy contracts have been told they have until April to find new housing. Many of the tenants have been living in the building for over 10 years and claim they will have to find somewhere to live outside London as they can no longer afford to pay Brixton rent prices. Admiralty Arch was commissioned by King Edward VII as a memorial to his mother, Queen Victoria, and was designed by the architect Sir Aston Webb. Completed in 1912, it spans the entrance to Trafalgar Square from The Mall and was traditionally used as the residence of the First Sea Lord and the heads of the Royal Navy. Admiralty Arch was commissioned by King Edward VII as a memorial to his mother, Queen Victoria, and was designed by the architect Sir Aston Webb. It is pictured during the Royal Wedding of Princess Elizabeth (Queen Elizabeth II) and Prince Philip (Duke of Edinburgh) at Westminster Abbey in November 1947 . Neighbouring Admiralty House has provided grace-and-favour apartments for politicians including former defence secretary Liam Fox and former deputy prime minister John Prescott. The 147,300sq ft arch is spread across a basement, lower ground and ground floor, and five upper floors. The Government sold the long-term lease on the building in 2013. It is retaining the freehold, so will still have the final say after a Spanish hotel developer paid £60 million to buy it. Nights in the historic landmark, which joins Trafalgar Square with the Mall, won't come cheaply though; new owner Rafael Serrano is also the man behind the Bulgari Hotel in Knightsbridge, where rooms cost from £850 a night."
crea_0003,creative,1,casual_tone,"Protesters mounted Admiralty Arch, which joins Trafalgar Square with Mall .
The gatehouse, built as a memorial to Queen Victoria, was sold in 2012 .
It is now set to be turned into a luxury hotel after by Spanish developer .
Anti fascist group 'Autonomous Nation of Anarchist Libertarians'","You won't believe what just went down in London - a group of protesters actually climbed Admiralty Arch, that iconic gateway connecting Trafalgar Square and the Mall. This historic gatehouse was originally built as a tribute to Queen Victoria, but it was sold off back in 2012. Now, it's slated to become a swanky hotel, courtesy of a Spanish developer. The protest was led by the Autonomous Nation of Anarchist Libertarians, a group that's all about fighting fascism.",0.8636,"Write a detailed news story that expands on the following summary points, elaborating them into a complete article.

Summary:
You won't believe what just went down in London - a group of protesters actually climbed Admiralty Arch, that iconic gateway connecting Trafalgar Square and the Mall. This historic gatehouse was originally built as a tribute to Queen Victoria, but it was sold off back in 2012. Now, it's slated to become a swanky hotel, courtesy of a Spanish developer. The protest was led by the Autonomous Nation of Anarchist Libertarians, a group that's all about fighting fascism.

Story:","Protesters mounted Admiralty Arch, which joins Trafalgar Square with Mall .
The gatehouse, built as a memorial to Queen Victoria, was sold in 2012 .
It is now set to be turned into a luxury hotel after by Spanish developer .
Anti fascist group 'Autonomous Nation of Anarchist Libertarians'","Self-styled 'anarchist libertarian' squatters have set up camp in one of London's most historic monuments and unfurled banners reading  'Homes for all'. The protesters mounted Admiralty Arch, which joins Trafalgar Square with the Mall, and called for others to join them. It is not clear what their protest is attempting to highlight, as a garbled message posted on Facebook by the group simply calls for 'Christmas lights... any and all radical/revolutionary messages'. But banners bearing messages such as 'better squat than let homes rot' and 'respect existence or expect resistance' were seen hanging from the Grade-I listed building, as the masked demonstrators sat with their legs dangling over the side. Scroll down for video . Self-styled 'anarchist libertarian' squatters have set up camp in one of London's most historic monuments and unfurled banners reading 'Homes for all' One of the banners read, 'Respect existence or expect resistance' and another, 'better to squat than let homes rot' The protesters mounted the arch which joins Trafalgar Square with the Mall, and called for others to join them . It is not clear what their protest is attempting to highlight, as a garbled message posted on Facebook by the group simply calls for 'Christmas lights... any and all radical/revolutionary messages' The gatehouse, built as a memorial to Queen Victoria, was sold in 2012 after a Spanish hotel developer paid £60 million to buy it from the government. The five protesters from anti fascist group 'Autonomous Nation of Anarchist Libertarians (ANAL)' called for support in a message on their Facebook page as police converged on the area. They posted: 'Urgent shoutout for banners, Christmas lights and anything else we can use to make the most of this massive canvas we have. Any and all radical/revolutionary messages welcome, but a preference for antifa (sic) in anticipation of the pegeda event on the 4th of this month. Much love.' One onlooker, who asked not to be named, said: 'I've seen a couple of guys on different parts of the roof throughout this morning. 'All they were doing was shouting power to the people. I have no idea how they got in there because I'm pretty sure it's offices.' A man was walking across the roof of the arch this afternoon wearing a black sleeveless hoodie with the hood pulled up and a black scarf across his face. They added five photographs of themselves up on the building. They are believed to be the same group who took over the former offices of the Institute of Directors on Pall Mall in central London last month. The building, not far from Buckingham Palace, was targeted because it was originally opened by Tony Blair, the groups said at the time. The squatters later bragged that it 'wasn't difficult' to get into the historic landmark which is a five minutes walk from Buckingham Palace. The group said they got into the building overnight by climbing through an unlocked window. Proclaiming that what they were doing was 'more punk rock than the Sex Pistols,' one of the men, who only gave his name as 'Fox' said the group decided to take Admiralty Arch because it was a 'significant' building a stone's throw away from the Palace. 'Fox', who claimed to be one of the founders of the Autonomous Nation, said: ' We decided to take it because it is a significant building - you can see Buckingham Palace - there is a significant flow of traffic and we wanted to highlight the fact there are some corrupt individuals affecting this country and they need to get dragged out. Banners bearing housing messages were seen hanging from the Grade-I listed building as the masked demonstrators sat with their legs dangling over the side . 'Also, we wanted to highlight the fact that there are so many people that are homeless. 'We got in overnight through a window that was unlocked and just climbed in through that, there's about 15 of us here. 'The ironic thing is that we had been evicted from the building in Pall Mall and all we were doing was walking around here when a security guard said 'you can't come in here, you can't take this' - which said to us it must be empty and that's when we decided we could take it. 'We are trying our hardest to keep it clean and tidy, but when your squatting in central London the chaos does take its toll. 'We want to stay here as long as we can.' Fox admitted he was one of the hooded figures seen standing on the roof of the arch today and said he was shouting 'power to the people.' He also said that some of his colleagues were shouting 'ACAB' which stands for 'All Cops are B*****ds.' He added: 'That is not something I join in with [shouting about police] because I find a lot of police officers can be quite reasonable.' A 'Notice to Vacate' has been posted up the entrances to the landmark, however Fox warned that if the group are evicted 'There may be some individuals that do resistance. ' Another squatter, who asked not to be named, said: 'We decided to take it because it is two fingers up to the Royal Family. 'We are anarchists, we are not left wing or right wing, we are anarchists - look up the dictionary definition of the word. 'The Sex Pistols need to start doing a new album because what we are doing is more punk rock than the Sex Pistols.' Asked how long he wanted to squat in the landmark he replied 'indefinitely.' It is not the first time protesters have 'taken over' Admiralty Arch. In 2006, 14 Greenpeace protesters spent a day on the arch demonstrating over claims the government is using illegally logged wood. The gatehouse, built as a memorial to Queen Victoria, was sold in 2012 after a Spanish hotel developer paid £60 million to buy it from the government . The five protesters from anti fascist group 'Autonomous Nation of Anarchist Libertarians (ANAL)' called for support in a message on their Facebook page as police converged on the area . They added five photographs of themselves up on the building. It is not the first time protesters have 'taken over' the memorial . They unfurled banners accusing the government of 'trashing rainforests' during Cabinet Office renovations . A Metropolitan Police spokeswoman said: 'At approximately 10.22 this morning we were made aware of five protesters on the roof of Admiralty Arch opposite Trafalgar Square. 'They remain on the roof. Officers are in attendance.' Facebook user Love Activists posted: 'Love activists, SHA and the Autonomous Nation Of Anarchist Libertarians have occupied the old cabinet office opposite trafalgar square, on the road which leads directly towards the palace. We call out for all hands to assist us.' Another user Natasha Quarmby added: 'The Guinness Trust AST tenants are in court today, trying to save their homes, they are on their own, and not getting the support that perhaps other Social Housing campaigns are getting, like the Aylesbury Estate or Sweets Way.... I urge you to visit to visit their page and show some support, they would really appreciate it. 'What about these guys too, No Russel Brand on hand here.... Show them some support x (sic)' Tenants face losing their homes for a new housing development on the Guinness Estate in Loughborough Park, Brixton, and have been staging protests. Housing trust the Guinness Partnership is planning to redevelop the estate and create 525 new homes on the site. Tenants on shorthold tenancy contracts have been told they have until April to find new housing. Many of the tenants have been living in the building for over 10 years and claim they will have to find somewhere to live outside London as they can no longer afford to pay Brixton rent prices. Admiralty Arch was commissioned by King Edward VII as a memorial to his mother, Queen Victoria, and was designed by the architect Sir Aston Webb. Completed in 1912, it spans the entrance to Trafalgar Square from The Mall and was traditionally used as the residence of the First Sea Lord and the heads of the Royal Navy. Admiralty Arch was commissioned by King Edward VII as a memorial to his mother, Queen Victoria, and was designed by the architect Sir Aston Webb. It is pictured during the Royal Wedding of Princess Elizabeth (Queen Elizabeth II) and Prince Philip (Duke of Edinburgh) at Westminster Abbey in November 1947 . Neighbouring Admiralty House has provided grace-and-favour apartments for politicians including former defence secretary Liam Fox and former deputy prime minister John Prescott. The 147,300sq ft arch is spread across a basement, lower ground and ground floor, and five upper floors. The Government sold the long-term lease on the building in 2013. It is retaining the freehold, so will still have the final say after a Spanish hotel developer paid £60 million to buy it. Nights in the historic landmark, which joins Trafalgar Square with the Mall, won't come cheaply though; new owner Rafael Serrano is also the man behind the Bulgari Hotel in Knightsbridge, where rooms cost from £850 a night."
crea_0003,creative,2,reordered_clauses,"Protesters mounted Admiralty Arch, which joins Trafalgar Square with Mall .
The gatehouse, built as a memorial to Queen Victoria, was sold in 2012 .
It is now set to be turned into a luxury hotel after by Spanish developer .
Anti fascist group 'Autonomous Nation of Anarchist Libertarians'","Anti-fascist group 'Autonomous Nation of Anarchist Libertarians' protesters mounted Admiralty Arch, the gatehouse that joins Trafalgar Square with The Mall and was built as a memorial to Queen Victoria. Originally sold in 2012, the arch is now set to be transformed into a luxury hotel by a Spanish developer.",0.9712,"Write a detailed news story that expands on the following summary points, elaborating them into a complete article.

Summary:
Anti-fascist group 'Autonomous Nation of Anarchist Libertarians' protesters mounted Admiralty Arch, the gatehouse that joins Trafalgar Square with The Mall and was built as a memorial to Queen Victoria. Originally sold in 2012, the arch is now set to be transformed into a luxury hotel by a Spanish developer.

Story:","Protesters mounted Admiralty Arch, which joins Trafalgar Square with Mall .
The gatehouse, built as a memorial to Queen Victoria, was sold in 2012 .
It is now set to be turned into a luxury hotel after by Spanish developer .
Anti fascist group 'Autonomous Nation of Anarchist Libertarians'","Self-styled 'anarchist libertarian' squatters have set up camp in one of London's most historic monuments and unfurled banners reading  'Homes for all'. The protesters mounted Admiralty Arch, which joins Trafalgar Square with the Mall, and called for others to join them. It is not clear what their protest is attempting to highlight, as a garbled message posted on Facebook by the group simply calls for 'Christmas lights... any and all radical/revolutionary messages'. But banners bearing messages such as 'better squat than let homes rot' and 'respect existence or expect resistance' were seen hanging from the Grade-I listed building, as the masked demonstrators sat with their legs dangling over the side. Scroll down for video . Self-styled 'anarchist libertarian' squatters have set up camp in one of London's most historic monuments and unfurled banners reading 'Homes for all' One of the banners read, 'Respect existence or expect resistance' and another, 'better to squat than let homes rot' The protesters mounted the arch which joins Trafalgar Square with the Mall, and called for others to join them . It is not clear what their protest is attempting to highlight, as a garbled message posted on Facebook by the group simply calls for 'Christmas lights... any and all radical/revolutionary messages' The gatehouse, built as a memorial to Queen Victoria, was sold in 2012 after a Spanish hotel developer paid £60 million to buy it from the government. The five protesters from anti fascist group 'Autonomous Nation of Anarchist Libertarians (ANAL)' called for support in a message on their Facebook page as police converged on the area. They posted: 'Urgent shoutout for banners, Christmas lights and anything else we can use to make the most of this massive canvas we have. Any and all radical/revolutionary messages welcome, but a preference for antifa (sic) in anticipation of the pegeda event on the 4th of this month. Much love.' One onlooker, who asked not to be named, said: 'I've seen a couple of guys on different parts of the roof throughout this morning. 'All they were doing was shouting power to the people. I have no idea how they got in there because I'm pretty sure it's offices.' A man was walking across the roof of the arch this afternoon wearing a black sleeveless hoodie with the hood pulled up and a black scarf across his face. They added five photographs of themselves up on the building. They are believed to be the same group who took over the former offices of the Institute of Directors on Pall Mall in central London last month. The building, not far from Buckingham Palace, was targeted because it was originally opened by Tony Blair, the groups said at the time. The squatters later bragged that it 'wasn't difficult' to get into the historic landmark which is a five minutes walk from Buckingham Palace. The group said they got into the building overnight by climbing through an unlocked window. Proclaiming that what they were doing was 'more punk rock than the Sex Pistols,' one of the men, who only gave his name as 'Fox' said the group decided to take Admiralty Arch because it was a 'significant' building a stone's throw away from the Palace. 'Fox', who claimed to be one of the founders of the Autonomous Nation, said: ' We decided to take it because it is a significant building - you can see Buckingham Palace - there is a significant flow of traffic and we wanted to highlight the fact there are some corrupt individuals affecting this country and they need to get dragged out. Banners bearing housing messages were seen hanging from the Grade-I listed building as the masked demonstrators sat with their legs dangling over the side . 'Also, we wanted to highlight the fact that there are so many people that are homeless. 'We got in overnight through a window that was unlocked and just climbed in through that, there's about 15 of us here. 'The ironic thing is that we had been evicted from the building in Pall Mall and all we were doing was walking around here when a security guard said 'you can't come in here, you can't take this' - which said to us it must be empty and that's when we decided we could take it. 'We are trying our hardest to keep it clean and tidy, but when your squatting in central London the chaos does take its toll. 'We want to stay here as long as we can.' Fox admitted he was one of the hooded figures seen standing on the roof of the arch today and said he was shouting 'power to the people.' He also said that some of his colleagues were shouting 'ACAB' which stands for 'All Cops are B*****ds.' He added: 'That is not something I join in with [shouting about police] because I find a lot of police officers can be quite reasonable.' A 'Notice to Vacate' has been posted up the entrances to the landmark, however Fox warned that if the group are evicted 'There may be some individuals that do resistance. ' Another squatter, who asked not to be named, said: 'We decided to take it because it is two fingers up to the Royal Family. 'We are anarchists, we are not left wing or right wing, we are anarchists - look up the dictionary definition of the word. 'The Sex Pistols need to start doing a new album because what we are doing is more punk rock than the Sex Pistols.' Asked how long he wanted to squat in the landmark he replied 'indefinitely.' It is not the first time protesters have 'taken over' Admiralty Arch. In 2006, 14 Greenpeace protesters spent a day on the arch demonstrating over claims the government is using illegally logged wood. The gatehouse, built as a memorial to Queen Victoria, was sold in 2012 after a Spanish hotel developer paid £60 million to buy it from the government . The five protesters from anti fascist group 'Autonomous Nation of Anarchist Libertarians (ANAL)' called for support in a message on their Facebook page as police converged on the area . They added five photographs of themselves up on the building. It is not the first time protesters have 'taken over' the memorial . They unfurled banners accusing the government of 'trashing rainforests' during Cabinet Office renovations . A Metropolitan Police spokeswoman said: 'At approximately 10.22 this morning we were made aware of five protesters on the roof of Admiralty Arch opposite Trafalgar Square. 'They remain on the roof. Officers are in attendance.' Facebook user Love Activists posted: 'Love activists, SHA and the Autonomous Nation Of Anarchist Libertarians have occupied the old cabinet office opposite trafalgar square, on the road which leads directly towards the palace. We call out for all hands to assist us.' Another user Natasha Quarmby added: 'The Guinness Trust AST tenants are in court today, trying to save their homes, they are on their own, and not getting the support that perhaps other Social Housing campaigns are getting, like the Aylesbury Estate or Sweets Way.... I urge you to visit to visit their page and show some support, they would really appreciate it. 'What about these guys too, No Russel Brand on hand here.... Show them some support x (sic)' Tenants face losing their homes for a new housing development on the Guinness Estate in Loughborough Park, Brixton, and have been staging protests. Housing trust the Guinness Partnership is planning to redevelop the estate and create 525 new homes on the site. Tenants on shorthold tenancy contracts have been told they have until April to find new housing. Many of the tenants have been living in the building for over 10 years and claim they will have to find somewhere to live outside London as they can no longer afford to pay Brixton rent prices. Admiralty Arch was commissioned by King Edward VII as a memorial to his mother, Queen Victoria, and was designed by the architect Sir Aston Webb. Completed in 1912, it spans the entrance to Trafalgar Square from The Mall and was traditionally used as the residence of the First Sea Lord and the heads of the Royal Navy. Admiralty Arch was commissioned by King Edward VII as a memorial to his mother, Queen Victoria, and was designed by the architect Sir Aston Webb. It is pictured during the Royal Wedding of Princess Elizabeth (Queen Elizabeth II) and Prince Philip (Duke of Edinburgh) at Westminster Abbey in November 1947 . Neighbouring Admiralty House has provided grace-and-favour apartments for politicians including former defence secretary Liam Fox and former deputy prime minister John Prescott. The 147,300sq ft arch is spread across a basement, lower ground and ground floor, and five upper floors. The Government sold the long-term lease on the building in 2013. It is retaining the freehold, so will still have the final say after a Spanish hotel developer paid £60 million to buy it. Nights in the historic landmark, which joins Trafalgar Square with the Mall, won't come cheaply though; new owner Rafael Serrano is also the man behind the Bulgari Hotel in Knightsbridge, where rooms cost from £850 a night."
crea_0003,creative,3,synonyms,"Protesters mounted Admiralty Arch, which joins Trafalgar Square with Mall .
The gatehouse, built as a memorial to Queen Victoria, was sold in 2012 .
It is now set to be turned into a luxury hotel after by Spanish developer .
Anti fascist group 'Autonomous Nation of Anarchist Libertarians'","Demonstrators climbed Admiralty Arch, which links Trafalgar Square with the Mall. The gatehouse, constructed as a tribute to Queen Victoria, was offloaded in 2012. It is now slated to be converted into a high-end hotel by a Spanish developer. Anti-fascist group 'Autonomous Nation of Anarchist Libertarians",0.9663,"Write a detailed news story that expands on the following summary points, elaborating them into a complete article.

Summary:
Demonstrators climbed Admiralty Arch, which links Trafalgar Square with the Mall. The gatehouse, constructed as a tribute to Queen Victoria, was offloaded in 2012. It is now slated to be converted into a high-end hotel by a Spanish developer. Anti-fascist group 'Autonomous Nation of Anarchist Libertarians

Story:","Protesters mounted Admiralty Arch, which joins Trafalgar Square with Mall .
The gatehouse, built as a memorial to Queen Victoria, was sold in 2012 .
It is now set to be turned into a luxury hotel after by Spanish developer .
Anti fascist group 'Autonomous Nation of Anarchist Libertarians'","Self-styled 'anarchist libertarian' squatters have set up camp in one of London's most historic monuments and unfurled banners reading  'Homes for all'. The protesters mounted Admiralty Arch, which joins Trafalgar Square with the Mall, and called for others to join them. It is not clear what their protest is attempting to highlight, as a garbled message posted on Facebook by the group simply calls for 'Christmas lights... any and all radical/revolutionary messages'. But banners bearing messages such as 'better squat than let homes rot' and 'respect existence or expect resistance' were seen hanging from the Grade-I listed building, as the masked demonstrators sat with their legs dangling over the side. Scroll down for video . Self-styled 'anarchist libertarian' squatters have set up camp in one of London's most historic monuments and unfurled banners reading 'Homes for all' One of the banners read, 'Respect existence or expect resistance' and another, 'better to squat than let homes rot' The protesters mounted the arch which joins Trafalgar Square with the Mall, and called for others to join them . It is not clear what their protest is attempting to highlight, as a garbled message posted on Facebook by the group simply calls for 'Christmas lights... any and all radical/revolutionary messages' The gatehouse, built as a memorial to Queen Victoria, was sold in 2012 after a Spanish hotel developer paid £60 million to buy it from the government. The five protesters from anti fascist group 'Autonomous Nation of Anarchist Libertarians (ANAL)' called for support in a message on their Facebook page as police converged on the area. They posted: 'Urgent shoutout for banners, Christmas lights and anything else we can use to make the most of this massive canvas we have. Any and all radical/revolutionary messages welcome, but a preference for antifa (sic) in anticipation of the pegeda event on the 4th of this month. Much love.' One onlooker, who asked not to be named, said: 'I've seen a couple of guys on different parts of the roof throughout this morning. 'All they were doing was shouting power to the people. I have no idea how they got in there because I'm pretty sure it's offices.' A man was walking across the roof of the arch this afternoon wearing a black sleeveless hoodie with the hood pulled up and a black scarf across his face. They added five photographs of themselves up on the building. They are believed to be the same group who took over the former offices of the Institute of Directors on Pall Mall in central London last month. The building, not far from Buckingham Palace, was targeted because it was originally opened by Tony Blair, the groups said at the time. The squatters later bragged that it 'wasn't difficult' to get into the historic landmark which is a five minutes walk from Buckingham Palace. The group said they got into the building overnight by climbing through an unlocked window. Proclaiming that what they were doing was 'more punk rock than the Sex Pistols,' one of the men, who only gave his name as 'Fox' said the group decided to take Admiralty Arch because it was a 'significant' building a stone's throw away from the Palace. 'Fox', who claimed to be one of the founders of the Autonomous Nation, said: ' We decided to take it because it is a significant building - you can see Buckingham Palace - there is a significant flow of traffic and we wanted to highlight the fact there are some corrupt individuals affecting this country and they need to get dragged out. Banners bearing housing messages were seen hanging from the Grade-I listed building as the masked demonstrators sat with their legs dangling over the side . 'Also, we wanted to highlight the fact that there are so many people that are homeless. 'We got in overnight through a window that was unlocked and just climbed in through that, there's about 15 of us here. 'The ironic thing is that we had been evicted from the building in Pall Mall and all we were doing was walking around here when a security guard said 'you can't come in here, you can't take this' - which said to us it must be empty and that's when we decided we could take it. 'We are trying our hardest to keep it clean and tidy, but when your squatting in central London the chaos does take its toll. 'We want to stay here as long as we can.' Fox admitted he was one of the hooded figures seen standing on the roof of the arch today and said he was shouting 'power to the people.' He also said that some of his colleagues were shouting 'ACAB' which stands for 'All Cops are B*****ds.' He added: 'That is not something I join in with [shouting about police] because I find a lot of police officers can be quite reasonable.' A 'Notice to Vacate' has been posted up the entrances to the landmark, however Fox warned that if the group are evicted 'There may be some individuals that do resistance. ' Another squatter, who asked not to be named, said: 'We decided to take it because it is two fingers up to the Royal Family. 'We are anarchists, we are not left wing or right wing, we are anarchists - look up the dictionary definition of the word. 'The Sex Pistols need to start doing a new album because what we are doing is more punk rock than the Sex Pistols.' Asked how long he wanted to squat in the landmark he replied 'indefinitely.' It is not the first time protesters have 'taken over' Admiralty Arch. In 2006, 14 Greenpeace protesters spent a day on the arch demonstrating over claims the government is using illegally logged wood. The gatehouse, built as a memorial to Queen Victoria, was sold in 2012 after a Spanish hotel developer paid £60 million to buy it from the government . The five protesters from anti fascist group 'Autonomous Nation of Anarchist Libertarians (ANAL)' called for support in a message on their Facebook page as police converged on the area . They added five photographs of themselves up on the building. It is not the first time protesters have 'taken over' the memorial . They unfurled banners accusing the government of 'trashing rainforests' during Cabinet Office renovations . A Metropolitan Police spokeswoman said: 'At approximately 10.22 this morning we were made aware of five protesters on the roof of Admiralty Arch opposite Trafalgar Square. 'They remain on the roof. Officers are in attendance.' Facebook user Love Activists posted: 'Love activists, SHA and the Autonomous Nation Of Anarchist Libertarians have occupied the old cabinet office opposite trafalgar square, on the road which leads directly towards the palace. We call out for all hands to assist us.' Another user Natasha Quarmby added: 'The Guinness Trust AST tenants are in court today, trying to save their homes, they are on their own, and not getting the support that perhaps other Social Housing campaigns are getting, like the Aylesbury Estate or Sweets Way.... I urge you to visit to visit their page and show some support, they would really appreciate it. 'What about these guys too, No Russel Brand on hand here.... Show them some support x (sic)' Tenants face losing their homes for a new housing development on the Guinness Estate in Loughborough Park, Brixton, and have been staging protests. Housing trust the Guinness Partnership is planning to redevelop the estate and create 525 new homes on the site. Tenants on shorthold tenancy contracts have been told they have until April to find new housing. Many of the tenants have been living in the building for over 10 years and claim they will have to find somewhere to live outside London as they can no longer afford to pay Brixton rent prices. Admiralty Arch was commissioned by King Edward VII as a memorial to his mother, Queen Victoria, and was designed by the architect Sir Aston Webb. Completed in 1912, it spans the entrance to Trafalgar Square from The Mall and was traditionally used as the residence of the First Sea Lord and the heads of the Royal Navy. Admiralty Arch was commissioned by King Edward VII as a memorial to his mother, Queen Victoria, and was designed by the architect Sir Aston Webb. It is pictured during the Royal Wedding of Princess Elizabeth (Queen Elizabeth II) and Prince Philip (Duke of Edinburgh) at Westminster Abbey in November 1947 . Neighbouring Admiralty House has provided grace-and-favour apartments for politicians including former defence secretary Liam Fox and former deputy prime minister John Prescott. The 147,300sq ft arch is spread across a basement, lower ground and ground floor, and five upper floors. The Government sold the long-term lease on the building in 2013. It is retaining the freehold, so will still have the final say after a Spanish hotel developer paid £60 million to buy it. Nights in the historic landmark, which joins Trafalgar Square with the Mall, won't come cheaply though; new owner Rafael Serrano is also the man behind the Bulgari Hotel in Knightsbridge, where rooms cost from £850 a night."
crea_0003,creative,4,different_structure,"Protesters mounted Admiralty Arch, which joins Trafalgar Square with Mall .
The gatehouse, built as a memorial to Queen Victoria, was sold in 2012 .
It is now set to be turned into a luxury hotel after by Spanish developer .
Anti fascist group 'Autonomous Nation of Anarchist Libertarians'","A group of protesters climbed onto Admiralty Arch, a gatehouse that connects Trafalgar Square and the Mall, which was originally constructed as a memorial to Queen Victoria and was sold in 2012. The structure is now slated for redevelopment into a luxury hotel by a Spanish developer, prompting action from the anti-fascist group known as the Autonomous Nation of Anarchist Libertarians.",0.9356,"Write a detailed news story that expands on the following summary points, elaborating them into a complete article.

Summary:
A group of protesters climbed onto Admiralty Arch, a gatehouse that connects Trafalgar Square and the Mall, which was originally constructed as a memorial to Queen Victoria and was sold in 2012. The structure is now slated for redevelopment into a luxury hotel by a Spanish developer, prompting action from the anti-fascist group known as the Autonomous Nation of Anarchist Libertarians.

Story:","Protesters mounted Admiralty Arch, which joins Trafalgar Square with Mall .
The gatehouse, built as a memorial to Queen Victoria, was sold in 2012 .
It is now set to be turned into a luxury hotel after by Spanish developer .
Anti fascist group 'Autonomous Nation of Anarchist Libertarians'","Self-styled 'anarchist libertarian' squatters have set up camp in one of London's most historic monuments and unfurled banners reading  'Homes for all'. The protesters mounted Admiralty Arch, which joins Trafalgar Square with the Mall, and called for others to join them. It is not clear what their protest is attempting to highlight, as a garbled message posted on Facebook by the group simply calls for 'Christmas lights... any and all radical/revolutionary messages'. But banners bearing messages such as 'better squat than let homes rot' and 'respect existence or expect resistance' were seen hanging from the Grade-I listed building, as the masked demonstrators sat with their legs dangling over the side. Scroll down for video . Self-styled 'anarchist libertarian' squatters have set up camp in one of London's most historic monuments and unfurled banners reading 'Homes for all' One of the banners read, 'Respect existence or expect resistance' and another, 'better to squat than let homes rot' The protesters mounted the arch which joins Trafalgar Square with the Mall, and called for others to join them . It is not clear what their protest is attempting to highlight, as a garbled message posted on Facebook by the group simply calls for 'Christmas lights... any and all radical/revolutionary messages' The gatehouse, built as a memorial to Queen Victoria, was sold in 2012 after a Spanish hotel developer paid £60 million to buy it from the government. The five protesters from anti fascist group 'Autonomous Nation of Anarchist Libertarians (ANAL)' called for support in a message on their Facebook page as police converged on the area. They posted: 'Urgent shoutout for banners, Christmas lights and anything else we can use to make the most of this massive canvas we have. Any and all radical/revolutionary messages welcome, but a preference for antifa (sic) in anticipation of the pegeda event on the 4th of this month. Much love.' One onlooker, who asked not to be named, said: 'I've seen a couple of guys on different parts of the roof throughout this morning. 'All they were doing was shouting power to the people. I have no idea how they got in there because I'm pretty sure it's offices.' A man was walking across the roof of the arch this afternoon wearing a black sleeveless hoodie with the hood pulled up and a black scarf across his face. They added five photographs of themselves up on the building. They are believed to be the same group who took over the former offices of the Institute of Directors on Pall Mall in central London last month. The building, not far from Buckingham Palace, was targeted because it was originally opened by Tony Blair, the groups said at the time. The squatters later bragged that it 'wasn't difficult' to get into the historic landmark which is a five minutes walk from Buckingham Palace. The group said they got into the building overnight by climbing through an unlocked window. Proclaiming that what they were doing was 'more punk rock than the Sex Pistols,' one of the men, who only gave his name as 'Fox' said the group decided to take Admiralty Arch because it was a 'significant' building a stone's throw away from the Palace. 'Fox', who claimed to be one of the founders of the Autonomous Nation, said: ' We decided to take it because it is a significant building - you can see Buckingham Palace - there is a significant flow of traffic and we wanted to highlight the fact there are some corrupt individuals affecting this country and they need to get dragged out. Banners bearing housing messages were seen hanging from the Grade-I listed building as the masked demonstrators sat with their legs dangling over the side . 'Also, we wanted to highlight the fact that there are so many people that are homeless. 'We got in overnight through a window that was unlocked and just climbed in through that, there's about 15 of us here. 'The ironic thing is that we had been evicted from the building in Pall Mall and all we were doing was walking around here when a security guard said 'you can't come in here, you can't take this' - which said to us it must be empty and that's when we decided we could take it. 'We are trying our hardest to keep it clean and tidy, but when your squatting in central London the chaos does take its toll. 'We want to stay here as long as we can.' Fox admitted he was one of the hooded figures seen standing on the roof of the arch today and said he was shouting 'power to the people.' He also said that some of his colleagues were shouting 'ACAB' which stands for 'All Cops are B*****ds.' He added: 'That is not something I join in with [shouting about police] because I find a lot of police officers can be quite reasonable.' A 'Notice to Vacate' has been posted up the entrances to the landmark, however Fox warned that if the group are evicted 'There may be some individuals that do resistance. ' Another squatter, who asked not to be named, said: 'We decided to take it because it is two fingers up to the Royal Family. 'We are anarchists, we are not left wing or right wing, we are anarchists - look up the dictionary definition of the word. 'The Sex Pistols need to start doing a new album because what we are doing is more punk rock than the Sex Pistols.' Asked how long he wanted to squat in the landmark he replied 'indefinitely.' It is not the first time protesters have 'taken over' Admiralty Arch. In 2006, 14 Greenpeace protesters spent a day on the arch demonstrating over claims the government is using illegally logged wood. The gatehouse, built as a memorial to Queen Victoria, was sold in 2012 after a Spanish hotel developer paid £60 million to buy it from the government . The five protesters from anti fascist group 'Autonomous Nation of Anarchist Libertarians (ANAL)' called for support in a message on their Facebook page as police converged on the area . They added five photographs of themselves up on the building. It is not the first time protesters have 'taken over' the memorial . They unfurled banners accusing the government of 'trashing rainforests' during Cabinet Office renovations . A Metropolitan Police spokeswoman said: 'At approximately 10.22 this morning we were made aware of five protesters on the roof of Admiralty Arch opposite Trafalgar Square. 'They remain on the roof. Officers are in attendance.' Facebook user Love Activists posted: 'Love activists, SHA and the Autonomous Nation Of Anarchist Libertarians have occupied the old cabinet office opposite trafalgar square, on the road which leads directly towards the palace. We call out for all hands to assist us.' Another user Natasha Quarmby added: 'The Guinness Trust AST tenants are in court today, trying to save their homes, they are on their own, and not getting the support that perhaps other Social Housing campaigns are getting, like the Aylesbury Estate or Sweets Way.... I urge you to visit to visit their page and show some support, they would really appreciate it. 'What about these guys too, No Russel Brand on hand here.... Show them some support x (sic)' Tenants face losing their homes for a new housing development on the Guinness Estate in Loughborough Park, Brixton, and have been staging protests. Housing trust the Guinness Partnership is planning to redevelop the estate and create 525 new homes on the site. Tenants on shorthold tenancy contracts have been told they have until April to find new housing. Many of the tenants have been living in the building for over 10 years and claim they will have to find somewhere to live outside London as they can no longer afford to pay Brixton rent prices. Admiralty Arch was commissioned by King Edward VII as a memorial to his mother, Queen Victoria, and was designed by the architect Sir Aston Webb. Completed in 1912, it spans the entrance to Trafalgar Square from The Mall and was traditionally used as the residence of the First Sea Lord and the heads of the Royal Navy. Admiralty Arch was commissioned by King Edward VII as a memorial to his mother, Queen Victoria, and was designed by the architect Sir Aston Webb. It is pictured during the Royal Wedding of Princess Elizabeth (Queen Elizabeth II) and Prince Philip (Duke of Edinburgh) at Westminster Abbey in November 1947 . Neighbouring Admiralty House has provided grace-and-favour apartments for politicians including former defence secretary Liam Fox and former deputy prime minister John Prescott. The 147,300sq ft arch is spread across a basement, lower ground and ground floor, and five upper floors. The Government sold the long-term lease on the building in 2013. It is retaining the freehold, so will still have the final say after a Spanish hotel developer paid £60 million to buy it. Nights in the historic landmark, which joins Trafalgar Square with the Mall, won't come cheaply though; new owner Rafael Serrano is also the man behind the Bulgari Hotel in Knightsbridge, where rooms cost from £850 a night."
crea_0003,creative,5,different_opening,"Protesters mounted Admiralty Arch, which joins Trafalgar Square with Mall .
The gatehouse, built as a memorial to Queen Victoria, was sold in 2012 .
It is now set to be turned into a luxury hotel after by Spanish developer .
Anti fascist group 'Autonomous Nation of Anarchist Libertarians'","Demonstrations erupted as protesters climbed Admiralty Arch, connecting Trafalgar Square and the Mall. Originally constructed as a tribute to Queen Victoria, the gatehouse was sold to new ownership in 2012. Plans are now underway for its redevelopment into a luxury hotel by a Spanish developer, prompting action from anti-fascist group 'Autonomous Nation of Anarchist Libertarians'.",0.9371,"Write a detailed news story that expands on the following summary points, elaborating them into a complete article.

Summary:
Demonstrations erupted as protesters climbed Admiralty Arch, connecting Trafalgar Square and the Mall. Originally constructed as a tribute to Queen Victoria, the gatehouse was sold to new ownership in 2012. Plans are now underway for its redevelopment into a luxury hotel by a Spanish developer, prompting action from anti-fascist group 'Autonomous Nation of Anarchist Libertarians'.

Story:","Protesters mounted Admiralty Arch, which joins Trafalgar Square with Mall .
The gatehouse, built as a memorial to Queen Victoria, was sold in 2012 .
It is now set to be turned into a luxury hotel after by Spanish developer .
Anti fascist group 'Autonomous Nation of Anarchist Libertarians'","Self-styled 'anarchist libertarian' squatters have set up camp in one of London's most historic monuments and unfurled banners reading  'Homes for all'. The protesters mounted Admiralty Arch, which joins Trafalgar Square with the Mall, and called for others to join them. It is not clear what their protest is attempting to highlight, as a garbled message posted on Facebook by the group simply calls for 'Christmas lights... any and all radical/revolutionary messages'. But banners bearing messages such as 'better squat than let homes rot' and 'respect existence or expect resistance' were seen hanging from the Grade-I listed building, as the masked demonstrators sat with their legs dangling over the side. Scroll down for video . Self-styled 'anarchist libertarian' squatters have set up camp in one of London's most historic monuments and unfurled banners reading 'Homes for all' One of the banners read, 'Respect existence or expect resistance' and another, 'better to squat than let homes rot' The protesters mounted the arch which joins Trafalgar Square with the Mall, and called for others to join them . It is not clear what their protest is attempting to highlight, as a garbled message posted on Facebook by the group simply calls for 'Christmas lights... any and all radical/revolutionary messages' The gatehouse, built as a memorial to Queen Victoria, was sold in 2012 after a Spanish hotel developer paid £60 million to buy it from the government. The five protesters from anti fascist group 'Autonomous Nation of Anarchist Libertarians (ANAL)' called for support in a message on their Facebook page as police converged on the area. They posted: 'Urgent shoutout for banners, Christmas lights and anything else we can use to make the most of this massive canvas we have. Any and all radical/revolutionary messages welcome, but a preference for antifa (sic) in anticipation of the pegeda event on the 4th of this month. Much love.' One onlooker, who asked not to be named, said: 'I've seen a couple of guys on different parts of the roof throughout this morning. 'All they were doing was shouting power to the people. I have no idea how they got in there because I'm pretty sure it's offices.' A man was walking across the roof of the arch this afternoon wearing a black sleeveless hoodie with the hood pulled up and a black scarf across his face. They added five photographs of themselves up on the building. They are believed to be the same group who took over the former offices of the Institute of Directors on Pall Mall in central London last month. The building, not far from Buckingham Palace, was targeted because it was originally opened by Tony Blair, the groups said at the time. The squatters later bragged that it 'wasn't difficult' to get into the historic landmark which is a five minutes walk from Buckingham Palace. The group said they got into the building overnight by climbing through an unlocked window. Proclaiming that what they were doing was 'more punk rock than the Sex Pistols,' one of the men, who only gave his name as 'Fox' said the group decided to take Admiralty Arch because it was a 'significant' building a stone's throw away from the Palace. 'Fox', who claimed to be one of the founders of the Autonomous Nation, said: ' We decided to take it because it is a significant building - you can see Buckingham Palace - there is a significant flow of traffic and we wanted to highlight the fact there are some corrupt individuals affecting this country and they need to get dragged out. Banners bearing housing messages were seen hanging from the Grade-I listed building as the masked demonstrators sat with their legs dangling over the side . 'Also, we wanted to highlight the fact that there are so many people that are homeless. 'We got in overnight through a window that was unlocked and just climbed in through that, there's about 15 of us here. 'The ironic thing is that we had been evicted from the building in Pall Mall and all we were doing was walking around here when a security guard said 'you can't come in here, you can't take this' - which said to us it must be empty and that's when we decided we could take it. 'We are trying our hardest to keep it clean and tidy, but when your squatting in central London the chaos does take its toll. 'We want to stay here as long as we can.' Fox admitted he was one of the hooded figures seen standing on the roof of the arch today and said he was shouting 'power to the people.' He also said that some of his colleagues were shouting 'ACAB' which stands for 'All Cops are B*****ds.' He added: 'That is not something I join in with [shouting about police] because I find a lot of police officers can be quite reasonable.' A 'Notice to Vacate' has been posted up the entrances to the landmark, however Fox warned that if the group are evicted 'There may be some individuals that do resistance. ' Another squatter, who asked not to be named, said: 'We decided to take it because it is two fingers up to the Royal Family. 'We are anarchists, we are not left wing or right wing, we are anarchists - look up the dictionary definition of the word. 'The Sex Pistols need to start doing a new album because what we are doing is more punk rock than the Sex Pistols.' Asked how long he wanted to squat in the landmark he replied 'indefinitely.' It is not the first time protesters have 'taken over' Admiralty Arch. In 2006, 14 Greenpeace protesters spent a day on the arch demonstrating over claims the government is using illegally logged wood. The gatehouse, built as a memorial to Queen Victoria, was sold in 2012 after a Spanish hotel developer paid £60 million to buy it from the government . The five protesters from anti fascist group 'Autonomous Nation of Anarchist Libertarians (ANAL)' called for support in a message on their Facebook page as police converged on the area . They added five photographs of themselves up on the building. It is not the first time protesters have 'taken over' the memorial . They unfurled banners accusing the government of 'trashing rainforests' during Cabinet Office renovations . A Metropolitan Police spokeswoman said: 'At approximately 10.22 this morning we were made aware of five protesters on the roof of Admiralty Arch opposite Trafalgar Square. 'They remain on the roof. Officers are in attendance.' Facebook user Love Activists posted: 'Love activists, SHA and the Autonomous Nation Of Anarchist Libertarians have occupied the old cabinet office opposite trafalgar square, on the road which leads directly towards the palace. We call out for all hands to assist us.' Another user Natasha Quarmby added: 'The Guinness Trust AST tenants are in court today, trying to save their homes, they are on their own, and not getting the support that perhaps other Social Housing campaigns are getting, like the Aylesbury Estate or Sweets Way.... I urge you to visit to visit their page and show some support, they would really appreciate it. 'What about these guys too, No Russel Brand on hand here.... Show them some support x (sic)' Tenants face losing their homes for a new housing development on the Guinness Estate in Loughborough Park, Brixton, and have been staging protests. Housing trust the Guinness Partnership is planning to redevelop the estate and create 525 new homes on the site. Tenants on shorthold tenancy contracts have been told they have until April to find new housing. Many of the tenants have been living in the building for over 10 years and claim they will have to find somewhere to live outside London as they can no longer afford to pay Brixton rent prices. Admiralty Arch was commissioned by King Edward VII as a memorial to his mother, Queen Victoria, and was designed by the architect Sir Aston Webb. Completed in 1912, it spans the entrance to Trafalgar Square from The Mall and was traditionally used as the residence of the First Sea Lord and the heads of the Royal Navy. Admiralty Arch was commissioned by King Edward VII as a memorial to his mother, Queen Victoria, and was designed by the architect Sir Aston Webb. It is pictured during the Royal Wedding of Princess Elizabeth (Queen Elizabeth II) and Prince Philip (Duke of Edinburgh) at Westminster Abbey in November 1947 . Neighbouring Admiralty House has provided grace-and-favour apartments for politicians including former defence secretary Liam Fox and former deputy prime minister John Prescott. The 147,300sq ft arch is spread across a basement, lower ground and ground floor, and five upper floors. The Government sold the long-term lease on the building in 2013. It is retaining the freehold, so will still have the final say after a Spanish hotel developer paid £60 million to buy it. Nights in the historic landmark, which joins Trafalgar Square with the Mall, won't come cheaply though; new owner Rafael Serrano is also the man behind the Bulgari Hotel in Knightsbridge, where rooms cost from £850 a night."
crea_0003,creative,6,passive_voice,"Protesters mounted Admiralty Arch, which joins Trafalgar Square with Mall .
The gatehouse, built as a memorial to Queen Victoria, was sold in 2012 .
It is now set to be turned into a luxury hotel after by Spanish developer .
Anti fascist group 'Autonomous Nation of Anarchist Libertarians'","Admiralty Arch, which joins Trafalgar Square with the Mall, was mounted by protesters. A memorial to Queen Victoria, the gatehouse was built and was sold in 2012. It is now set to be turned into a luxury hotel by a Spanish developer. The protest has been staged by an anti-fascist group known as 'Autonomous Nation of Anarchist Libertarians'.",0.9718,"Write a detailed news story that expands on the following summary points, elaborating them into a complete article.

Summary:
Admiralty Arch, which joins Trafalgar Square with the Mall, was mounted by protesters. A memorial to Queen Victoria, the gatehouse was built and was sold in 2012. It is now set to be turned into a luxury hotel by a Spanish developer. The protest has been staged by an anti-fascist group known as 'Autonomous Nation of Anarchist Libertarians'.

Story:","Protesters mounted Admiralty Arch, which joins Trafalgar Square with Mall .
The gatehouse, built as a memorial to Queen Victoria, was sold in 2012 .
It is now set to be turned into a luxury hotel after by Spanish developer .
Anti fascist group 'Autonomous Nation of Anarchist Libertarians'","Self-styled 'anarchist libertarian' squatters have set up camp in one of London's most historic monuments and unfurled banners reading  'Homes for all'. The protesters mounted Admiralty Arch, which joins Trafalgar Square with the Mall, and called for others to join them. It is not clear what their protest is attempting to highlight, as a garbled message posted on Facebook by the group simply calls for 'Christmas lights... any and all radical/revolutionary messages'. But banners bearing messages such as 'better squat than let homes rot' and 'respect existence or expect resistance' were seen hanging from the Grade-I listed building, as the masked demonstrators sat with their legs dangling over the side. Scroll down for video . Self-styled 'anarchist libertarian' squatters have set up camp in one of London's most historic monuments and unfurled banners reading 'Homes for all' One of the banners read, 'Respect existence or expect resistance' and another, 'better to squat than let homes rot' The protesters mounted the arch which joins Trafalgar Square with the Mall, and called for others to join them . It is not clear what their protest is attempting to highlight, as a garbled message posted on Facebook by the group simply calls for 'Christmas lights... any and all radical/revolutionary messages' The gatehouse, built as a memorial to Queen Victoria, was sold in 2012 after a Spanish hotel developer paid £60 million to buy it from the government. The five protesters from anti fascist group 'Autonomous Nation of Anarchist Libertarians (ANAL)' called for support in a message on their Facebook page as police converged on the area. They posted: 'Urgent shoutout for banners, Christmas lights and anything else we can use to make the most of this massive canvas we have. Any and all radical/revolutionary messages welcome, but a preference for antifa (sic) in anticipation of the pegeda event on the 4th of this month. Much love.' One onlooker, who asked not to be named, said: 'I've seen a couple of guys on different parts of the roof throughout this morning. 'All they were doing was shouting power to the people. I have no idea how they got in there because I'm pretty sure it's offices.' A man was walking across the roof of the arch this afternoon wearing a black sleeveless hoodie with the hood pulled up and a black scarf across his face. They added five photographs of themselves up on the building. They are believed to be the same group who took over the former offices of the Institute of Directors on Pall Mall in central London last month. The building, not far from Buckingham Palace, was targeted because it was originally opened by Tony Blair, the groups said at the time. The squatters later bragged that it 'wasn't difficult' to get into the historic landmark which is a five minutes walk from Buckingham Palace. The group said they got into the building overnight by climbing through an unlocked window. Proclaiming that what they were doing was 'more punk rock than the Sex Pistols,' one of the men, who only gave his name as 'Fox' said the group decided to take Admiralty Arch because it was a 'significant' building a stone's throw away from the Palace. 'Fox', who claimed to be one of the founders of the Autonomous Nation, said: ' We decided to take it because it is a significant building - you can see Buckingham Palace - there is a significant flow of traffic and we wanted to highlight the fact there are some corrupt individuals affecting this country and they need to get dragged out. Banners bearing housing messages were seen hanging from the Grade-I listed building as the masked demonstrators sat with their legs dangling over the side . 'Also, we wanted to highlight the fact that there are so many people that are homeless. 'We got in overnight through a window that was unlocked and just climbed in through that, there's about 15 of us here. 'The ironic thing is that we had been evicted from the building in Pall Mall and all we were doing was walking around here when a security guard said 'you can't come in here, you can't take this' - which said to us it must be empty and that's when we decided we could take it. 'We are trying our hardest to keep it clean and tidy, but when your squatting in central London the chaos does take its toll. 'We want to stay here as long as we can.' Fox admitted he was one of the hooded figures seen standing on the roof of the arch today and said he was shouting 'power to the people.' He also said that some of his colleagues were shouting 'ACAB' which stands for 'All Cops are B*****ds.' He added: 'That is not something I join in with [shouting about police] because I find a lot of police officers can be quite reasonable.' A 'Notice to Vacate' has been posted up the entrances to the landmark, however Fox warned that if the group are evicted 'There may be some individuals that do resistance. ' Another squatter, who asked not to be named, said: 'We decided to take it because it is two fingers up to the Royal Family. 'We are anarchists, we are not left wing or right wing, we are anarchists - look up the dictionary definition of the word. 'The Sex Pistols need to start doing a new album because what we are doing is more punk rock than the Sex Pistols.' Asked how long he wanted to squat in the landmark he replied 'indefinitely.' It is not the first time protesters have 'taken over' Admiralty Arch. In 2006, 14 Greenpeace protesters spent a day on the arch demonstrating over claims the government is using illegally logged wood. The gatehouse, built as a memorial to Queen Victoria, was sold in 2012 after a Spanish hotel developer paid £60 million to buy it from the government . The five protesters from anti fascist group 'Autonomous Nation of Anarchist Libertarians (ANAL)' called for support in a message on their Facebook page as police converged on the area . They added five photographs of themselves up on the building. It is not the first time protesters have 'taken over' the memorial . They unfurled banners accusing the government of 'trashing rainforests' during Cabinet Office renovations . A Metropolitan Police spokeswoman said: 'At approximately 10.22 this morning we were made aware of five protesters on the roof of Admiralty Arch opposite Trafalgar Square. 'They remain on the roof. Officers are in attendance.' Facebook user Love Activists posted: 'Love activists, SHA and the Autonomous Nation Of Anarchist Libertarians have occupied the old cabinet office opposite trafalgar square, on the road which leads directly towards the palace. We call out for all hands to assist us.' Another user Natasha Quarmby added: 'The Guinness Trust AST tenants are in court today, trying to save their homes, they are on their own, and not getting the support that perhaps other Social Housing campaigns are getting, like the Aylesbury Estate or Sweets Way.... I urge you to visit to visit their page and show some support, they would really appreciate it. 'What about these guys too, No Russel Brand on hand here.... Show them some support x (sic)' Tenants face losing their homes for a new housing development on the Guinness Estate in Loughborough Park, Brixton, and have been staging protests. Housing trust the Guinness Partnership is planning to redevelop the estate and create 525 new homes on the site. Tenants on shorthold tenancy contracts have been told they have until April to find new housing. Many of the tenants have been living in the building for over 10 years and claim they will have to find somewhere to live outside London as they can no longer afford to pay Brixton rent prices. Admiralty Arch was commissioned by King Edward VII as a memorial to his mother, Queen Victoria, and was designed by the architect Sir Aston Webb. Completed in 1912, it spans the entrance to Trafalgar Square from The Mall and was traditionally used as the residence of the First Sea Lord and the heads of the Royal Navy. Admiralty Arch was commissioned by King Edward VII as a memorial to his mother, Queen Victoria, and was designed by the architect Sir Aston Webb. It is pictured during the Royal Wedding of Princess Elizabeth (Queen Elizabeth II) and Prince Philip (Duke of Edinburgh) at Westminster Abbey in November 1947 . Neighbouring Admiralty House has provided grace-and-favour apartments for politicians including former defence secretary Liam Fox and former deputy prime minister John Prescott. The 147,300sq ft arch is spread across a basement, lower ground and ground floor, and five upper floors. The Government sold the long-term lease on the building in 2013. It is retaining the freehold, so will still have the final say after a Spanish hotel developer paid £60 million to buy it. Nights in the historic landmark, which joins Trafalgar Square with the Mall, won't come cheaply though; new owner Rafael Serrano is also the man behind the Bulgari Hotel in Knightsbridge, where rooms cost from £850 a night."
crea_0003,creative,7,elaborated,"Protesters mounted Admiralty Arch, which joins Trafalgar Square with Mall .
The gatehouse, built as a memorial to Queen Victoria, was sold in 2012 .
It is now set to be turned into a luxury hotel after by Spanish developer .
Anti fascist group 'Autonomous Nation of Anarchist Libertarians'","Demonstrators gathered at Admiralty Arch, a historic landmark that connects Trafalgar Square with The Mall, to express their discontent. This iconic gatehouse, originally constructed as a tribute to the memory of Queen Victoria, was sold in 2012 to a private entity. Its future now entails a transformation into an upscale hotel, courtesy of a Spanish development firm. The protest was organized by the 'Autonomous Nation of Anarchist Libertarians', a group that identifies itself as anti-fascist.",0.9394,"Write a detailed news story that expands on the following summary points, elaborating them into a complete article.

Summary:
Demonstrators gathered at Admiralty Arch, a historic landmark that connects Trafalgar Square with The Mall, to express their discontent. This iconic gatehouse, originally constructed as a tribute to the memory of Queen Victoria, was sold in 2012 to a private entity. Its future now entails a transformation into an upscale hotel, courtesy of a Spanish development firm. The protest was organized by the 'Autonomous Nation of Anarchist Libertarians', a group that identifies itself as anti-fascist.

Story:","Protesters mounted Admiralty Arch, which joins Trafalgar Square with Mall .
The gatehouse, built as a memorial to Queen Victoria, was sold in 2012 .
It is now set to be turned into a luxury hotel after by Spanish developer .
Anti fascist group 'Autonomous Nation of Anarchist Libertarians'","Self-styled 'anarchist libertarian' squatters have set up camp in one of London's most historic monuments and unfurled banners reading  'Homes for all'. The protesters mounted Admiralty Arch, which joins Trafalgar Square with the Mall, and called for others to join them. It is not clear what their protest is attempting to highlight, as a garbled message posted on Facebook by the group simply calls for 'Christmas lights... any and all radical/revolutionary messages'. But banners bearing messages such as 'better squat than let homes rot' and 'respect existence or expect resistance' were seen hanging from the Grade-I listed building, as the masked demonstrators sat with their legs dangling over the side. Scroll down for video . Self-styled 'anarchist libertarian' squatters have set up camp in one of London's most historic monuments and unfurled banners reading 'Homes for all' One of the banners read, 'Respect existence or expect resistance' and another, 'better to squat than let homes rot' The protesters mounted the arch which joins Trafalgar Square with the Mall, and called for others to join them . It is not clear what their protest is attempting to highlight, as a garbled message posted on Facebook by the group simply calls for 'Christmas lights... any and all radical/revolutionary messages' The gatehouse, built as a memorial to Queen Victoria, was sold in 2012 after a Spanish hotel developer paid £60 million to buy it from the government. The five protesters from anti fascist group 'Autonomous Nation of Anarchist Libertarians (ANAL)' called for support in a message on their Facebook page as police converged on the area. They posted: 'Urgent shoutout for banners, Christmas lights and anything else we can use to make the most of this massive canvas we have. Any and all radical/revolutionary messages welcome, but a preference for antifa (sic) in anticipation of the pegeda event on the 4th of this month. Much love.' One onlooker, who asked not to be named, said: 'I've seen a couple of guys on different parts of the roof throughout this morning. 'All they were doing was shouting power to the people. I have no idea how they got in there because I'm pretty sure it's offices.' A man was walking across the roof of the arch this afternoon wearing a black sleeveless hoodie with the hood pulled up and a black scarf across his face. They added five photographs of themselves up on the building. They are believed to be the same group who took over the former offices of the Institute of Directors on Pall Mall in central London last month. The building, not far from Buckingham Palace, was targeted because it was originally opened by Tony Blair, the groups said at the time. The squatters later bragged that it 'wasn't difficult' to get into the historic landmark which is a five minutes walk from Buckingham Palace. The group said they got into the building overnight by climbing through an unlocked window. Proclaiming that what they were doing was 'more punk rock than the Sex Pistols,' one of the men, who only gave his name as 'Fox' said the group decided to take Admiralty Arch because it was a 'significant' building a stone's throw away from the Palace. 'Fox', who claimed to be one of the founders of the Autonomous Nation, said: ' We decided to take it because it is a significant building - you can see Buckingham Palace - there is a significant flow of traffic and we wanted to highlight the fact there are some corrupt individuals affecting this country and they need to get dragged out. Banners bearing housing messages were seen hanging from the Grade-I listed building as the masked demonstrators sat with their legs dangling over the side . 'Also, we wanted to highlight the fact that there are so many people that are homeless. 'We got in overnight through a window that was unlocked and just climbed in through that, there's about 15 of us here. 'The ironic thing is that we had been evicted from the building in Pall Mall and all we were doing was walking around here when a security guard said 'you can't come in here, you can't take this' - which said to us it must be empty and that's when we decided we could take it. 'We are trying our hardest to keep it clean and tidy, but when your squatting in central London the chaos does take its toll. 'We want to stay here as long as we can.' Fox admitted he was one of the hooded figures seen standing on the roof of the arch today and said he was shouting 'power to the people.' He also said that some of his colleagues were shouting 'ACAB' which stands for 'All Cops are B*****ds.' He added: 'That is not something I join in with [shouting about police] because I find a lot of police officers can be quite reasonable.' A 'Notice to Vacate' has been posted up the entrances to the landmark, however Fox warned that if the group are evicted 'There may be some individuals that do resistance. ' Another squatter, who asked not to be named, said: 'We decided to take it because it is two fingers up to the Royal Family. 'We are anarchists, we are not left wing or right wing, we are anarchists - look up the dictionary definition of the word. 'The Sex Pistols need to start doing a new album because what we are doing is more punk rock than the Sex Pistols.' Asked how long he wanted to squat in the landmark he replied 'indefinitely.' It is not the first time protesters have 'taken over' Admiralty Arch. In 2006, 14 Greenpeace protesters spent a day on the arch demonstrating over claims the government is using illegally logged wood. The gatehouse, built as a memorial to Queen Victoria, was sold in 2012 after a Spanish hotel developer paid £60 million to buy it from the government . The five protesters from anti fascist group 'Autonomous Nation of Anarchist Libertarians (ANAL)' called for support in a message on their Facebook page as police converged on the area . They added five photographs of themselves up on the building. It is not the first time protesters have 'taken over' the memorial . They unfurled banners accusing the government of 'trashing rainforests' during Cabinet Office renovations . A Metropolitan Police spokeswoman said: 'At approximately 10.22 this morning we were made aware of five protesters on the roof of Admiralty Arch opposite Trafalgar Square. 'They remain on the roof. Officers are in attendance.' Facebook user Love Activists posted: 'Love activists, SHA and the Autonomous Nation Of Anarchist Libertarians have occupied the old cabinet office opposite trafalgar square, on the road which leads directly towards the palace. We call out for all hands to assist us.' Another user Natasha Quarmby added: 'The Guinness Trust AST tenants are in court today, trying to save their homes, they are on their own, and not getting the support that perhaps other Social Housing campaigns are getting, like the Aylesbury Estate or Sweets Way.... I urge you to visit to visit their page and show some support, they would really appreciate it. 'What about these guys too, No Russel Brand on hand here.... Show them some support x (sic)' Tenants face losing their homes for a new housing development on the Guinness Estate in Loughborough Park, Brixton, and have been staging protests. Housing trust the Guinness Partnership is planning to redevelop the estate and create 525 new homes on the site. Tenants on shorthold tenancy contracts have been told they have until April to find new housing. Many of the tenants have been living in the building for over 10 years and claim they will have to find somewhere to live outside London as they can no longer afford to pay Brixton rent prices. Admiralty Arch was commissioned by King Edward VII as a memorial to his mother, Queen Victoria, and was designed by the architect Sir Aston Webb. Completed in 1912, it spans the entrance to Trafalgar Square from The Mall and was traditionally used as the residence of the First Sea Lord and the heads of the Royal Navy. Admiralty Arch was commissioned by King Edward VII as a memorial to his mother, Queen Victoria, and was designed by the architect Sir Aston Webb. It is pictured during the Royal Wedding of Princess Elizabeth (Queen Elizabeth II) and Prince Philip (Duke of Edinburgh) at Westminster Abbey in November 1947 . Neighbouring Admiralty House has provided grace-and-favour apartments for politicians including former defence secretary Liam Fox and former deputy prime minister John Prescott. The 147,300sq ft arch is spread across a basement, lower ground and ground floor, and five upper floors. The Government sold the long-term lease on the building in 2013. It is retaining the freehold, so will still have the final say after a Spanish hotel developer paid £60 million to buy it. Nights in the historic landmark, which joins Trafalgar Square with the Mall, won't come cheaply though; new owner Rafael Serrano is also the man behind the Bulgari Hotel in Knightsbridge, where rooms cost from £850 a night."
crea_0004,creative,0,passive_voice,"Atletico Madrid 0-0 Real Madrid: Click here for Martin Samuel's report .
Atletico have a knack for replacing star players with others just as good .
Jan Oblak is the latest, having replaced goalkeeper Thibaut Courtois .
Mario Mandzukic looks to be a suitable replacement for Diego Costa .","Atletico Madrid 0-0 Real Madrid: A match report by Martin Samuel can be accessed here. A knack for replacing star players with others of equal caliber has been demonstrated by Atletico. The latest replacement is Jan Oblak, who has taken over as goalkeeper from Thibaut Courtois. A suitable replacement for Diego Costa appears to be Mario Mandzukic.",0.9695,"Write a detailed news story that expands on the following summary points, elaborating them into a complete article.

Summary:
Atletico Madrid 0-0 Real Madrid: A match report by Martin Samuel can be accessed here. A knack for replacing star players with others of equal caliber has been demonstrated by Atletico. The latest replacement is Jan Oblak, who has taken over as goalkeeper from Thibaut Courtois. A suitable replacement for Diego Costa appears to be Mario Mandzukic.

Story:","Atletico Madrid 0-0 Real Madrid: Click here for Martin Samuel's report .
Atletico have a knack for replacing star players with others just as good .
Jan Oblak is the latest, having replaced goalkeeper Thibaut Courtois .
Mario Mandzukic looks to be a suitable replacement for Diego Costa .","One very good player moves out and another very good player moves in. Atletico Madrid supporters have stopped fretting about departures because they have good reason to be confident in the people that run the club and their ability to find adequate replacements. In goal Sergio Asenjo became David De Gea, became Thibaut Courtois, who looks to have become Jan Oblak. Playmaker Diego Ribas became Arda Turan. While centre-forward Diego Forlan became Sergio Aguero, became Radamel Falcao, became Diego Costa who has now become that bloodied battering-ram Mario Mandzukic. Atletico Madrid know how to replace stars, from David De Gea (left to right), to Thibaut Courtois, to Jan Oblak . Sergio Aguero (left) was a star at Atletico before being replaced by Radamel Falcao at the Spanish club . Diego Costa (left, squaring up to John Terry) was sold to Chelsea but replaced by Mario Mandzukic (right) Atletico manager Diego Simeone has been pulling the strings at the La Liga club in terms of transfers . The secret of their success is often exactly that – a secret. No club has used the third-party ownership lenience in Spain more to its advantage than Atletico Madrid. Transfers like Radamel Falcao were always shrouded in mystery. How were they able to sell Aguero to Manchester City and hand over a large portion of the fee to the tax man to service their monumental overdraft with the state, and yet still go into the transfer market and get Falcao for an even higher price than Aguero? Jorge Mendes has worked closely with the club and with its managing director Miguel angel Gil Marin across the last five years and there is no question the club have benefited from a healthy relationship with the world’s most prolific agent. It was bordering on comical in 2010 when the Globe Soccer Awards in Dubai picked Gil as its sports director of the year. Mendes played a large part in the setting up of the annual awards – he himself has won agent of the year every year since its inauguration. Atletico playmaker Diego Ribas became Arda Turan at the Vicente Calderon under Simeone . Falcao (right), formerly of Atletico, sits with super-agent Jorge Mendes (left) during a match in France . Atletico's CEO Miguel Angel Gil Marin (far right) give a press conference in Madrid in 2009 . His domination of the best agent award was easier to justify than Gil’s prize that year, coming as it did when Atletico were still hugely indebted to Spain’s Inland Revenue and forced to fire sell every summer. But Gil has led Atletico out of trouble. He has picked his agent friends well, worked the loophole in the system – one Fifa want to close allowing third party ownership in Spain when it is banned in other leagues - and that has played a part in the club's rise. Mendes it was who discovered Costa and brought him to Atletico Madrid via Portugal. The super-agent can also claim to have been the man who saw the huge potential in the unrefined Brazilian front man, overruling scouts that he usually trusted without question and signing the youngster from Lagarto thus beginning the process of making him one of Europe’s top striker. He was loaned him out to four La Liga clubs but was always brought back to Atletico who would eventually win the Spanish Cup, the European Super Cup and the League with him as their centre-forward. Koke is Atletico's brightest homegrown talent and he lined up in midfield on Tuesday night . Mario Suarez and Gabi try to stop Cristiano Ronaldo during the Madrid derby in the Champions League . As well as using the right agents to get the right players Atletico have – like so many teams in Spain benefitted from an extensive and well-run youth system. Koke is their brightest homegrown talent and he lined up in midfield on Tuesday against Real Madrid with Mario Suarez and Gabi who also both came through the ranks at Atletico albeit only arriving at the first team after long spells away from the club. Next season Oliver Torres should return from a hugely successful spell at Porto and line up alongside another off the conveyor build: the hugely impressive Saul Niguez. It also shouldn’t be forgotten that with a very similar squad back in 2012 Atletico Madrid were closer to the relegation places than the European places and even their most blinkered fan would have dismissed out of hand the idea that they would ever be winning the league and playing the Champions League final in the same season any time soon. The reason for the change is perhaps their greatest signing of all – Diego Simeone. He arrived at the start of 2012 just after they had been knocked out of Copa del Rey by a third division side. The likes of former Osasuna winger Juanfran were in the team back then too – he looked a symbol of the oh-so average signings being made by the club at the time. Simeone has been up there with their greatest signings when they made him manager previously . Juanfran was converted by Simeone to full-back and is now in the form of his life at Atletico . Juanfran was converted by Simeone to full-back and is now first choice on the right hand side of Spain’s defence. His transformation is still a symbol, only now it is one of just how much the club and team have progressed. Chinese company Wanda now owns 20 per cent of Atletico Madrid, their tax debt is under control and they are in a position to sign players without having to sell. Having bought so well when they were in a worse financial situation, supporters are optimistic – just as long as they don’t lose Simeone: the real alchemist at Atletico Madrid."
crea_0004,creative,1,elaborated,"Atletico Madrid 0-0 Real Madrid: Click here for Martin Samuel's report .
Atletico have a knack for replacing star players with others just as good .
Jan Oblak is the latest, having replaced goalkeeper Thibaut Courtois .
Mario Mandzukic looks to be a suitable replacement for Diego Costa .","Atletico Madrid 0-0 Real Madrid: A detailed match analysis by Martin Samuel is available here. Atletico Madrid has consistently demonstrated an impressive ability to seamlessly fill the void left by departing star players with equally talented replacements, showcasing the team's depth and scouting prowess. The latest example of this trend is the emergence of Jan Oblak, who has successfully stepped into the role of goalkeeper Thibaut Courtois, solidifying the team's defensive backbone. Meanwhile, Mario Mandzukic appears to be a worthy successor to the prolific Diego Costa, hinting at a bright future for the club.",0.906,"Write a detailed news story that expands on the following summary points, elaborating them into a complete article.

Summary:
Atletico Madrid 0-0 Real Madrid: A detailed match analysis by Martin Samuel is available here. Atletico Madrid has consistently demonstrated an impressive ability to seamlessly fill the void left by departing star players with equally talented replacements, showcasing the team's depth and scouting prowess. The latest example of this trend is the emergence of Jan Oblak, who has successfully stepped into the role of goalkeeper Thibaut Courtois, solidifying the team's defensive backbone. Meanwhile, Mario Mandzukic appears to be a worthy successor to the prolific Diego Costa, hinting at a bright future for the club.

Story:","Atletico Madrid 0-0 Real Madrid: Click here for Martin Samuel's report .
Atletico have a knack for replacing star players with others just as good .
Jan Oblak is the latest, having replaced goalkeeper Thibaut Courtois .
Mario Mandzukic looks to be a suitable replacement for Diego Costa .","One very good player moves out and another very good player moves in. Atletico Madrid supporters have stopped fretting about departures because they have good reason to be confident in the people that run the club and their ability to find adequate replacements. In goal Sergio Asenjo became David De Gea, became Thibaut Courtois, who looks to have become Jan Oblak. Playmaker Diego Ribas became Arda Turan. While centre-forward Diego Forlan became Sergio Aguero, became Radamel Falcao, became Diego Costa who has now become that bloodied battering-ram Mario Mandzukic. Atletico Madrid know how to replace stars, from David De Gea (left to right), to Thibaut Courtois, to Jan Oblak . Sergio Aguero (left) was a star at Atletico before being replaced by Radamel Falcao at the Spanish club . Diego Costa (left, squaring up to John Terry) was sold to Chelsea but replaced by Mario Mandzukic (right) Atletico manager Diego Simeone has been pulling the strings at the La Liga club in terms of transfers . The secret of their success is often exactly that – a secret. No club has used the third-party ownership lenience in Spain more to its advantage than Atletico Madrid. Transfers like Radamel Falcao were always shrouded in mystery. How were they able to sell Aguero to Manchester City and hand over a large portion of the fee to the tax man to service their monumental overdraft with the state, and yet still go into the transfer market and get Falcao for an even higher price than Aguero? Jorge Mendes has worked closely with the club and with its managing director Miguel angel Gil Marin across the last five years and there is no question the club have benefited from a healthy relationship with the world’s most prolific agent. It was bordering on comical in 2010 when the Globe Soccer Awards in Dubai picked Gil as its sports director of the year. Mendes played a large part in the setting up of the annual awards – he himself has won agent of the year every year since its inauguration. Atletico playmaker Diego Ribas became Arda Turan at the Vicente Calderon under Simeone . Falcao (right), formerly of Atletico, sits with super-agent Jorge Mendes (left) during a match in France . Atletico's CEO Miguel Angel Gil Marin (far right) give a press conference in Madrid in 2009 . His domination of the best agent award was easier to justify than Gil’s prize that year, coming as it did when Atletico were still hugely indebted to Spain’s Inland Revenue and forced to fire sell every summer. But Gil has led Atletico out of trouble. He has picked his agent friends well, worked the loophole in the system – one Fifa want to close allowing third party ownership in Spain when it is banned in other leagues - and that has played a part in the club's rise. Mendes it was who discovered Costa and brought him to Atletico Madrid via Portugal. The super-agent can also claim to have been the man who saw the huge potential in the unrefined Brazilian front man, overruling scouts that he usually trusted without question and signing the youngster from Lagarto thus beginning the process of making him one of Europe’s top striker. He was loaned him out to four La Liga clubs but was always brought back to Atletico who would eventually win the Spanish Cup, the European Super Cup and the League with him as their centre-forward. Koke is Atletico's brightest homegrown talent and he lined up in midfield on Tuesday night . Mario Suarez and Gabi try to stop Cristiano Ronaldo during the Madrid derby in the Champions League . As well as using the right agents to get the right players Atletico have – like so many teams in Spain benefitted from an extensive and well-run youth system. Koke is their brightest homegrown talent and he lined up in midfield on Tuesday against Real Madrid with Mario Suarez and Gabi who also both came through the ranks at Atletico albeit only arriving at the first team after long spells away from the club. Next season Oliver Torres should return from a hugely successful spell at Porto and line up alongside another off the conveyor build: the hugely impressive Saul Niguez. It also shouldn’t be forgotten that with a very similar squad back in 2012 Atletico Madrid were closer to the relegation places than the European places and even their most blinkered fan would have dismissed out of hand the idea that they would ever be winning the league and playing the Champions League final in the same season any time soon. The reason for the change is perhaps their greatest signing of all – Diego Simeone. He arrived at the start of 2012 just after they had been knocked out of Copa del Rey by a third division side. The likes of former Osasuna winger Juanfran were in the team back then too – he looked a symbol of the oh-so average signings being made by the club at the time. Simeone has been up there with their greatest signings when they made him manager previously . Juanfran was converted by Simeone to full-back and is now in the form of his life at Atletico . Juanfran was converted by Simeone to full-back and is now first choice on the right hand side of Spain’s defence. His transformation is still a symbol, only now it is one of just how much the club and team have progressed. Chinese company Wanda now owns 20 per cent of Atletico Madrid, their tax debt is under control and they are in a position to sign players without having to sell. Having bought so well when they were in a worse financial situation, supporters are optimistic – just as long as they don’t lose Simeone: the real alchemist at Atletico Madrid."
crea_0004,creative,2,technical_vocab,"Atletico Madrid 0-0 Real Madrid: Click here for Martin Samuel's report .
Atletico have a knack for replacing star players with others just as good .
Jan Oblak is the latest, having replaced goalkeeper Thibaut Courtois .
Mario Mandzukic looks to be a suitable replacement for Diego Costa .","Atletico Madrid 0-0 Real Madrid: A detailed analysis is available in Martin Samuel's report. Atletico Madrid has a proven track record of seamlessly integrating replacements for departing key players, with comparable levels of proficiency. Jan Oblak has recently assumed the goalkeeping role, effectively filling the void left by the departure of Thibaut Courtois. Mario Mandzukic appears to be a viable successor to the outgoing Diego Costa.",0.9229,"Write a detailed news story that expands on the following summary points, elaborating them into a complete article.

Summary:
Atletico Madrid 0-0 Real Madrid: A detailed analysis is available in Martin Samuel's report. Atletico Madrid has a proven track record of seamlessly integrating replacements for departing key players, with comparable levels of proficiency. Jan Oblak has recently assumed the goalkeeping role, effectively filling the void left by the departure of Thibaut Courtois. Mario Mandzukic appears to be a viable successor to the outgoing Diego Costa.

Story:","Atletico Madrid 0-0 Real Madrid: Click here for Martin Samuel's report .
Atletico have a knack for replacing star players with others just as good .
Jan Oblak is the latest, having replaced goalkeeper Thibaut Courtois .
Mario Mandzukic looks to be a suitable replacement for Diego Costa .","One very good player moves out and another very good player moves in. Atletico Madrid supporters have stopped fretting about departures because they have good reason to be confident in the people that run the club and their ability to find adequate replacements. In goal Sergio Asenjo became David De Gea, became Thibaut Courtois, who looks to have become Jan Oblak. Playmaker Diego Ribas became Arda Turan. While centre-forward Diego Forlan became Sergio Aguero, became Radamel Falcao, became Diego Costa who has now become that bloodied battering-ram Mario Mandzukic. Atletico Madrid know how to replace stars, from David De Gea (left to right), to Thibaut Courtois, to Jan Oblak . Sergio Aguero (left) was a star at Atletico before being replaced by Radamel Falcao at the Spanish club . Diego Costa (left, squaring up to John Terry) was sold to Chelsea but replaced by Mario Mandzukic (right) Atletico manager Diego Simeone has been pulling the strings at the La Liga club in terms of transfers . The secret of their success is often exactly that – a secret. No club has used the third-party ownership lenience in Spain more to its advantage than Atletico Madrid. Transfers like Radamel Falcao were always shrouded in mystery. How were they able to sell Aguero to Manchester City and hand over a large portion of the fee to the tax man to service their monumental overdraft with the state, and yet still go into the transfer market and get Falcao for an even higher price than Aguero? Jorge Mendes has worked closely with the club and with its managing director Miguel angel Gil Marin across the last five years and there is no question the club have benefited from a healthy relationship with the world’s most prolific agent. It was bordering on comical in 2010 when the Globe Soccer Awards in Dubai picked Gil as its sports director of the year. Mendes played a large part in the setting up of the annual awards – he himself has won agent of the year every year since its inauguration. Atletico playmaker Diego Ribas became Arda Turan at the Vicente Calderon under Simeone . Falcao (right), formerly of Atletico, sits with super-agent Jorge Mendes (left) during a match in France . Atletico's CEO Miguel Angel Gil Marin (far right) give a press conference in Madrid in 2009 . His domination of the best agent award was easier to justify than Gil’s prize that year, coming as it did when Atletico were still hugely indebted to Spain’s Inland Revenue and forced to fire sell every summer. But Gil has led Atletico out of trouble. He has picked his agent friends well, worked the loophole in the system – one Fifa want to close allowing third party ownership in Spain when it is banned in other leagues - and that has played a part in the club's rise. Mendes it was who discovered Costa and brought him to Atletico Madrid via Portugal. The super-agent can also claim to have been the man who saw the huge potential in the unrefined Brazilian front man, overruling scouts that he usually trusted without question and signing the youngster from Lagarto thus beginning the process of making him one of Europe’s top striker. He was loaned him out to four La Liga clubs but was always brought back to Atletico who would eventually win the Spanish Cup, the European Super Cup and the League with him as their centre-forward. Koke is Atletico's brightest homegrown talent and he lined up in midfield on Tuesday night . Mario Suarez and Gabi try to stop Cristiano Ronaldo during the Madrid derby in the Champions League . As well as using the right agents to get the right players Atletico have – like so many teams in Spain benefitted from an extensive and well-run youth system. Koke is their brightest homegrown talent and he lined up in midfield on Tuesday against Real Madrid with Mario Suarez and Gabi who also both came through the ranks at Atletico albeit only arriving at the first team after long spells away from the club. Next season Oliver Torres should return from a hugely successful spell at Porto and line up alongside another off the conveyor build: the hugely impressive Saul Niguez. It also shouldn’t be forgotten that with a very similar squad back in 2012 Atletico Madrid were closer to the relegation places than the European places and even their most blinkered fan would have dismissed out of hand the idea that they would ever be winning the league and playing the Champions League final in the same season any time soon. The reason for the change is perhaps their greatest signing of all – Diego Simeone. He arrived at the start of 2012 just after they had been knocked out of Copa del Rey by a third division side. The likes of former Osasuna winger Juanfran were in the team back then too – he looked a symbol of the oh-so average signings being made by the club at the time. Simeone has been up there with their greatest signings when they made him manager previously . Juanfran was converted by Simeone to full-back and is now in the form of his life at Atletico . Juanfran was converted by Simeone to full-back and is now first choice on the right hand side of Spain’s defence. His transformation is still a symbol, only now it is one of just how much the club and team have progressed. Chinese company Wanda now owns 20 per cent of Atletico Madrid, their tax debt is under control and they are in a position to sign players without having to sell. Having bought so well when they were in a worse financial situation, supporters are optimistic – just as long as they don’t lose Simeone: the real alchemist at Atletico Madrid."
crea_0004,creative,3,simple_vocab,"Atletico Madrid 0-0 Real Madrid: Click here for Martin Samuel's report .
Atletico have a knack for replacing star players with others just as good .
Jan Oblak is the latest, having replaced goalkeeper Thibaut Courtois .
Mario Mandzukic looks to be a suitable replacement for Diego Costa .","Atletico Madrid 0-0 Real Madrid: See Martin Samuel's report here. Atletico is very good at finding new players who are just as talented as the ones they lose. Goalkeeper Jan Oblak is a perfect example, taking the place of Thibaut Courtois. Mario Mandzukic seems like a great replacement for Diego Costa.",0.9083,"Write a detailed news story that expands on the following summary points, elaborating them into a complete article.

Summary:
Atletico Madrid 0-0 Real Madrid: See Martin Samuel's report here. Atletico is very good at finding new players who are just as talented as the ones they lose. Goalkeeper Jan Oblak is a perfect example, taking the place of Thibaut Courtois. Mario Mandzukic seems like a great replacement for Diego Costa.

Story:","Atletico Madrid 0-0 Real Madrid: Click here for Martin Samuel's report .
Atletico have a knack for replacing star players with others just as good .
Jan Oblak is the latest, having replaced goalkeeper Thibaut Courtois .
Mario Mandzukic looks to be a suitable replacement for Diego Costa .","One very good player moves out and another very good player moves in. Atletico Madrid supporters have stopped fretting about departures because they have good reason to be confident in the people that run the club and their ability to find adequate replacements. In goal Sergio Asenjo became David De Gea, became Thibaut Courtois, who looks to have become Jan Oblak. Playmaker Diego Ribas became Arda Turan. While centre-forward Diego Forlan became Sergio Aguero, became Radamel Falcao, became Diego Costa who has now become that bloodied battering-ram Mario Mandzukic. Atletico Madrid know how to replace stars, from David De Gea (left to right), to Thibaut Courtois, to Jan Oblak . Sergio Aguero (left) was a star at Atletico before being replaced by Radamel Falcao at the Spanish club . Diego Costa (left, squaring up to John Terry) was sold to Chelsea but replaced by Mario Mandzukic (right) Atletico manager Diego Simeone has been pulling the strings at the La Liga club in terms of transfers . The secret of their success is often exactly that – a secret. No club has used the third-party ownership lenience in Spain more to its advantage than Atletico Madrid. Transfers like Radamel Falcao were always shrouded in mystery. How were they able to sell Aguero to Manchester City and hand over a large portion of the fee to the tax man to service their monumental overdraft with the state, and yet still go into the transfer market and get Falcao for an even higher price than Aguero? Jorge Mendes has worked closely with the club and with its managing director Miguel angel Gil Marin across the last five years and there is no question the club have benefited from a healthy relationship with the world’s most prolific agent. It was bordering on comical in 2010 when the Globe Soccer Awards in Dubai picked Gil as its sports director of the year. Mendes played a large part in the setting up of the annual awards – he himself has won agent of the year every year since its inauguration. Atletico playmaker Diego Ribas became Arda Turan at the Vicente Calderon under Simeone . Falcao (right), formerly of Atletico, sits with super-agent Jorge Mendes (left) during a match in France . Atletico's CEO Miguel Angel Gil Marin (far right) give a press conference in Madrid in 2009 . His domination of the best agent award was easier to justify than Gil’s prize that year, coming as it did when Atletico were still hugely indebted to Spain’s Inland Revenue and forced to fire sell every summer. But Gil has led Atletico out of trouble. He has picked his agent friends well, worked the loophole in the system – one Fifa want to close allowing third party ownership in Spain when it is banned in other leagues - and that has played a part in the club's rise. Mendes it was who discovered Costa and brought him to Atletico Madrid via Portugal. The super-agent can also claim to have been the man who saw the huge potential in the unrefined Brazilian front man, overruling scouts that he usually trusted without question and signing the youngster from Lagarto thus beginning the process of making him one of Europe’s top striker. He was loaned him out to four La Liga clubs but was always brought back to Atletico who would eventually win the Spanish Cup, the European Super Cup and the League with him as their centre-forward. Koke is Atletico's brightest homegrown talent and he lined up in midfield on Tuesday night . Mario Suarez and Gabi try to stop Cristiano Ronaldo during the Madrid derby in the Champions League . As well as using the right agents to get the right players Atletico have – like so many teams in Spain benefitted from an extensive and well-run youth system. Koke is their brightest homegrown talent and he lined up in midfield on Tuesday against Real Madrid with Mario Suarez and Gabi who also both came through the ranks at Atletico albeit only arriving at the first team after long spells away from the club. Next season Oliver Torres should return from a hugely successful spell at Porto and line up alongside another off the conveyor build: the hugely impressive Saul Niguez. It also shouldn’t be forgotten that with a very similar squad back in 2012 Atletico Madrid were closer to the relegation places than the European places and even their most blinkered fan would have dismissed out of hand the idea that they would ever be winning the league and playing the Champions League final in the same season any time soon. The reason for the change is perhaps their greatest signing of all – Diego Simeone. He arrived at the start of 2012 just after they had been knocked out of Copa del Rey by a third division side. The likes of former Osasuna winger Juanfran were in the team back then too – he looked a symbol of the oh-so average signings being made by the club at the time. Simeone has been up there with their greatest signings when they made him manager previously . Juanfran was converted by Simeone to full-back and is now in the form of his life at Atletico . Juanfran was converted by Simeone to full-back and is now first choice on the right hand side of Spain’s defence. His transformation is still a symbol, only now it is one of just how much the club and team have progressed. Chinese company Wanda now owns 20 per cent of Atletico Madrid, their tax debt is under control and they are in a position to sign players without having to sell. Having bought so well when they were in a worse financial situation, supporters are optimistic – just as long as they don’t lose Simeone: the real alchemist at Atletico Madrid."
