instance_id,task,variant_idx,strategy,base_text,paraphrased_text,sbert_similarity,full_prompt,input_text,reference_output
summ_0000,summarization,0,casual_tone,"Summarize the following news article in 3-4 sentences, capturing the main events and key details.",The following are the main events and key details of the news article.,0.85,"The following are the main events and key details of the news article.

Article:
One very good player moves out and another very good player moves in. Atletico Madrid supporters have stopped fretting about departures because they have good reason to be confident in the people that run the club and their ability to find adequate replacements. In goal Sergio Asenjo became David De Gea, became Thibaut Courtois, who looks to have become Jan Oblak. Playmaker Diego Ribas became Arda Turan. While centre-forward Diego Forlan became Sergio Aguero, became Radamel Falcao, became Diego Costa who has now become that bloodied battering-ram Mario Mandzukic. Atletico Madrid know how to replace stars, from David De Gea (left to right), to Thibaut Courtois, to Jan Oblak . Sergio Aguero (left) was a star at Atletico before being replaced by Radamel Falcao at the Spanish club . Diego Costa (left, squaring up to John Terry) was sold to Chelsea but replaced by Mario Mandzukic (right) Atletico manager Diego Simeone has been pulling the strings at the La Liga club in terms of transfers . The secret of their success is often exactly that – a secret. No club has used the third-party ownership lenience in Spain more to its advantage than Atletico Madrid. Transfers like Radamel Falcao were always shrouded in mystery. How were they able to sell Aguero to Manchester City and hand over a large portion of the fee to the tax man to service their monumental overdraft with the state, and yet still go into the transfer market and get Falcao for an even higher price than Aguero? Jorge Mendes has worked closely with the club and with its managing director Miguel angel Gil Marin across the last five years and there is no question the club have benefited from a healthy relationship with the world’s most prolific agent. It was bordering on comical in 2010 when the Globe Soccer Awards in Dubai picked Gil as its sports director of the year. Mendes played a large part in the setting up of the annual awards – he himself has won agent of the year every year since its inauguration. Atletico playmaker Diego Ribas became Arda Turan at the Vicente Calderon under Simeone . Falcao (right), formerly of Atletico, sits with super-agent Jorge Mendes (left) during a match in France . Atletico's CEO Miguel Angel Gil Marin (far right) give a press conference in Madrid in 2009 . His domination of the best agent award was easier to justify than Gil’s prize that year, coming as it did when Atletico were still hugely indebted to Spain’s Inland Revenue and forced to fire sell every summer. But Gil has led Atletico out of trouble. He has picked his agent friends well, worked the loophole in the system – one Fifa want to close allowing third party ownership in Spain when it is banned in other leagues - and that has played a part in the club's rise. Mendes it was who discovered Costa and brought him to Atletico Madrid via Portugal. The super-agent can also claim to have been the man who saw the huge potential in the unrefined Brazilian front man, overruling scouts that he usually trusted without question and signing the youngster from Lagarto thus beginning the process of making him one of Europe’s top striker. He was loaned him out to four La Liga clubs but was always brought back to Atletico who would eventually win the Spanish Cup, the European Super Cup and the League with him as their centre-forward. Koke is Atletico's brightest homegrown talent and he lined up in midfield on Tuesday night . Mario Suarez and Gabi try to stop Cristiano Ronaldo during the Madrid derby in the Champions League . As well as using the right agents to get the right players Atletico have – like so many teams in Spain benefitted from an extensive and well-run youth system. Koke is their brightest homegrown talent and he lined up in midfield on Tuesday against Real Madrid with Mario Suarez and Gabi who also both came through the ranks at Atletico albeit only arriving at the first team after long spells away from the club. Next season Oliver Torres should return from a hugely successful spell at Porto and line up alongside another off the conveyor build: the hugely impressive Saul Niguez. It also shouldn’t be forgotten that with a very similar squad back in 2012 Atletico Madrid were closer to the relegation places than the European places and even their most blinkered fan would have dismissed out of hand the idea that they would ever be winning the league and playing the Champions League final in the same season any time soon. The reason for the change is perhaps their greatest signing of all – Diego Simeone. He arrived at the start of 2012 just after they had been knocked out of Copa del Rey by a third division side. The likes of former Osasuna winger Juanfran were in the team back then too – he looked a symbol of the oh-so average signings being made by the club at the time. Simeone has been up there with their greatest signings when they made him manager previously . Juanfran was converted by Simeone to full-back and is now in the form of his life at Atletico . Juanfran was converted by Simeone to full-back and is now first choice on the right hand side of Spain’s defence. His transformation is still a symbol, only now it is one of just how much the club and team have progressed. Chinese company Wanda now owns 20 per cent of Atletico Madrid, their tax debt is under control and they are in a position to sign players without having to sell. Having bought so well when they were in a worse financial situation, supporters are optimistic – just as long as they don’t lose Simeone: the real alchemist at Atletico Madrid.

Summary:","One very good player moves out and another very good player moves in. Atletico Madrid supporters have stopped fretting about departures because they have good reason to be confident in the people that run the club and their ability to find adequate replacements. In goal Sergio Asenjo became David De Gea, became Thibaut Courtois, who looks to have become Jan Oblak. Playmaker Diego Ribas became Arda Turan. While centre-forward Diego Forlan became Sergio Aguero, became Radamel Falcao, became Diego Costa who has now become that bloodied battering-ram Mario Mandzukic. Atletico Madrid know how to replace stars, from David De Gea (left to right), to Thibaut Courtois, to Jan Oblak . Sergio Aguero (left) was a star at Atletico before being replaced by Radamel Falcao at the Spanish club . Diego Costa (left, squaring up to John Terry) was sold to Chelsea but replaced by Mario Mandzukic (right) Atletico manager Diego Simeone has been pulling the strings at the La Liga club in terms of transfers . The secret of their success is often exactly that – a secret. No club has used the third-party ownership lenience in Spain more to its advantage than Atletico Madrid. Transfers like Radamel Falcao were always shrouded in mystery. How were they able to sell Aguero to Manchester City and hand over a large portion of the fee to the tax man to service their monumental overdraft with the state, and yet still go into the transfer market and get Falcao for an even higher price than Aguero? Jorge Mendes has worked closely with the club and with its managing director Miguel angel Gil Marin across the last five years and there is no question the club have benefited from a healthy relationship with the world’s most prolific agent. It was bordering on comical in 2010 when the Globe Soccer Awards in Dubai picked Gil as its sports director of the year. Mendes played a large part in the setting up of the annual awards – he himself has won agent of the year every year since its inauguration. Atletico playmaker Diego Ribas became Arda Turan at the Vicente Calderon under Simeone . Falcao (right), formerly of Atletico, sits with super-agent Jorge Mendes (left) during a match in France . Atletico's CEO Miguel Angel Gil Marin (far right) give a press conference in Madrid in 2009 . His domination of the best agent award was easier to justify than Gil’s prize that year, coming as it did when Atletico were still hugely indebted to Spain’s Inland Revenue and forced to fire sell every summer. But Gil has led Atletico out of trouble. He has picked his agent friends well, worked the loophole in the system – one Fifa want to close allowing third party ownership in Spain when it is banned in other leagues - and that has played a part in the club's rise. Mendes it was who discovered Costa and brought him to Atletico Madrid via Portugal. The super-agent can also claim to have been the man who saw the huge potential in the unrefined Brazilian front man, overruling scouts that he usually trusted without question and signing the youngster from Lagarto thus beginning the process of making him one of Europe’s top striker. He was loaned him out to four La Liga clubs but was always brought back to Atletico who would eventually win the Spanish Cup, the European Super Cup and the League with him as their centre-forward. Koke is Atletico's brightest homegrown talent and he lined up in midfield on Tuesday night . Mario Suarez and Gabi try to stop Cristiano Ronaldo during the Madrid derby in the Champions League . As well as using the right agents to get the right players Atletico have – like so many teams in Spain benefitted from an extensive and well-run youth system. Koke is their brightest homegrown talent and he lined up in midfield on Tuesday against Real Madrid with Mario Suarez and Gabi who also both came through the ranks at Atletico albeit only arriving at the first team after long spells away from the club. Next season Oliver Torres should return from a hugely successful spell at Porto and line up alongside another off the conveyor build: the hugely impressive Saul Niguez. It also shouldn’t be forgotten that with a very similar squad back in 2012 Atletico Madrid were closer to the relegation places than the European places and even their most blinkered fan would have dismissed out of hand the idea that they would ever be winning the league and playing the Champions League final in the same season any time soon. The reason for the change is perhaps their greatest signing of all – Diego Simeone. He arrived at the start of 2012 just after they had been knocked out of Copa del Rey by a third division side. The likes of former Osasuna winger Juanfran were in the team back then too – he looked a symbol of the oh-so average signings being made by the club at the time. Simeone has been up there with their greatest signings when they made him manager previously . Juanfran was converted by Simeone to full-back and is now in the form of his life at Atletico . Juanfran was converted by Simeone to full-back and is now first choice on the right hand side of Spain’s defence. His transformation is still a symbol, only now it is one of just how much the club and team have progressed. Chinese company Wanda now owns 20 per cent of Atletico Madrid, their tax debt is under control and they are in a position to sign players without having to sell. Having bought so well when they were in a worse financial situation, supporters are optimistic – just as long as they don’t lose Simeone: the real alchemist at Atletico Madrid.","Atletico Madrid 0-0 Real Madrid: Click here for Martin Samuel's report .
Atletico have a knack for replacing star players with others just as good .
Jan Oblak is the latest, having replaced goalkeeper Thibaut Courtois .
Mario Mandzukic looks to be a suitable replacement for Diego Costa ."
summ_0000,summarization,1,reordered_clauses,"Summarize the following news article in 3-4 sentences, capturing the main events and key details.","Summary the news article in 3-4 sentences, capturing the main events and key details.",0.9091,"Summary the news article in 3-4 sentences, capturing the main events and key details.

Article:
One very good player moves out and another very good player moves in. Atletico Madrid supporters have stopped fretting about departures because they have good reason to be confident in the people that run the club and their ability to find adequate replacements. In goal Sergio Asenjo became David De Gea, became Thibaut Courtois, who looks to have become Jan Oblak. Playmaker Diego Ribas became Arda Turan. While centre-forward Diego Forlan became Sergio Aguero, became Radamel Falcao, became Diego Costa who has now become that bloodied battering-ram Mario Mandzukic. Atletico Madrid know how to replace stars, from David De Gea (left to right), to Thibaut Courtois, to Jan Oblak . Sergio Aguero (left) was a star at Atletico before being replaced by Radamel Falcao at the Spanish club . Diego Costa (left, squaring up to John Terry) was sold to Chelsea but replaced by Mario Mandzukic (right) Atletico manager Diego Simeone has been pulling the strings at the La Liga club in terms of transfers . The secret of their success is often exactly that – a secret. No club has used the third-party ownership lenience in Spain more to its advantage than Atletico Madrid. Transfers like Radamel Falcao were always shrouded in mystery. How were they able to sell Aguero to Manchester City and hand over a large portion of the fee to the tax man to service their monumental overdraft with the state, and yet still go into the transfer market and get Falcao for an even higher price than Aguero? Jorge Mendes has worked closely with the club and with its managing director Miguel angel Gil Marin across the last five years and there is no question the club have benefited from a healthy relationship with the world’s most prolific agent. It was bordering on comical in 2010 when the Globe Soccer Awards in Dubai picked Gil as its sports director of the year. Mendes played a large part in the setting up of the annual awards – he himself has won agent of the year every year since its inauguration. Atletico playmaker Diego Ribas became Arda Turan at the Vicente Calderon under Simeone . Falcao (right), formerly of Atletico, sits with super-agent Jorge Mendes (left) during a match in France . Atletico's CEO Miguel Angel Gil Marin (far right) give a press conference in Madrid in 2009 . His domination of the best agent award was easier to justify than Gil’s prize that year, coming as it did when Atletico were still hugely indebted to Spain’s Inland Revenue and forced to fire sell every summer. But Gil has led Atletico out of trouble. He has picked his agent friends well, worked the loophole in the system – one Fifa want to close allowing third party ownership in Spain when it is banned in other leagues - and that has played a part in the club's rise. Mendes it was who discovered Costa and brought him to Atletico Madrid via Portugal. The super-agent can also claim to have been the man who saw the huge potential in the unrefined Brazilian front man, overruling scouts that he usually trusted without question and signing the youngster from Lagarto thus beginning the process of making him one of Europe’s top striker. He was loaned him out to four La Liga clubs but was always brought back to Atletico who would eventually win the Spanish Cup, the European Super Cup and the League with him as their centre-forward. Koke is Atletico's brightest homegrown talent and he lined up in midfield on Tuesday night . Mario Suarez and Gabi try to stop Cristiano Ronaldo during the Madrid derby in the Champions League . As well as using the right agents to get the right players Atletico have – like so many teams in Spain benefitted from an extensive and well-run youth system. Koke is their brightest homegrown talent and he lined up in midfield on Tuesday against Real Madrid with Mario Suarez and Gabi who also both came through the ranks at Atletico albeit only arriving at the first team after long spells away from the club. Next season Oliver Torres should return from a hugely successful spell at Porto and line up alongside another off the conveyor build: the hugely impressive Saul Niguez. It also shouldn’t be forgotten that with a very similar squad back in 2012 Atletico Madrid were closer to the relegation places than the European places and even their most blinkered fan would have dismissed out of hand the idea that they would ever be winning the league and playing the Champions League final in the same season any time soon. The reason for the change is perhaps their greatest signing of all – Diego Simeone. He arrived at the start of 2012 just after they had been knocked out of Copa del Rey by a third division side. The likes of former Osasuna winger Juanfran were in the team back then too – he looked a symbol of the oh-so average signings being made by the club at the time. Simeone has been up there with their greatest signings when they made him manager previously . Juanfran was converted by Simeone to full-back and is now in the form of his life at Atletico . Juanfran was converted by Simeone to full-back and is now first choice on the right hand side of Spain’s defence. His transformation is still a symbol, only now it is one of just how much the club and team have progressed. Chinese company Wanda now owns 20 per cent of Atletico Madrid, their tax debt is under control and they are in a position to sign players without having to sell. Having bought so well when they were in a worse financial situation, supporters are optimistic – just as long as they don’t lose Simeone: the real alchemist at Atletico Madrid.

Summary:","One very good player moves out and another very good player moves in. Atletico Madrid supporters have stopped fretting about departures because they have good reason to be confident in the people that run the club and their ability to find adequate replacements. In goal Sergio Asenjo became David De Gea, became Thibaut Courtois, who looks to have become Jan Oblak. Playmaker Diego Ribas became Arda Turan. While centre-forward Diego Forlan became Sergio Aguero, became Radamel Falcao, became Diego Costa who has now become that bloodied battering-ram Mario Mandzukic. Atletico Madrid know how to replace stars, from David De Gea (left to right), to Thibaut Courtois, to Jan Oblak . Sergio Aguero (left) was a star at Atletico before being replaced by Radamel Falcao at the Spanish club . Diego Costa (left, squaring up to John Terry) was sold to Chelsea but replaced by Mario Mandzukic (right) Atletico manager Diego Simeone has been pulling the strings at the La Liga club in terms of transfers . The secret of their success is often exactly that – a secret. No club has used the third-party ownership lenience in Spain more to its advantage than Atletico Madrid. Transfers like Radamel Falcao were always shrouded in mystery. How were they able to sell Aguero to Manchester City and hand over a large portion of the fee to the tax man to service their monumental overdraft with the state, and yet still go into the transfer market and get Falcao for an even higher price than Aguero? Jorge Mendes has worked closely with the club and with its managing director Miguel angel Gil Marin across the last five years and there is no question the club have benefited from a healthy relationship with the world’s most prolific agent. It was bordering on comical in 2010 when the Globe Soccer Awards in Dubai picked Gil as its sports director of the year. Mendes played a large part in the setting up of the annual awards – he himself has won agent of the year every year since its inauguration. Atletico playmaker Diego Ribas became Arda Turan at the Vicente Calderon under Simeone . Falcao (right), formerly of Atletico, sits with super-agent Jorge Mendes (left) during a match in France . Atletico's CEO Miguel Angel Gil Marin (far right) give a press conference in Madrid in 2009 . His domination of the best agent award was easier to justify than Gil’s prize that year, coming as it did when Atletico were still hugely indebted to Spain’s Inland Revenue and forced to fire sell every summer. But Gil has led Atletico out of trouble. He has picked his agent friends well, worked the loophole in the system – one Fifa want to close allowing third party ownership in Spain when it is banned in other leagues - and that has played a part in the club's rise. Mendes it was who discovered Costa and brought him to Atletico Madrid via Portugal. The super-agent can also claim to have been the man who saw the huge potential in the unrefined Brazilian front man, overruling scouts that he usually trusted without question and signing the youngster from Lagarto thus beginning the process of making him one of Europe’s top striker. He was loaned him out to four La Liga clubs but was always brought back to Atletico who would eventually win the Spanish Cup, the European Super Cup and the League with him as their centre-forward. Koke is Atletico's brightest homegrown talent and he lined up in midfield on Tuesday night . Mario Suarez and Gabi try to stop Cristiano Ronaldo during the Madrid derby in the Champions League . As well as using the right agents to get the right players Atletico have – like so many teams in Spain benefitted from an extensive and well-run youth system. Koke is their brightest homegrown talent and he lined up in midfield on Tuesday against Real Madrid with Mario Suarez and Gabi who also both came through the ranks at Atletico albeit only arriving at the first team after long spells away from the club. Next season Oliver Torres should return from a hugely successful spell at Porto and line up alongside another off the conveyor build: the hugely impressive Saul Niguez. It also shouldn’t be forgotten that with a very similar squad back in 2012 Atletico Madrid were closer to the relegation places than the European places and even their most blinkered fan would have dismissed out of hand the idea that they would ever be winning the league and playing the Champions League final in the same season any time soon. The reason for the change is perhaps their greatest signing of all – Diego Simeone. He arrived at the start of 2012 just after they had been knocked out of Copa del Rey by a third division side. The likes of former Osasuna winger Juanfran were in the team back then too – he looked a symbol of the oh-so average signings being made by the club at the time. Simeone has been up there with their greatest signings when they made him manager previously . Juanfran was converted by Simeone to full-back and is now in the form of his life at Atletico . Juanfran was converted by Simeone to full-back and is now first choice on the right hand side of Spain’s defence. His transformation is still a symbol, only now it is one of just how much the club and team have progressed. Chinese company Wanda now owns 20 per cent of Atletico Madrid, their tax debt is under control and they are in a position to sign players without having to sell. Having bought so well when they were in a worse financial situation, supporters are optimistic – just as long as they don’t lose Simeone: the real alchemist at Atletico Madrid.","Atletico Madrid 0-0 Real Madrid: Click here for Martin Samuel's report .
Atletico have a knack for replacing star players with others just as good .
Jan Oblak is the latest, having replaced goalkeeper Thibaut Courtois .
Mario Mandzukic looks to be a suitable replacement for Diego Costa ."
summ_0000,summarization,2,passive_voice,"Summarize the following news article in 3-4 sentences, capturing the main events and key details.",The main events and key details of the news article are as follows:,0.8202,"The main events and key details of the news article are as follows:

Article:
One very good player moves out and another very good player moves in. Atletico Madrid supporters have stopped fretting about departures because they have good reason to be confident in the people that run the club and their ability to find adequate replacements. In goal Sergio Asenjo became David De Gea, became Thibaut Courtois, who looks to have become Jan Oblak. Playmaker Diego Ribas became Arda Turan. While centre-forward Diego Forlan became Sergio Aguero, became Radamel Falcao, became Diego Costa who has now become that bloodied battering-ram Mario Mandzukic. Atletico Madrid know how to replace stars, from David De Gea (left to right), to Thibaut Courtois, to Jan Oblak . Sergio Aguero (left) was a star at Atletico before being replaced by Radamel Falcao at the Spanish club . Diego Costa (left, squaring up to John Terry) was sold to Chelsea but replaced by Mario Mandzukic (right) Atletico manager Diego Simeone has been pulling the strings at the La Liga club in terms of transfers . The secret of their success is often exactly that – a secret. No club has used the third-party ownership lenience in Spain more to its advantage than Atletico Madrid. Transfers like Radamel Falcao were always shrouded in mystery. How were they able to sell Aguero to Manchester City and hand over a large portion of the fee to the tax man to service their monumental overdraft with the state, and yet still go into the transfer market and get Falcao for an even higher price than Aguero? Jorge Mendes has worked closely with the club and with its managing director Miguel angel Gil Marin across the last five years and there is no question the club have benefited from a healthy relationship with the world’s most prolific agent. It was bordering on comical in 2010 when the Globe Soccer Awards in Dubai picked Gil as its sports director of the year. Mendes played a large part in the setting up of the annual awards – he himself has won agent of the year every year since its inauguration. Atletico playmaker Diego Ribas became Arda Turan at the Vicente Calderon under Simeone . Falcao (right), formerly of Atletico, sits with super-agent Jorge Mendes (left) during a match in France . Atletico's CEO Miguel Angel Gil Marin (far right) give a press conference in Madrid in 2009 . His domination of the best agent award was easier to justify than Gil’s prize that year, coming as it did when Atletico were still hugely indebted to Spain’s Inland Revenue and forced to fire sell every summer. But Gil has led Atletico out of trouble. He has picked his agent friends well, worked the loophole in the system – one Fifa want to close allowing third party ownership in Spain when it is banned in other leagues - and that has played a part in the club's rise. Mendes it was who discovered Costa and brought him to Atletico Madrid via Portugal. The super-agent can also claim to have been the man who saw the huge potential in the unrefined Brazilian front man, overruling scouts that he usually trusted without question and signing the youngster from Lagarto thus beginning the process of making him one of Europe’s top striker. He was loaned him out to four La Liga clubs but was always brought back to Atletico who would eventually win the Spanish Cup, the European Super Cup and the League with him as their centre-forward. Koke is Atletico's brightest homegrown talent and he lined up in midfield on Tuesday night . Mario Suarez and Gabi try to stop Cristiano Ronaldo during the Madrid derby in the Champions League . As well as using the right agents to get the right players Atletico have – like so many teams in Spain benefitted from an extensive and well-run youth system. Koke is their brightest homegrown talent and he lined up in midfield on Tuesday against Real Madrid with Mario Suarez and Gabi who also both came through the ranks at Atletico albeit only arriving at the first team after long spells away from the club. Next season Oliver Torres should return from a hugely successful spell at Porto and line up alongside another off the conveyor build: the hugely impressive Saul Niguez. It also shouldn’t be forgotten that with a very similar squad back in 2012 Atletico Madrid were closer to the relegation places than the European places and even their most blinkered fan would have dismissed out of hand the idea that they would ever be winning the league and playing the Champions League final in the same season any time soon. The reason for the change is perhaps their greatest signing of all – Diego Simeone. He arrived at the start of 2012 just after they had been knocked out of Copa del Rey by a third division side. The likes of former Osasuna winger Juanfran were in the team back then too – he looked a symbol of the oh-so average signings being made by the club at the time. Simeone has been up there with their greatest signings when they made him manager previously . Juanfran was converted by Simeone to full-back and is now in the form of his life at Atletico . Juanfran was converted by Simeone to full-back and is now first choice on the right hand side of Spain’s defence. His transformation is still a symbol, only now it is one of just how much the club and team have progressed. Chinese company Wanda now owns 20 per cent of Atletico Madrid, their tax debt is under control and they are in a position to sign players without having to sell. Having bought so well when they were in a worse financial situation, supporters are optimistic – just as long as they don’t lose Simeone: the real alchemist at Atletico Madrid.

Summary:","One very good player moves out and another very good player moves in. Atletico Madrid supporters have stopped fretting about departures because they have good reason to be confident in the people that run the club and their ability to find adequate replacements. In goal Sergio Asenjo became David De Gea, became Thibaut Courtois, who looks to have become Jan Oblak. Playmaker Diego Ribas became Arda Turan. While centre-forward Diego Forlan became Sergio Aguero, became Radamel Falcao, became Diego Costa who has now become that bloodied battering-ram Mario Mandzukic. Atletico Madrid know how to replace stars, from David De Gea (left to right), to Thibaut Courtois, to Jan Oblak . Sergio Aguero (left) was a star at Atletico before being replaced by Radamel Falcao at the Spanish club . Diego Costa (left, squaring up to John Terry) was sold to Chelsea but replaced by Mario Mandzukic (right) Atletico manager Diego Simeone has been pulling the strings at the La Liga club in terms of transfers . The secret of their success is often exactly that – a secret. No club has used the third-party ownership lenience in Spain more to its advantage than Atletico Madrid. Transfers like Radamel Falcao were always shrouded in mystery. How were they able to sell Aguero to Manchester City and hand over a large portion of the fee to the tax man to service their monumental overdraft with the state, and yet still go into the transfer market and get Falcao for an even higher price than Aguero? Jorge Mendes has worked closely with the club and with its managing director Miguel angel Gil Marin across the last five years and there is no question the club have benefited from a healthy relationship with the world’s most prolific agent. It was bordering on comical in 2010 when the Globe Soccer Awards in Dubai picked Gil as its sports director of the year. Mendes played a large part in the setting up of the annual awards – he himself has won agent of the year every year since its inauguration. Atletico playmaker Diego Ribas became Arda Turan at the Vicente Calderon under Simeone . Falcao (right), formerly of Atletico, sits with super-agent Jorge Mendes (left) during a match in France . Atletico's CEO Miguel Angel Gil Marin (far right) give a press conference in Madrid in 2009 . His domination of the best agent award was easier to justify than Gil’s prize that year, coming as it did when Atletico were still hugely indebted to Spain’s Inland Revenue and forced to fire sell every summer. But Gil has led Atletico out of trouble. He has picked his agent friends well, worked the loophole in the system – one Fifa want to close allowing third party ownership in Spain when it is banned in other leagues - and that has played a part in the club's rise. Mendes it was who discovered Costa and brought him to Atletico Madrid via Portugal. The super-agent can also claim to have been the man who saw the huge potential in the unrefined Brazilian front man, overruling scouts that he usually trusted without question and signing the youngster from Lagarto thus beginning the process of making him one of Europe’s top striker. He was loaned him out to four La Liga clubs but was always brought back to Atletico who would eventually win the Spanish Cup, the European Super Cup and the League with him as their centre-forward. Koke is Atletico's brightest homegrown talent and he lined up in midfield on Tuesday night . Mario Suarez and Gabi try to stop Cristiano Ronaldo during the Madrid derby in the Champions League . As well as using the right agents to get the right players Atletico have – like so many teams in Spain benefitted from an extensive and well-run youth system. Koke is their brightest homegrown talent and he lined up in midfield on Tuesday against Real Madrid with Mario Suarez and Gabi who also both came through the ranks at Atletico albeit only arriving at the first team after long spells away from the club. Next season Oliver Torres should return from a hugely successful spell at Porto and line up alongside another off the conveyor build: the hugely impressive Saul Niguez. It also shouldn’t be forgotten that with a very similar squad back in 2012 Atletico Madrid were closer to the relegation places than the European places and even their most blinkered fan would have dismissed out of hand the idea that they would ever be winning the league and playing the Champions League final in the same season any time soon. The reason for the change is perhaps their greatest signing of all – Diego Simeone. He arrived at the start of 2012 just after they had been knocked out of Copa del Rey by a third division side. The likes of former Osasuna winger Juanfran were in the team back then too – he looked a symbol of the oh-so average signings being made by the club at the time. Simeone has been up there with their greatest signings when they made him manager previously . Juanfran was converted by Simeone to full-back and is now in the form of his life at Atletico . Juanfran was converted by Simeone to full-back and is now first choice on the right hand side of Spain’s defence. His transformation is still a symbol, only now it is one of just how much the club and team have progressed. Chinese company Wanda now owns 20 per cent of Atletico Madrid, their tax debt is under control and they are in a position to sign players without having to sell. Having bought so well when they were in a worse financial situation, supporters are optimistic – just as long as they don’t lose Simeone: the real alchemist at Atletico Madrid.","Atletico Madrid 0-0 Real Madrid: Click here for Martin Samuel's report .
Atletico have a knack for replacing star players with others just as good .
Jan Oblak is the latest, having replaced goalkeeper Thibaut Courtois .
Mario Mandzukic looks to be a suitable replacement for Diego Costa ."
summ_0000,summarization,3,question_form,"Summarize the following news article in 3-4 sentences, capturing the main events and key details.",What are the main events and key details of this news article?,0.8513,"What are the main events and key details of this news article?

Article:
One very good player moves out and another very good player moves in. Atletico Madrid supporters have stopped fretting about departures because they have good reason to be confident in the people that run the club and their ability to find adequate replacements. In goal Sergio Asenjo became David De Gea, became Thibaut Courtois, who looks to have become Jan Oblak. Playmaker Diego Ribas became Arda Turan. While centre-forward Diego Forlan became Sergio Aguero, became Radamel Falcao, became Diego Costa who has now become that bloodied battering-ram Mario Mandzukic. Atletico Madrid know how to replace stars, from David De Gea (left to right), to Thibaut Courtois, to Jan Oblak . Sergio Aguero (left) was a star at Atletico before being replaced by Radamel Falcao at the Spanish club . Diego Costa (left, squaring up to John Terry) was sold to Chelsea but replaced by Mario Mandzukic (right) Atletico manager Diego Simeone has been pulling the strings at the La Liga club in terms of transfers . The secret of their success is often exactly that – a secret. No club has used the third-party ownership lenience in Spain more to its advantage than Atletico Madrid. Transfers like Radamel Falcao were always shrouded in mystery. How were they able to sell Aguero to Manchester City and hand over a large portion of the fee to the tax man to service their monumental overdraft with the state, and yet still go into the transfer market and get Falcao for an even higher price than Aguero? Jorge Mendes has worked closely with the club and with its managing director Miguel angel Gil Marin across the last five years and there is no question the club have benefited from a healthy relationship with the world’s most prolific agent. It was bordering on comical in 2010 when the Globe Soccer Awards in Dubai picked Gil as its sports director of the year. Mendes played a large part in the setting up of the annual awards – he himself has won agent of the year every year since its inauguration. Atletico playmaker Diego Ribas became Arda Turan at the Vicente Calderon under Simeone . Falcao (right), formerly of Atletico, sits with super-agent Jorge Mendes (left) during a match in France . Atletico's CEO Miguel Angel Gil Marin (far right) give a press conference in Madrid in 2009 . His domination of the best agent award was easier to justify than Gil’s prize that year, coming as it did when Atletico were still hugely indebted to Spain’s Inland Revenue and forced to fire sell every summer. But Gil has led Atletico out of trouble. He has picked his agent friends well, worked the loophole in the system – one Fifa want to close allowing third party ownership in Spain when it is banned in other leagues - and that has played a part in the club's rise. Mendes it was who discovered Costa and brought him to Atletico Madrid via Portugal. The super-agent can also claim to have been the man who saw the huge potential in the unrefined Brazilian front man, overruling scouts that he usually trusted without question and signing the youngster from Lagarto thus beginning the process of making him one of Europe’s top striker. He was loaned him out to four La Liga clubs but was always brought back to Atletico who would eventually win the Spanish Cup, the European Super Cup and the League with him as their centre-forward. Koke is Atletico's brightest homegrown talent and he lined up in midfield on Tuesday night . Mario Suarez and Gabi try to stop Cristiano Ronaldo during the Madrid derby in the Champions League . As well as using the right agents to get the right players Atletico have – like so many teams in Spain benefitted from an extensive and well-run youth system. Koke is their brightest homegrown talent and he lined up in midfield on Tuesday against Real Madrid with Mario Suarez and Gabi who also both came through the ranks at Atletico albeit only arriving at the first team after long spells away from the club. Next season Oliver Torres should return from a hugely successful spell at Porto and line up alongside another off the conveyor build: the hugely impressive Saul Niguez. It also shouldn’t be forgotten that with a very similar squad back in 2012 Atletico Madrid were closer to the relegation places than the European places and even their most blinkered fan would have dismissed out of hand the idea that they would ever be winning the league and playing the Champions League final in the same season any time soon. The reason for the change is perhaps their greatest signing of all – Diego Simeone. He arrived at the start of 2012 just after they had been knocked out of Copa del Rey by a third division side. The likes of former Osasuna winger Juanfran were in the team back then too – he looked a symbol of the oh-so average signings being made by the club at the time. Simeone has been up there with their greatest signings when they made him manager previously . Juanfran was converted by Simeone to full-back and is now in the form of his life at Atletico . Juanfran was converted by Simeone to full-back and is now first choice on the right hand side of Spain’s defence. His transformation is still a symbol, only now it is one of just how much the club and team have progressed. Chinese company Wanda now owns 20 per cent of Atletico Madrid, their tax debt is under control and they are in a position to sign players without having to sell. Having bought so well when they were in a worse financial situation, supporters are optimistic – just as long as they don’t lose Simeone: the real alchemist at Atletico Madrid.

Summary:","One very good player moves out and another very good player moves in. Atletico Madrid supporters have stopped fretting about departures because they have good reason to be confident in the people that run the club and their ability to find adequate replacements. In goal Sergio Asenjo became David De Gea, became Thibaut Courtois, who looks to have become Jan Oblak. Playmaker Diego Ribas became Arda Turan. While centre-forward Diego Forlan became Sergio Aguero, became Radamel Falcao, became Diego Costa who has now become that bloodied battering-ram Mario Mandzukic. Atletico Madrid know how to replace stars, from David De Gea (left to right), to Thibaut Courtois, to Jan Oblak . Sergio Aguero (left) was a star at Atletico before being replaced by Radamel Falcao at the Spanish club . Diego Costa (left, squaring up to John Terry) was sold to Chelsea but replaced by Mario Mandzukic (right) Atletico manager Diego Simeone has been pulling the strings at the La Liga club in terms of transfers . The secret of their success is often exactly that – a secret. No club has used the third-party ownership lenience in Spain more to its advantage than Atletico Madrid. Transfers like Radamel Falcao were always shrouded in mystery. How were they able to sell Aguero to Manchester City and hand over a large portion of the fee to the tax man to service their monumental overdraft with the state, and yet still go into the transfer market and get Falcao for an even higher price than Aguero? Jorge Mendes has worked closely with the club and with its managing director Miguel angel Gil Marin across the last five years and there is no question the club have benefited from a healthy relationship with the world’s most prolific agent. It was bordering on comical in 2010 when the Globe Soccer Awards in Dubai picked Gil as its sports director of the year. Mendes played a large part in the setting up of the annual awards – he himself has won agent of the year every year since its inauguration. Atletico playmaker Diego Ribas became Arda Turan at the Vicente Calderon under Simeone . Falcao (right), formerly of Atletico, sits with super-agent Jorge Mendes (left) during a match in France . Atletico's CEO Miguel Angel Gil Marin (far right) give a press conference in Madrid in 2009 . His domination of the best agent award was easier to justify than Gil’s prize that year, coming as it did when Atletico were still hugely indebted to Spain’s Inland Revenue and forced to fire sell every summer. But Gil has led Atletico out of trouble. He has picked his agent friends well, worked the loophole in the system – one Fifa want to close allowing third party ownership in Spain when it is banned in other leagues - and that has played a part in the club's rise. Mendes it was who discovered Costa and brought him to Atletico Madrid via Portugal. The super-agent can also claim to have been the man who saw the huge potential in the unrefined Brazilian front man, overruling scouts that he usually trusted without question and signing the youngster from Lagarto thus beginning the process of making him one of Europe’s top striker. He was loaned him out to four La Liga clubs but was always brought back to Atletico who would eventually win the Spanish Cup, the European Super Cup and the League with him as their centre-forward. Koke is Atletico's brightest homegrown talent and he lined up in midfield on Tuesday night . Mario Suarez and Gabi try to stop Cristiano Ronaldo during the Madrid derby in the Champions League . As well as using the right agents to get the right players Atletico have – like so many teams in Spain benefitted from an extensive and well-run youth system. Koke is their brightest homegrown talent and he lined up in midfield on Tuesday against Real Madrid with Mario Suarez and Gabi who also both came through the ranks at Atletico albeit only arriving at the first team after long spells away from the club. Next season Oliver Torres should return from a hugely successful spell at Porto and line up alongside another off the conveyor build: the hugely impressive Saul Niguez. It also shouldn’t be forgotten that with a very similar squad back in 2012 Atletico Madrid were closer to the relegation places than the European places and even their most blinkered fan would have dismissed out of hand the idea that they would ever be winning the league and playing the Champions League final in the same season any time soon. The reason for the change is perhaps their greatest signing of all – Diego Simeone. He arrived at the start of 2012 just after they had been knocked out of Copa del Rey by a third division side. The likes of former Osasuna winger Juanfran were in the team back then too – he looked a symbol of the oh-so average signings being made by the club at the time. Simeone has been up there with their greatest signings when they made him manager previously . Juanfran was converted by Simeone to full-back and is now in the form of his life at Atletico . Juanfran was converted by Simeone to full-back and is now first choice on the right hand side of Spain’s defence. His transformation is still a symbol, only now it is one of just how much the club and team have progressed. Chinese company Wanda now owns 20 per cent of Atletico Madrid, their tax debt is under control and they are in a position to sign players without having to sell. Having bought so well when they were in a worse financial situation, supporters are optimistic – just as long as they don’t lose Simeone: the real alchemist at Atletico Madrid.","Atletico Madrid 0-0 Real Madrid: Click here for Martin Samuel's report .
Atletico have a knack for replacing star players with others just as good .
Jan Oblak is the latest, having replaced goalkeeper Thibaut Courtois .
Mario Mandzukic looks to be a suitable replacement for Diego Costa ."
summ_0001,summarization,0,reordered_clauses,"Summarize the following news article in 3-4 sentences, capturing the main events and key details.","Summary the news article in 3-4 sentences, capturing the main events and key details.",0.9091,"Summary the news article in 3-4 sentences, capturing the main events and key details.

Article:
Self-styled 'anarchist libertarian' squatters have set up camp in one of London's most historic monuments and unfurled banners reading  'Homes for all'. The protesters mounted Admiralty Arch, which joins Trafalgar Square with the Mall, and called for others to join them. It is not clear what their protest is attempting to highlight, as a garbled message posted on Facebook by the group simply calls for 'Christmas lights... any and all radical/revolutionary messages'. But banners bearing messages such as 'better squat than let homes rot' and 'respect existence or expect resistance' were seen hanging from the Grade-I listed building, as the masked demonstrators sat with their legs dangling over the side. Scroll down for video . Self-styled 'anarchist libertarian' squatters have set up camp in one of London's most historic monuments and unfurled banners reading 'Homes for all' One of the banners read, 'Respect existence or expect resistance' and another, 'better to squat than let homes rot' The protesters mounted the arch which joins Trafalgar Square with the Mall, and called for others to join them . It is not clear what their protest is attempting to highlight, as a garbled message posted on Facebook by the group simply calls for 'Christmas lights... any and all radical/revolutionary messages' The gatehouse, built as a memorial to Queen Victoria, was sold in 2012 after a Spanish hotel developer paid £60 million to buy it from the government. The five protesters from anti fascist group 'Autonomous Nation of Anarchist Libertarians (ANAL)' called for support in a message on their Facebook page as police converged on the area. They posted: 'Urgent shoutout for banners, Christmas lights and anything else we can use to make the most of this massive canvas we have. Any and all radical/revolutionary messages welcome, but a preference for antifa (sic) in anticipation of the pegeda event on the 4th of this month. Much love.' One onlooker, who asked not to be named, said: 'I've seen a couple of guys on different parts of the roof throughout this morning. 'All they were doing was shouting power to the people. I have no idea how they got in there because I'm pretty sure it's offices.' A man was walking across the roof of the arch this afternoon wearing a black sleeveless hoodie with the hood pulled up and a black scarf across his face. They added five photographs of themselves up on the building. They are believed to be the same group who took over the former offices of the Institute of Directors on Pall Mall in central London last month. The building, not far from Buckingham Palace, was targeted because it was originally opened by Tony Blair, the groups said at the time. The squatters later bragged that it 'wasn't difficult' to get into the historic landmark which is a five minutes walk from Buckingham Palace. The group said they got into the building overnight by climbing through an unlocked window. Proclaiming that what they were doing was 'more punk rock than the Sex Pistols,' one of the men, who only gave his name as 'Fox' said the group decided to take Admiralty Arch because it was a 'significant' building a stone's throw away from the Palace. 'Fox', who claimed to be one of the founders of the Autonomous Nation, said: ' We decided to take it because it is a significant building - you can see Buckingham Palace - there is a significant flow of traffic and we wanted to highlight the fact there are some corrupt individuals affecting this country and they need to get dragged out. Banners bearing housing messages were seen hanging from the Grade-I listed building as the masked demonstrators sat with their legs dangling over the side . 'Also, we wanted to highlight the fact that there are so many people that are homeless. 'We got in overnight through a window that was unlocked and just climbed in through that, there's about 15 of us here. 'The ironic thing is that we had been evicted from the building in Pall Mall and all we were doing was walking around here when a security guard said 'you can't come in here, you can't take this' - which said to us it must be empty and that's when we decided we could take it. 'We are trying our hardest to keep it clean and tidy, but when your squatting in central London the chaos does take its toll. 'We want to stay here as long as we can.' Fox admitted he was one of the hooded figures seen standing on the roof of the arch today and said he was shouting 'power to the people.' He also said that some of his colleagues were shouting 'ACAB' which stands for 'All Cops are B*****ds.' He added: 'That is not something I join in with [shouting about police] because I find a lot of police officers can be quite reasonable.' A 'Notice to Vacate' has been posted up the entrances to the landmark, however Fox warned that if the group are evicted 'There may be some individuals that do resistance. ' Another squatter, who asked not to be named, said: 'We decided to take it because it is two fingers up to the Royal Family. 'We are anarchists, we are not left wing or right wing, we are anarchists - look up the dictionary definition of the word. 'The Sex Pistols need to start doing a new album because what we are doing is more punk rock than the Sex Pistols.' Asked how long he wanted to squat in the landmark he replied 'indefinitely.' It is not the first time protesters have 'taken over' Admiralty Arch. In 2006, 14 Greenpeace protesters spent a day on the arch demonstrating over claims the government is using illegally logged wood. The gatehouse, built as a memorial to Queen Victoria, was sold in 2012 after a Spanish hotel developer paid £60 million to buy it from the government . The five protesters from anti fascist group 'Autonomous Nation of Anarchist Libertarians (ANAL)' called for support in a message on their Facebook page as police converged on the area . They added five photographs of themselves up on the building. It is not the first time protesters have 'taken over' the memorial . They unfurled banners accusing the government of 'trashing rainforests' during Cabinet Office renovations . A Metropolitan Police spokeswoman said: 'At approximately 10.22 this morning we were made aware of five protesters on the roof of Admiralty Arch opposite Trafalgar Square. 'They remain on the roof. Officers are in attendance.' Facebook user Love Activists posted: 'Love activists, SHA and the Autonomous Nation Of Anarchist Libertarians have occupied the old cabinet office opposite trafalgar square, on the road which leads directly towards the palace. We call out for all hands to assist us.' Another user Natasha Quarmby added: 'The Guinness Trust AST tenants are in court today, trying to save their homes, they are on their own, and not getting the support that perhaps other Social Housing campaigns are getting, like the Aylesbury Estate or Sweets Way.... I urge you to visit to visit their page and show some support, they would really appreciate it. 'What about these guys too, No Russel Brand on hand here.... Show them some support x (sic)' Tenants face losing their homes for a new housing development on the Guinness Estate in Loughborough Park, Brixton, and have been staging protests. Housing trust the Guinness Partnership is planning to redevelop the estate and create 525 new homes on the site. Tenants on shorthold tenancy contracts have been told they have until April to find new housing. Many of the tenants have been living in the building for over 10 years and claim they will have to find somewhere to live outside London as they can no longer afford to pay Brixton rent prices. Admiralty Arch was commissioned by King Edward VII as a memorial to his mother, Queen Victoria, and was designed by the architect Sir Aston Webb. Completed in 1912, it spans the entrance to Trafalgar Square from The Mall and was traditionally used as the residence of the First Sea Lord and the heads of the Royal Navy. Admiralty Arch was commissioned by King Edward VII as a memorial to his mother, Queen Victoria, and was designed by the architect Sir Aston Webb. It is pictured during the Royal Wedding of Princess Elizabeth (Queen Elizabeth II) and Prince Philip (Duke of Edinburgh) at Westminster Abbey in November 1947 . Neighbouring Admiralty House has provided grace-and-favour apartments for politicians including former defence secretary Liam Fox and former deputy prime minister John Prescott. The 147,300sq ft arch is spread across a basement, lower ground and ground floor, and five upper floors. The Government sold the long-term lease on the building in 2013. It is retaining the freehold, so will still have the final say after a Spanish hotel developer paid £60 million to buy it. Nights in the historic landmark, which joins Trafalgar Square with the Mall, won't come cheaply though; new owner Rafael Serrano is also the man behind the Bulgari Hotel in Knightsbridge, where rooms cost from £850 a night.

Summary:","Self-styled 'anarchist libertarian' squatters have set up camp in one of London's most historic monuments and unfurled banners reading  'Homes for all'. The protesters mounted Admiralty Arch, which joins Trafalgar Square with the Mall, and called for others to join them. It is not clear what their protest is attempting to highlight, as a garbled message posted on Facebook by the group simply calls for 'Christmas lights... any and all radical/revolutionary messages'. But banners bearing messages such as 'better squat than let homes rot' and 'respect existence or expect resistance' were seen hanging from the Grade-I listed building, as the masked demonstrators sat with their legs dangling over the side. Scroll down for video . Self-styled 'anarchist libertarian' squatters have set up camp in one of London's most historic monuments and unfurled banners reading 'Homes for all' One of the banners read, 'Respect existence or expect resistance' and another, 'better to squat than let homes rot' The protesters mounted the arch which joins Trafalgar Square with the Mall, and called for others to join them . It is not clear what their protest is attempting to highlight, as a garbled message posted on Facebook by the group simply calls for 'Christmas lights... any and all radical/revolutionary messages' The gatehouse, built as a memorial to Queen Victoria, was sold in 2012 after a Spanish hotel developer paid £60 million to buy it from the government. The five protesters from anti fascist group 'Autonomous Nation of Anarchist Libertarians (ANAL)' called for support in a message on their Facebook page as police converged on the area. They posted: 'Urgent shoutout for banners, Christmas lights and anything else we can use to make the most of this massive canvas we have. Any and all radical/revolutionary messages welcome, but a preference for antifa (sic) in anticipation of the pegeda event on the 4th of this month. Much love.' One onlooker, who asked not to be named, said: 'I've seen a couple of guys on different parts of the roof throughout this morning. 'All they were doing was shouting power to the people. I have no idea how they got in there because I'm pretty sure it's offices.' A man was walking across the roof of the arch this afternoon wearing a black sleeveless hoodie with the hood pulled up and a black scarf across his face. They added five photographs of themselves up on the building. They are believed to be the same group who took over the former offices of the Institute of Directors on Pall Mall in central London last month. The building, not far from Buckingham Palace, was targeted because it was originally opened by Tony Blair, the groups said at the time. The squatters later bragged that it 'wasn't difficult' to get into the historic landmark which is a five minutes walk from Buckingham Palace. The group said they got into the building overnight by climbing through an unlocked window. Proclaiming that what they were doing was 'more punk rock than the Sex Pistols,' one of the men, who only gave his name as 'Fox' said the group decided to take Admiralty Arch because it was a 'significant' building a stone's throw away from the Palace. 'Fox', who claimed to be one of the founders of the Autonomous Nation, said: ' We decided to take it because it is a significant building - you can see Buckingham Palace - there is a significant flow of traffic and we wanted to highlight the fact there are some corrupt individuals affecting this country and they need to get dragged out. Banners bearing housing messages were seen hanging from the Grade-I listed building as the masked demonstrators sat with their legs dangling over the side . 'Also, we wanted to highlight the fact that there are so many people that are homeless. 'We got in overnight through a window that was unlocked and just climbed in through that, there's about 15 of us here. 'The ironic thing is that we had been evicted from the building in Pall Mall and all we were doing was walking around here when a security guard said 'you can't come in here, you can't take this' - which said to us it must be empty and that's when we decided we could take it. 'We are trying our hardest to keep it clean and tidy, but when your squatting in central London the chaos does take its toll. 'We want to stay here as long as we can.' Fox admitted he was one of the hooded figures seen standing on the roof of the arch today and said he was shouting 'power to the people.' He also said that some of his colleagues were shouting 'ACAB' which stands for 'All Cops are B*****ds.' He added: 'That is not something I join in with [shouting about police] because I find a lot of police officers can be quite reasonable.' A 'Notice to Vacate' has been posted up the entrances to the landmark, however Fox warned that if the group are evicted 'There may be some individuals that do resistance. ' Another squatter, who asked not to be named, said: 'We decided to take it because it is two fingers up to the Royal Family. 'We are anarchists, we are not left wing or right wing, we are anarchists - look up the dictionary definition of the word. 'The Sex Pistols need to start doing a new album because what we are doing is more punk rock than the Sex Pistols.' Asked how long he wanted to squat in the landmark he replied 'indefinitely.' It is not the first time protesters have 'taken over' Admiralty Arch. In 2006, 14 Greenpeace protesters spent a day on the arch demonstrating over claims the government is using illegally logged wood. The gatehouse, built as a memorial to Queen Victoria, was sold in 2012 after a Spanish hotel developer paid £60 million to buy it from the government . The five protesters from anti fascist group 'Autonomous Nation of Anarchist Libertarians (ANAL)' called for support in a message on their Facebook page as police converged on the area . They added five photographs of themselves up on the building. It is not the first time protesters have 'taken over' the memorial . They unfurled banners accusing the government of 'trashing rainforests' during Cabinet Office renovations . A Metropolitan Police spokeswoman said: 'At approximately 10.22 this morning we were made aware of five protesters on the roof of Admiralty Arch opposite Trafalgar Square. 'They remain on the roof. Officers are in attendance.' Facebook user Love Activists posted: 'Love activists, SHA and the Autonomous Nation Of Anarchist Libertarians have occupied the old cabinet office opposite trafalgar square, on the road which leads directly towards the palace. We call out for all hands to assist us.' Another user Natasha Quarmby added: 'The Guinness Trust AST tenants are in court today, trying to save their homes, they are on their own, and not getting the support that perhaps other Social Housing campaigns are getting, like the Aylesbury Estate or Sweets Way.... I urge you to visit to visit their page and show some support, they would really appreciate it. 'What about these guys too, No Russel Brand on hand here.... Show them some support x (sic)' Tenants face losing their homes for a new housing development on the Guinness Estate in Loughborough Park, Brixton, and have been staging protests. Housing trust the Guinness Partnership is planning to redevelop the estate and create 525 new homes on the site. Tenants on shorthold tenancy contracts have been told they have until April to find new housing. Many of the tenants have been living in the building for over 10 years and claim they will have to find somewhere to live outside London as they can no longer afford to pay Brixton rent prices. Admiralty Arch was commissioned by King Edward VII as a memorial to his mother, Queen Victoria, and was designed by the architect Sir Aston Webb. Completed in 1912, it spans the entrance to Trafalgar Square from The Mall and was traditionally used as the residence of the First Sea Lord and the heads of the Royal Navy. Admiralty Arch was commissioned by King Edward VII as a memorial to his mother, Queen Victoria, and was designed by the architect Sir Aston Webb. It is pictured during the Royal Wedding of Princess Elizabeth (Queen Elizabeth II) and Prince Philip (Duke of Edinburgh) at Westminster Abbey in November 1947 . Neighbouring Admiralty House has provided grace-and-favour apartments for politicians including former defence secretary Liam Fox and former deputy prime minister John Prescott. The 147,300sq ft arch is spread across a basement, lower ground and ground floor, and five upper floors. The Government sold the long-term lease on the building in 2013. It is retaining the freehold, so will still have the final say after a Spanish hotel developer paid £60 million to buy it. Nights in the historic landmark, which joins Trafalgar Square with the Mall, won't come cheaply though; new owner Rafael Serrano is also the man behind the Bulgari Hotel in Knightsbridge, where rooms cost from £850 a night.","Protesters mounted Admiralty Arch, which joins Trafalgar Square with Mall .
The gatehouse, built as a memorial to Queen Victoria, was sold in 2012 .
It is now set to be turned into a luxury hotel after by Spanish developer .
Anti fascist group 'Autonomous Nation of Anarchist Libertarians'"
summ_0001,summarization,1,passive_voice,"Summarize the following news article in 3-4 sentences, capturing the main events and key details.",The main events and key details of the news article are summarized below.,0.8395,"The main events and key details of the news article are summarized below.

Article:
Self-styled 'anarchist libertarian' squatters have set up camp in one of London's most historic monuments and unfurled banners reading  'Homes for all'. The protesters mounted Admiralty Arch, which joins Trafalgar Square with the Mall, and called for others to join them. It is not clear what their protest is attempting to highlight, as a garbled message posted on Facebook by the group simply calls for 'Christmas lights... any and all radical/revolutionary messages'. But banners bearing messages such as 'better squat than let homes rot' and 'respect existence or expect resistance' were seen hanging from the Grade-I listed building, as the masked demonstrators sat with their legs dangling over the side. Scroll down for video . Self-styled 'anarchist libertarian' squatters have set up camp in one of London's most historic monuments and unfurled banners reading 'Homes for all' One of the banners read, 'Respect existence or expect resistance' and another, 'better to squat than let homes rot' The protesters mounted the arch which joins Trafalgar Square with the Mall, and called for others to join them . It is not clear what their protest is attempting to highlight, as a garbled message posted on Facebook by the group simply calls for 'Christmas lights... any and all radical/revolutionary messages' The gatehouse, built as a memorial to Queen Victoria, was sold in 2012 after a Spanish hotel developer paid £60 million to buy it from the government. The five protesters from anti fascist group 'Autonomous Nation of Anarchist Libertarians (ANAL)' called for support in a message on their Facebook page as police converged on the area. They posted: 'Urgent shoutout for banners, Christmas lights and anything else we can use to make the most of this massive canvas we have. Any and all radical/revolutionary messages welcome, but a preference for antifa (sic) in anticipation of the pegeda event on the 4th of this month. Much love.' One onlooker, who asked not to be named, said: 'I've seen a couple of guys on different parts of the roof throughout this morning. 'All they were doing was shouting power to the people. I have no idea how they got in there because I'm pretty sure it's offices.' A man was walking across the roof of the arch this afternoon wearing a black sleeveless hoodie with the hood pulled up and a black scarf across his face. They added five photographs of themselves up on the building. They are believed to be the same group who took over the former offices of the Institute of Directors on Pall Mall in central London last month. The building, not far from Buckingham Palace, was targeted because it was originally opened by Tony Blair, the groups said at the time. The squatters later bragged that it 'wasn't difficult' to get into the historic landmark which is a five minutes walk from Buckingham Palace. The group said they got into the building overnight by climbing through an unlocked window. Proclaiming that what they were doing was 'more punk rock than the Sex Pistols,' one of the men, who only gave his name as 'Fox' said the group decided to take Admiralty Arch because it was a 'significant' building a stone's throw away from the Palace. 'Fox', who claimed to be one of the founders of the Autonomous Nation, said: ' We decided to take it because it is a significant building - you can see Buckingham Palace - there is a significant flow of traffic and we wanted to highlight the fact there are some corrupt individuals affecting this country and they need to get dragged out. Banners bearing housing messages were seen hanging from the Grade-I listed building as the masked demonstrators sat with their legs dangling over the side . 'Also, we wanted to highlight the fact that there are so many people that are homeless. 'We got in overnight through a window that was unlocked and just climbed in through that, there's about 15 of us here. 'The ironic thing is that we had been evicted from the building in Pall Mall and all we were doing was walking around here when a security guard said 'you can't come in here, you can't take this' - which said to us it must be empty and that's when we decided we could take it. 'We are trying our hardest to keep it clean and tidy, but when your squatting in central London the chaos does take its toll. 'We want to stay here as long as we can.' Fox admitted he was one of the hooded figures seen standing on the roof of the arch today and said he was shouting 'power to the people.' He also said that some of his colleagues were shouting 'ACAB' which stands for 'All Cops are B*****ds.' He added: 'That is not something I join in with [shouting about police] because I find a lot of police officers can be quite reasonable.' A 'Notice to Vacate' has been posted up the entrances to the landmark, however Fox warned that if the group are evicted 'There may be some individuals that do resistance. ' Another squatter, who asked not to be named, said: 'We decided to take it because it is two fingers up to the Royal Family. 'We are anarchists, we are not left wing or right wing, we are anarchists - look up the dictionary definition of the word. 'The Sex Pistols need to start doing a new album because what we are doing is more punk rock than the Sex Pistols.' Asked how long he wanted to squat in the landmark he replied 'indefinitely.' It is not the first time protesters have 'taken over' Admiralty Arch. In 2006, 14 Greenpeace protesters spent a day on the arch demonstrating over claims the government is using illegally logged wood. The gatehouse, built as a memorial to Queen Victoria, was sold in 2012 after a Spanish hotel developer paid £60 million to buy it from the government . The five protesters from anti fascist group 'Autonomous Nation of Anarchist Libertarians (ANAL)' called for support in a message on their Facebook page as police converged on the area . They added five photographs of themselves up on the building. It is not the first time protesters have 'taken over' the memorial . They unfurled banners accusing the government of 'trashing rainforests' during Cabinet Office renovations . A Metropolitan Police spokeswoman said: 'At approximately 10.22 this morning we were made aware of five protesters on the roof of Admiralty Arch opposite Trafalgar Square. 'They remain on the roof. Officers are in attendance.' Facebook user Love Activists posted: 'Love activists, SHA and the Autonomous Nation Of Anarchist Libertarians have occupied the old cabinet office opposite trafalgar square, on the road which leads directly towards the palace. We call out for all hands to assist us.' Another user Natasha Quarmby added: 'The Guinness Trust AST tenants are in court today, trying to save their homes, they are on their own, and not getting the support that perhaps other Social Housing campaigns are getting, like the Aylesbury Estate or Sweets Way.... I urge you to visit to visit their page and show some support, they would really appreciate it. 'What about these guys too, No Russel Brand on hand here.... Show them some support x (sic)' Tenants face losing their homes for a new housing development on the Guinness Estate in Loughborough Park, Brixton, and have been staging protests. Housing trust the Guinness Partnership is planning to redevelop the estate and create 525 new homes on the site. Tenants on shorthold tenancy contracts have been told they have until April to find new housing. Many of the tenants have been living in the building for over 10 years and claim they will have to find somewhere to live outside London as they can no longer afford to pay Brixton rent prices. Admiralty Arch was commissioned by King Edward VII as a memorial to his mother, Queen Victoria, and was designed by the architect Sir Aston Webb. Completed in 1912, it spans the entrance to Trafalgar Square from The Mall and was traditionally used as the residence of the First Sea Lord and the heads of the Royal Navy. Admiralty Arch was commissioned by King Edward VII as a memorial to his mother, Queen Victoria, and was designed by the architect Sir Aston Webb. It is pictured during the Royal Wedding of Princess Elizabeth (Queen Elizabeth II) and Prince Philip (Duke of Edinburgh) at Westminster Abbey in November 1947 . Neighbouring Admiralty House has provided grace-and-favour apartments for politicians including former defence secretary Liam Fox and former deputy prime minister John Prescott. The 147,300sq ft arch is spread across a basement, lower ground and ground floor, and five upper floors. The Government sold the long-term lease on the building in 2013. It is retaining the freehold, so will still have the final say after a Spanish hotel developer paid £60 million to buy it. Nights in the historic landmark, which joins Trafalgar Square with the Mall, won't come cheaply though; new owner Rafael Serrano is also the man behind the Bulgari Hotel in Knightsbridge, where rooms cost from £850 a night.

Summary:","Self-styled 'anarchist libertarian' squatters have set up camp in one of London's most historic monuments and unfurled banners reading  'Homes for all'. The protesters mounted Admiralty Arch, which joins Trafalgar Square with the Mall, and called for others to join them. It is not clear what their protest is attempting to highlight, as a garbled message posted on Facebook by the group simply calls for 'Christmas lights... any and all radical/revolutionary messages'. But banners bearing messages such as 'better squat than let homes rot' and 'respect existence or expect resistance' were seen hanging from the Grade-I listed building, as the masked demonstrators sat with their legs dangling over the side. Scroll down for video . Self-styled 'anarchist libertarian' squatters have set up camp in one of London's most historic monuments and unfurled banners reading 'Homes for all' One of the banners read, 'Respect existence or expect resistance' and another, 'better to squat than let homes rot' The protesters mounted the arch which joins Trafalgar Square with the Mall, and called for others to join them . It is not clear what their protest is attempting to highlight, as a garbled message posted on Facebook by the group simply calls for 'Christmas lights... any and all radical/revolutionary messages' The gatehouse, built as a memorial to Queen Victoria, was sold in 2012 after a Spanish hotel developer paid £60 million to buy it from the government. The five protesters from anti fascist group 'Autonomous Nation of Anarchist Libertarians (ANAL)' called for support in a message on their Facebook page as police converged on the area. They posted: 'Urgent shoutout for banners, Christmas lights and anything else we can use to make the most of this massive canvas we have. Any and all radical/revolutionary messages welcome, but a preference for antifa (sic) in anticipation of the pegeda event on the 4th of this month. Much love.' One onlooker, who asked not to be named, said: 'I've seen a couple of guys on different parts of the roof throughout this morning. 'All they were doing was shouting power to the people. I have no idea how they got in there because I'm pretty sure it's offices.' A man was walking across the roof of the arch this afternoon wearing a black sleeveless hoodie with the hood pulled up and a black scarf across his face. They added five photographs of themselves up on the building. They are believed to be the same group who took over the former offices of the Institute of Directors on Pall Mall in central London last month. The building, not far from Buckingham Palace, was targeted because it was originally opened by Tony Blair, the groups said at the time. The squatters later bragged that it 'wasn't difficult' to get into the historic landmark which is a five minutes walk from Buckingham Palace. The group said they got into the building overnight by climbing through an unlocked window. Proclaiming that what they were doing was 'more punk rock than the Sex Pistols,' one of the men, who only gave his name as 'Fox' said the group decided to take Admiralty Arch because it was a 'significant' building a stone's throw away from the Palace. 'Fox', who claimed to be one of the founders of the Autonomous Nation, said: ' We decided to take it because it is a significant building - you can see Buckingham Palace - there is a significant flow of traffic and we wanted to highlight the fact there are some corrupt individuals affecting this country and they need to get dragged out. Banners bearing housing messages were seen hanging from the Grade-I listed building as the masked demonstrators sat with their legs dangling over the side . 'Also, we wanted to highlight the fact that there are so many people that are homeless. 'We got in overnight through a window that was unlocked and just climbed in through that, there's about 15 of us here. 'The ironic thing is that we had been evicted from the building in Pall Mall and all we were doing was walking around here when a security guard said 'you can't come in here, you can't take this' - which said to us it must be empty and that's when we decided we could take it. 'We are trying our hardest to keep it clean and tidy, but when your squatting in central London the chaos does take its toll. 'We want to stay here as long as we can.' Fox admitted he was one of the hooded figures seen standing on the roof of the arch today and said he was shouting 'power to the people.' He also said that some of his colleagues were shouting 'ACAB' which stands for 'All Cops are B*****ds.' He added: 'That is not something I join in with [shouting about police] because I find a lot of police officers can be quite reasonable.' A 'Notice to Vacate' has been posted up the entrances to the landmark, however Fox warned that if the group are evicted 'There may be some individuals that do resistance. ' Another squatter, who asked not to be named, said: 'We decided to take it because it is two fingers up to the Royal Family. 'We are anarchists, we are not left wing or right wing, we are anarchists - look up the dictionary definition of the word. 'The Sex Pistols need to start doing a new album because what we are doing is more punk rock than the Sex Pistols.' Asked how long he wanted to squat in the landmark he replied 'indefinitely.' It is not the first time protesters have 'taken over' Admiralty Arch. In 2006, 14 Greenpeace protesters spent a day on the arch demonstrating over claims the government is using illegally logged wood. The gatehouse, built as a memorial to Queen Victoria, was sold in 2012 after a Spanish hotel developer paid £60 million to buy it from the government . The five protesters from anti fascist group 'Autonomous Nation of Anarchist Libertarians (ANAL)' called for support in a message on their Facebook page as police converged on the area . They added five photographs of themselves up on the building. It is not the first time protesters have 'taken over' the memorial . They unfurled banners accusing the government of 'trashing rainforests' during Cabinet Office renovations . A Metropolitan Police spokeswoman said: 'At approximately 10.22 this morning we were made aware of five protesters on the roof of Admiralty Arch opposite Trafalgar Square. 'They remain on the roof. Officers are in attendance.' Facebook user Love Activists posted: 'Love activists, SHA and the Autonomous Nation Of Anarchist Libertarians have occupied the old cabinet office opposite trafalgar square, on the road which leads directly towards the palace. We call out for all hands to assist us.' Another user Natasha Quarmby added: 'The Guinness Trust AST tenants are in court today, trying to save their homes, they are on their own, and not getting the support that perhaps other Social Housing campaigns are getting, like the Aylesbury Estate or Sweets Way.... I urge you to visit to visit their page and show some support, they would really appreciate it. 'What about these guys too, No Russel Brand on hand here.... Show them some support x (sic)' Tenants face losing their homes for a new housing development on the Guinness Estate in Loughborough Park, Brixton, and have been staging protests. Housing trust the Guinness Partnership is planning to redevelop the estate and create 525 new homes on the site. Tenants on shorthold tenancy contracts have been told they have until April to find new housing. Many of the tenants have been living in the building for over 10 years and claim they will have to find somewhere to live outside London as they can no longer afford to pay Brixton rent prices. Admiralty Arch was commissioned by King Edward VII as a memorial to his mother, Queen Victoria, and was designed by the architect Sir Aston Webb. Completed in 1912, it spans the entrance to Trafalgar Square from The Mall and was traditionally used as the residence of the First Sea Lord and the heads of the Royal Navy. Admiralty Arch was commissioned by King Edward VII as a memorial to his mother, Queen Victoria, and was designed by the architect Sir Aston Webb. It is pictured during the Royal Wedding of Princess Elizabeth (Queen Elizabeth II) and Prince Philip (Duke of Edinburgh) at Westminster Abbey in November 1947 . Neighbouring Admiralty House has provided grace-and-favour apartments for politicians including former defence secretary Liam Fox and former deputy prime minister John Prescott. The 147,300sq ft arch is spread across a basement, lower ground and ground floor, and five upper floors. The Government sold the long-term lease on the building in 2013. It is retaining the freehold, so will still have the final say after a Spanish hotel developer paid £60 million to buy it. Nights in the historic landmark, which joins Trafalgar Square with the Mall, won't come cheaply though; new owner Rafael Serrano is also the man behind the Bulgari Hotel in Knightsbridge, where rooms cost from £850 a night.","Protesters mounted Admiralty Arch, which joins Trafalgar Square with Mall .
The gatehouse, built as a memorial to Queen Victoria, was sold in 2012 .
It is now set to be turned into a luxury hotel after by Spanish developer .
Anti fascist group 'Autonomous Nation of Anarchist Libertarians'"
summ_0001,summarization,2,question_form,"Summarize the following news article in 3-4 sentences, capturing the main events and key details.",What are the main events and key details of this news article?,0.8513,"What are the main events and key details of this news article?

Article:
Self-styled 'anarchist libertarian' squatters have set up camp in one of London's most historic monuments and unfurled banners reading  'Homes for all'. The protesters mounted Admiralty Arch, which joins Trafalgar Square with the Mall, and called for others to join them. It is not clear what their protest is attempting to highlight, as a garbled message posted on Facebook by the group simply calls for 'Christmas lights... any and all radical/revolutionary messages'. But banners bearing messages such as 'better squat than let homes rot' and 'respect existence or expect resistance' were seen hanging from the Grade-I listed building, as the masked demonstrators sat with their legs dangling over the side. Scroll down for video . Self-styled 'anarchist libertarian' squatters have set up camp in one of London's most historic monuments and unfurled banners reading 'Homes for all' One of the banners read, 'Respect existence or expect resistance' and another, 'better to squat than let homes rot' The protesters mounted the arch which joins Trafalgar Square with the Mall, and called for others to join them . It is not clear what their protest is attempting to highlight, as a garbled message posted on Facebook by the group simply calls for 'Christmas lights... any and all radical/revolutionary messages' The gatehouse, built as a memorial to Queen Victoria, was sold in 2012 after a Spanish hotel developer paid £60 million to buy it from the government. The five protesters from anti fascist group 'Autonomous Nation of Anarchist Libertarians (ANAL)' called for support in a message on their Facebook page as police converged on the area. They posted: 'Urgent shoutout for banners, Christmas lights and anything else we can use to make the most of this massive canvas we have. Any and all radical/revolutionary messages welcome, but a preference for antifa (sic) in anticipation of the pegeda event on the 4th of this month. Much love.' One onlooker, who asked not to be named, said: 'I've seen a couple of guys on different parts of the roof throughout this morning. 'All they were doing was shouting power to the people. I have no idea how they got in there because I'm pretty sure it's offices.' A man was walking across the roof of the arch this afternoon wearing a black sleeveless hoodie with the hood pulled up and a black scarf across his face. They added five photographs of themselves up on the building. They are believed to be the same group who took over the former offices of the Institute of Directors on Pall Mall in central London last month. The building, not far from Buckingham Palace, was targeted because it was originally opened by Tony Blair, the groups said at the time. The squatters later bragged that it 'wasn't difficult' to get into the historic landmark which is a five minutes walk from Buckingham Palace. The group said they got into the building overnight by climbing through an unlocked window. Proclaiming that what they were doing was 'more punk rock than the Sex Pistols,' one of the men, who only gave his name as 'Fox' said the group decided to take Admiralty Arch because it was a 'significant' building a stone's throw away from the Palace. 'Fox', who claimed to be one of the founders of the Autonomous Nation, said: ' We decided to take it because it is a significant building - you can see Buckingham Palace - there is a significant flow of traffic and we wanted to highlight the fact there are some corrupt individuals affecting this country and they need to get dragged out. Banners bearing housing messages were seen hanging from the Grade-I listed building as the masked demonstrators sat with their legs dangling over the side . 'Also, we wanted to highlight the fact that there are so many people that are homeless. 'We got in overnight through a window that was unlocked and just climbed in through that, there's about 15 of us here. 'The ironic thing is that we had been evicted from the building in Pall Mall and all we were doing was walking around here when a security guard said 'you can't come in here, you can't take this' - which said to us it must be empty and that's when we decided we could take it. 'We are trying our hardest to keep it clean and tidy, but when your squatting in central London the chaos does take its toll. 'We want to stay here as long as we can.' Fox admitted he was one of the hooded figures seen standing on the roof of the arch today and said he was shouting 'power to the people.' He also said that some of his colleagues were shouting 'ACAB' which stands for 'All Cops are B*****ds.' He added: 'That is not something I join in with [shouting about police] because I find a lot of police officers can be quite reasonable.' A 'Notice to Vacate' has been posted up the entrances to the landmark, however Fox warned that if the group are evicted 'There may be some individuals that do resistance. ' Another squatter, who asked not to be named, said: 'We decided to take it because it is two fingers up to the Royal Family. 'We are anarchists, we are not left wing or right wing, we are anarchists - look up the dictionary definition of the word. 'The Sex Pistols need to start doing a new album because what we are doing is more punk rock than the Sex Pistols.' Asked how long he wanted to squat in the landmark he replied 'indefinitely.' It is not the first time protesters have 'taken over' Admiralty Arch. In 2006, 14 Greenpeace protesters spent a day on the arch demonstrating over claims the government is using illegally logged wood. The gatehouse, built as a memorial to Queen Victoria, was sold in 2012 after a Spanish hotel developer paid £60 million to buy it from the government . The five protesters from anti fascist group 'Autonomous Nation of Anarchist Libertarians (ANAL)' called for support in a message on their Facebook page as police converged on the area . They added five photographs of themselves up on the building. It is not the first time protesters have 'taken over' the memorial . They unfurled banners accusing the government of 'trashing rainforests' during Cabinet Office renovations . A Metropolitan Police spokeswoman said: 'At approximately 10.22 this morning we were made aware of five protesters on the roof of Admiralty Arch opposite Trafalgar Square. 'They remain on the roof. Officers are in attendance.' Facebook user Love Activists posted: 'Love activists, SHA and the Autonomous Nation Of Anarchist Libertarians have occupied the old cabinet office opposite trafalgar square, on the road which leads directly towards the palace. We call out for all hands to assist us.' Another user Natasha Quarmby added: 'The Guinness Trust AST tenants are in court today, trying to save their homes, they are on their own, and not getting the support that perhaps other Social Housing campaigns are getting, like the Aylesbury Estate or Sweets Way.... I urge you to visit to visit their page and show some support, they would really appreciate it. 'What about these guys too, No Russel Brand on hand here.... Show them some support x (sic)' Tenants face losing their homes for a new housing development on the Guinness Estate in Loughborough Park, Brixton, and have been staging protests. Housing trust the Guinness Partnership is planning to redevelop the estate and create 525 new homes on the site. Tenants on shorthold tenancy contracts have been told they have until April to find new housing. Many of the tenants have been living in the building for over 10 years and claim they will have to find somewhere to live outside London as they can no longer afford to pay Brixton rent prices. Admiralty Arch was commissioned by King Edward VII as a memorial to his mother, Queen Victoria, and was designed by the architect Sir Aston Webb. Completed in 1912, it spans the entrance to Trafalgar Square from The Mall and was traditionally used as the residence of the First Sea Lord and the heads of the Royal Navy. Admiralty Arch was commissioned by King Edward VII as a memorial to his mother, Queen Victoria, and was designed by the architect Sir Aston Webb. It is pictured during the Royal Wedding of Princess Elizabeth (Queen Elizabeth II) and Prince Philip (Duke of Edinburgh) at Westminster Abbey in November 1947 . Neighbouring Admiralty House has provided grace-and-favour apartments for politicians including former defence secretary Liam Fox and former deputy prime minister John Prescott. The 147,300sq ft arch is spread across a basement, lower ground and ground floor, and five upper floors. The Government sold the long-term lease on the building in 2013. It is retaining the freehold, so will still have the final say after a Spanish hotel developer paid £60 million to buy it. Nights in the historic landmark, which joins Trafalgar Square with the Mall, won't come cheaply though; new owner Rafael Serrano is also the man behind the Bulgari Hotel in Knightsbridge, where rooms cost from £850 a night.

Summary:","Self-styled 'anarchist libertarian' squatters have set up camp in one of London's most historic monuments and unfurled banners reading  'Homes for all'. The protesters mounted Admiralty Arch, which joins Trafalgar Square with the Mall, and called for others to join them. It is not clear what their protest is attempting to highlight, as a garbled message posted on Facebook by the group simply calls for 'Christmas lights... any and all radical/revolutionary messages'. But banners bearing messages such as 'better squat than let homes rot' and 'respect existence or expect resistance' were seen hanging from the Grade-I listed building, as the masked demonstrators sat with their legs dangling over the side. Scroll down for video . Self-styled 'anarchist libertarian' squatters have set up camp in one of London's most historic monuments and unfurled banners reading 'Homes for all' One of the banners read, 'Respect existence or expect resistance' and another, 'better to squat than let homes rot' The protesters mounted the arch which joins Trafalgar Square with the Mall, and called for others to join them . It is not clear what their protest is attempting to highlight, as a garbled message posted on Facebook by the group simply calls for 'Christmas lights... any and all radical/revolutionary messages' The gatehouse, built as a memorial to Queen Victoria, was sold in 2012 after a Spanish hotel developer paid £60 million to buy it from the government. The five protesters from anti fascist group 'Autonomous Nation of Anarchist Libertarians (ANAL)' called for support in a message on their Facebook page as police converged on the area. They posted: 'Urgent shoutout for banners, Christmas lights and anything else we can use to make the most of this massive canvas we have. Any and all radical/revolutionary messages welcome, but a preference for antifa (sic) in anticipation of the pegeda event on the 4th of this month. Much love.' One onlooker, who asked not to be named, said: 'I've seen a couple of guys on different parts of the roof throughout this morning. 'All they were doing was shouting power to the people. I have no idea how they got in there because I'm pretty sure it's offices.' A man was walking across the roof of the arch this afternoon wearing a black sleeveless hoodie with the hood pulled up and a black scarf across his face. They added five photographs of themselves up on the building. They are believed to be the same group who took over the former offices of the Institute of Directors on Pall Mall in central London last month. The building, not far from Buckingham Palace, was targeted because it was originally opened by Tony Blair, the groups said at the time. The squatters later bragged that it 'wasn't difficult' to get into the historic landmark which is a five minutes walk from Buckingham Palace. The group said they got into the building overnight by climbing through an unlocked window. Proclaiming that what they were doing was 'more punk rock than the Sex Pistols,' one of the men, who only gave his name as 'Fox' said the group decided to take Admiralty Arch because it was a 'significant' building a stone's throw away from the Palace. 'Fox', who claimed to be one of the founders of the Autonomous Nation, said: ' We decided to take it because it is a significant building - you can see Buckingham Palace - there is a significant flow of traffic and we wanted to highlight the fact there are some corrupt individuals affecting this country and they need to get dragged out. Banners bearing housing messages were seen hanging from the Grade-I listed building as the masked demonstrators sat with their legs dangling over the side . 'Also, we wanted to highlight the fact that there are so many people that are homeless. 'We got in overnight through a window that was unlocked and just climbed in through that, there's about 15 of us here. 'The ironic thing is that we had been evicted from the building in Pall Mall and all we were doing was walking around here when a security guard said 'you can't come in here, you can't take this' - which said to us it must be empty and that's when we decided we could take it. 'We are trying our hardest to keep it clean and tidy, but when your squatting in central London the chaos does take its toll. 'We want to stay here as long as we can.' Fox admitted he was one of the hooded figures seen standing on the roof of the arch today and said he was shouting 'power to the people.' He also said that some of his colleagues were shouting 'ACAB' which stands for 'All Cops are B*****ds.' He added: 'That is not something I join in with [shouting about police] because I find a lot of police officers can be quite reasonable.' A 'Notice to Vacate' has been posted up the entrances to the landmark, however Fox warned that if the group are evicted 'There may be some individuals that do resistance. ' Another squatter, who asked not to be named, said: 'We decided to take it because it is two fingers up to the Royal Family. 'We are anarchists, we are not left wing or right wing, we are anarchists - look up the dictionary definition of the word. 'The Sex Pistols need to start doing a new album because what we are doing is more punk rock than the Sex Pistols.' Asked how long he wanted to squat in the landmark he replied 'indefinitely.' It is not the first time protesters have 'taken over' Admiralty Arch. In 2006, 14 Greenpeace protesters spent a day on the arch demonstrating over claims the government is using illegally logged wood. The gatehouse, built as a memorial to Queen Victoria, was sold in 2012 after a Spanish hotel developer paid £60 million to buy it from the government . The five protesters from anti fascist group 'Autonomous Nation of Anarchist Libertarians (ANAL)' called for support in a message on their Facebook page as police converged on the area . They added five photographs of themselves up on the building. It is not the first time protesters have 'taken over' the memorial . They unfurled banners accusing the government of 'trashing rainforests' during Cabinet Office renovations . A Metropolitan Police spokeswoman said: 'At approximately 10.22 this morning we were made aware of five protesters on the roof of Admiralty Arch opposite Trafalgar Square. 'They remain on the roof. Officers are in attendance.' Facebook user Love Activists posted: 'Love activists, SHA and the Autonomous Nation Of Anarchist Libertarians have occupied the old cabinet office opposite trafalgar square, on the road which leads directly towards the palace. We call out for all hands to assist us.' Another user Natasha Quarmby added: 'The Guinness Trust AST tenants are in court today, trying to save their homes, they are on their own, and not getting the support that perhaps other Social Housing campaigns are getting, like the Aylesbury Estate or Sweets Way.... I urge you to visit to visit their page and show some support, they would really appreciate it. 'What about these guys too, No Russel Brand on hand here.... Show them some support x (sic)' Tenants face losing their homes for a new housing development on the Guinness Estate in Loughborough Park, Brixton, and have been staging protests. Housing trust the Guinness Partnership is planning to redevelop the estate and create 525 new homes on the site. Tenants on shorthold tenancy contracts have been told they have until April to find new housing. Many of the tenants have been living in the building for over 10 years and claim they will have to find somewhere to live outside London as they can no longer afford to pay Brixton rent prices. Admiralty Arch was commissioned by King Edward VII as a memorial to his mother, Queen Victoria, and was designed by the architect Sir Aston Webb. Completed in 1912, it spans the entrance to Trafalgar Square from The Mall and was traditionally used as the residence of the First Sea Lord and the heads of the Royal Navy. Admiralty Arch was commissioned by King Edward VII as a memorial to his mother, Queen Victoria, and was designed by the architect Sir Aston Webb. It is pictured during the Royal Wedding of Princess Elizabeth (Queen Elizabeth II) and Prince Philip (Duke of Edinburgh) at Westminster Abbey in November 1947 . Neighbouring Admiralty House has provided grace-and-favour apartments for politicians including former defence secretary Liam Fox and former deputy prime minister John Prescott. The 147,300sq ft arch is spread across a basement, lower ground and ground floor, and five upper floors. The Government sold the long-term lease on the building in 2013. It is retaining the freehold, so will still have the final say after a Spanish hotel developer paid £60 million to buy it. Nights in the historic landmark, which joins Trafalgar Square with the Mall, won't come cheaply though; new owner Rafael Serrano is also the man behind the Bulgari Hotel in Knightsbridge, where rooms cost from £850 a night.","Protesters mounted Admiralty Arch, which joins Trafalgar Square with Mall .
The gatehouse, built as a memorial to Queen Victoria, was sold in 2012 .
It is now set to be turned into a luxury hotel after by Spanish developer .
Anti fascist group 'Autonomous Nation of Anarchist Libertarians'"
summ_0001,summarization,3,imperative,"Summarize the following news article in 3-4 sentences, capturing the main events and key details.",Summarize the news article in 3-4 sentences.,0.8371,"Summarize the news article in 3-4 sentences.

Article:
Self-styled 'anarchist libertarian' squatters have set up camp in one of London's most historic monuments and unfurled banners reading  'Homes for all'. The protesters mounted Admiralty Arch, which joins Trafalgar Square with the Mall, and called for others to join them. It is not clear what their protest is attempting to highlight, as a garbled message posted on Facebook by the group simply calls for 'Christmas lights... any and all radical/revolutionary messages'. But banners bearing messages such as 'better squat than let homes rot' and 'respect existence or expect resistance' were seen hanging from the Grade-I listed building, as the masked demonstrators sat with their legs dangling over the side. Scroll down for video . Self-styled 'anarchist libertarian' squatters have set up camp in one of London's most historic monuments and unfurled banners reading 'Homes for all' One of the banners read, 'Respect existence or expect resistance' and another, 'better to squat than let homes rot' The protesters mounted the arch which joins Trafalgar Square with the Mall, and called for others to join them . It is not clear what their protest is attempting to highlight, as a garbled message posted on Facebook by the group simply calls for 'Christmas lights... any and all radical/revolutionary messages' The gatehouse, built as a memorial to Queen Victoria, was sold in 2012 after a Spanish hotel developer paid £60 million to buy it from the government. The five protesters from anti fascist group 'Autonomous Nation of Anarchist Libertarians (ANAL)' called for support in a message on their Facebook page as police converged on the area. They posted: 'Urgent shoutout for banners, Christmas lights and anything else we can use to make the most of this massive canvas we have. Any and all radical/revolutionary messages welcome, but a preference for antifa (sic) in anticipation of the pegeda event on the 4th of this month. Much love.' One onlooker, who asked not to be named, said: 'I've seen a couple of guys on different parts of the roof throughout this morning. 'All they were doing was shouting power to the people. I have no idea how they got in there because I'm pretty sure it's offices.' A man was walking across the roof of the arch this afternoon wearing a black sleeveless hoodie with the hood pulled up and a black scarf across his face. They added five photographs of themselves up on the building. They are believed to be the same group who took over the former offices of the Institute of Directors on Pall Mall in central London last month. The building, not far from Buckingham Palace, was targeted because it was originally opened by Tony Blair, the groups said at the time. The squatters later bragged that it 'wasn't difficult' to get into the historic landmark which is a five minutes walk from Buckingham Palace. The group said they got into the building overnight by climbing through an unlocked window. Proclaiming that what they were doing was 'more punk rock than the Sex Pistols,' one of the men, who only gave his name as 'Fox' said the group decided to take Admiralty Arch because it was a 'significant' building a stone's throw away from the Palace. 'Fox', who claimed to be one of the founders of the Autonomous Nation, said: ' We decided to take it because it is a significant building - you can see Buckingham Palace - there is a significant flow of traffic and we wanted to highlight the fact there are some corrupt individuals affecting this country and they need to get dragged out. Banners bearing housing messages were seen hanging from the Grade-I listed building as the masked demonstrators sat with their legs dangling over the side . 'Also, we wanted to highlight the fact that there are so many people that are homeless. 'We got in overnight through a window that was unlocked and just climbed in through that, there's about 15 of us here. 'The ironic thing is that we had been evicted from the building in Pall Mall and all we were doing was walking around here when a security guard said 'you can't come in here, you can't take this' - which said to us it must be empty and that's when we decided we could take it. 'We are trying our hardest to keep it clean and tidy, but when your squatting in central London the chaos does take its toll. 'We want to stay here as long as we can.' Fox admitted he was one of the hooded figures seen standing on the roof of the arch today and said he was shouting 'power to the people.' He also said that some of his colleagues were shouting 'ACAB' which stands for 'All Cops are B*****ds.' He added: 'That is not something I join in with [shouting about police] because I find a lot of police officers can be quite reasonable.' A 'Notice to Vacate' has been posted up the entrances to the landmark, however Fox warned that if the group are evicted 'There may be some individuals that do resistance. ' Another squatter, who asked not to be named, said: 'We decided to take it because it is two fingers up to the Royal Family. 'We are anarchists, we are not left wing or right wing, we are anarchists - look up the dictionary definition of the word. 'The Sex Pistols need to start doing a new album because what we are doing is more punk rock than the Sex Pistols.' Asked how long he wanted to squat in the landmark he replied 'indefinitely.' It is not the first time protesters have 'taken over' Admiralty Arch. In 2006, 14 Greenpeace protesters spent a day on the arch demonstrating over claims the government is using illegally logged wood. The gatehouse, built as a memorial to Queen Victoria, was sold in 2012 after a Spanish hotel developer paid £60 million to buy it from the government . The five protesters from anti fascist group 'Autonomous Nation of Anarchist Libertarians (ANAL)' called for support in a message on their Facebook page as police converged on the area . They added five photographs of themselves up on the building. It is not the first time protesters have 'taken over' the memorial . They unfurled banners accusing the government of 'trashing rainforests' during Cabinet Office renovations . A Metropolitan Police spokeswoman said: 'At approximately 10.22 this morning we were made aware of five protesters on the roof of Admiralty Arch opposite Trafalgar Square. 'They remain on the roof. Officers are in attendance.' Facebook user Love Activists posted: 'Love activists, SHA and the Autonomous Nation Of Anarchist Libertarians have occupied the old cabinet office opposite trafalgar square, on the road which leads directly towards the palace. We call out for all hands to assist us.' Another user Natasha Quarmby added: 'The Guinness Trust AST tenants are in court today, trying to save their homes, they are on their own, and not getting the support that perhaps other Social Housing campaigns are getting, like the Aylesbury Estate or Sweets Way.... I urge you to visit to visit their page and show some support, they would really appreciate it. 'What about these guys too, No Russel Brand on hand here.... Show them some support x (sic)' Tenants face losing their homes for a new housing development on the Guinness Estate in Loughborough Park, Brixton, and have been staging protests. Housing trust the Guinness Partnership is planning to redevelop the estate and create 525 new homes on the site. Tenants on shorthold tenancy contracts have been told they have until April to find new housing. Many of the tenants have been living in the building for over 10 years and claim they will have to find somewhere to live outside London as they can no longer afford to pay Brixton rent prices. Admiralty Arch was commissioned by King Edward VII as a memorial to his mother, Queen Victoria, and was designed by the architect Sir Aston Webb. Completed in 1912, it spans the entrance to Trafalgar Square from The Mall and was traditionally used as the residence of the First Sea Lord and the heads of the Royal Navy. Admiralty Arch was commissioned by King Edward VII as a memorial to his mother, Queen Victoria, and was designed by the architect Sir Aston Webb. It is pictured during the Royal Wedding of Princess Elizabeth (Queen Elizabeth II) and Prince Philip (Duke of Edinburgh) at Westminster Abbey in November 1947 . Neighbouring Admiralty House has provided grace-and-favour apartments for politicians including former defence secretary Liam Fox and former deputy prime minister John Prescott. The 147,300sq ft arch is spread across a basement, lower ground and ground floor, and five upper floors. The Government sold the long-term lease on the building in 2013. It is retaining the freehold, so will still have the final say after a Spanish hotel developer paid £60 million to buy it. Nights in the historic landmark, which joins Trafalgar Square with the Mall, won't come cheaply though; new owner Rafael Serrano is also the man behind the Bulgari Hotel in Knightsbridge, where rooms cost from £850 a night.

Summary:","Self-styled 'anarchist libertarian' squatters have set up camp in one of London's most historic monuments and unfurled banners reading  'Homes for all'. The protesters mounted Admiralty Arch, which joins Trafalgar Square with the Mall, and called for others to join them. It is not clear what their protest is attempting to highlight, as a garbled message posted on Facebook by the group simply calls for 'Christmas lights... any and all radical/revolutionary messages'. But banners bearing messages such as 'better squat than let homes rot' and 'respect existence or expect resistance' were seen hanging from the Grade-I listed building, as the masked demonstrators sat with their legs dangling over the side. Scroll down for video . Self-styled 'anarchist libertarian' squatters have set up camp in one of London's most historic monuments and unfurled banners reading 'Homes for all' One of the banners read, 'Respect existence or expect resistance' and another, 'better to squat than let homes rot' The protesters mounted the arch which joins Trafalgar Square with the Mall, and called for others to join them . It is not clear what their protest is attempting to highlight, as a garbled message posted on Facebook by the group simply calls for 'Christmas lights... any and all radical/revolutionary messages' The gatehouse, built as a memorial to Queen Victoria, was sold in 2012 after a Spanish hotel developer paid £60 million to buy it from the government. The five protesters from anti fascist group 'Autonomous Nation of Anarchist Libertarians (ANAL)' called for support in a message on their Facebook page as police converged on the area. They posted: 'Urgent shoutout for banners, Christmas lights and anything else we can use to make the most of this massive canvas we have. Any and all radical/revolutionary messages welcome, but a preference for antifa (sic) in anticipation of the pegeda event on the 4th of this month. Much love.' One onlooker, who asked not to be named, said: 'I've seen a couple of guys on different parts of the roof throughout this morning. 'All they were doing was shouting power to the people. I have no idea how they got in there because I'm pretty sure it's offices.' A man was walking across the roof of the arch this afternoon wearing a black sleeveless hoodie with the hood pulled up and a black scarf across his face. They added five photographs of themselves up on the building. They are believed to be the same group who took over the former offices of the Institute of Directors on Pall Mall in central London last month. The building, not far from Buckingham Palace, was targeted because it was originally opened by Tony Blair, the groups said at the time. The squatters later bragged that it 'wasn't difficult' to get into the historic landmark which is a five minutes walk from Buckingham Palace. The group said they got into the building overnight by climbing through an unlocked window. Proclaiming that what they were doing was 'more punk rock than the Sex Pistols,' one of the men, who only gave his name as 'Fox' said the group decided to take Admiralty Arch because it was a 'significant' building a stone's throw away from the Palace. 'Fox', who claimed to be one of the founders of the Autonomous Nation, said: ' We decided to take it because it is a significant building - you can see Buckingham Palace - there is a significant flow of traffic and we wanted to highlight the fact there are some corrupt individuals affecting this country and they need to get dragged out. Banners bearing housing messages were seen hanging from the Grade-I listed building as the masked demonstrators sat with their legs dangling over the side . 'Also, we wanted to highlight the fact that there are so many people that are homeless. 'We got in overnight through a window that was unlocked and just climbed in through that, there's about 15 of us here. 'The ironic thing is that we had been evicted from the building in Pall Mall and all we were doing was walking around here when a security guard said 'you can't come in here, you can't take this' - which said to us it must be empty and that's when we decided we could take it. 'We are trying our hardest to keep it clean and tidy, but when your squatting in central London the chaos does take its toll. 'We want to stay here as long as we can.' Fox admitted he was one of the hooded figures seen standing on the roof of the arch today and said he was shouting 'power to the people.' He also said that some of his colleagues were shouting 'ACAB' which stands for 'All Cops are B*****ds.' He added: 'That is not something I join in with [shouting about police] because I find a lot of police officers can be quite reasonable.' A 'Notice to Vacate' has been posted up the entrances to the landmark, however Fox warned that if the group are evicted 'There may be some individuals that do resistance. ' Another squatter, who asked not to be named, said: 'We decided to take it because it is two fingers up to the Royal Family. 'We are anarchists, we are not left wing or right wing, we are anarchists - look up the dictionary definition of the word. 'The Sex Pistols need to start doing a new album because what we are doing is more punk rock than the Sex Pistols.' Asked how long he wanted to squat in the landmark he replied 'indefinitely.' It is not the first time protesters have 'taken over' Admiralty Arch. In 2006, 14 Greenpeace protesters spent a day on the arch demonstrating over claims the government is using illegally logged wood. The gatehouse, built as a memorial to Queen Victoria, was sold in 2012 after a Spanish hotel developer paid £60 million to buy it from the government . The five protesters from anti fascist group 'Autonomous Nation of Anarchist Libertarians (ANAL)' called for support in a message on their Facebook page as police converged on the area . They added five photographs of themselves up on the building. It is not the first time protesters have 'taken over' the memorial . They unfurled banners accusing the government of 'trashing rainforests' during Cabinet Office renovations . A Metropolitan Police spokeswoman said: 'At approximately 10.22 this morning we were made aware of five protesters on the roof of Admiralty Arch opposite Trafalgar Square. 'They remain on the roof. Officers are in attendance.' Facebook user Love Activists posted: 'Love activists, SHA and the Autonomous Nation Of Anarchist Libertarians have occupied the old cabinet office opposite trafalgar square, on the road which leads directly towards the palace. We call out for all hands to assist us.' Another user Natasha Quarmby added: 'The Guinness Trust AST tenants are in court today, trying to save their homes, they are on their own, and not getting the support that perhaps other Social Housing campaigns are getting, like the Aylesbury Estate or Sweets Way.... I urge you to visit to visit their page and show some support, they would really appreciate it. 'What about these guys too, No Russel Brand on hand here.... Show them some support x (sic)' Tenants face losing their homes for a new housing development on the Guinness Estate in Loughborough Park, Brixton, and have been staging protests. Housing trust the Guinness Partnership is planning to redevelop the estate and create 525 new homes on the site. Tenants on shorthold tenancy contracts have been told they have until April to find new housing. Many of the tenants have been living in the building for over 10 years and claim they will have to find somewhere to live outside London as they can no longer afford to pay Brixton rent prices. Admiralty Arch was commissioned by King Edward VII as a memorial to his mother, Queen Victoria, and was designed by the architect Sir Aston Webb. Completed in 1912, it spans the entrance to Trafalgar Square from The Mall and was traditionally used as the residence of the First Sea Lord and the heads of the Royal Navy. Admiralty Arch was commissioned by King Edward VII as a memorial to his mother, Queen Victoria, and was designed by the architect Sir Aston Webb. It is pictured during the Royal Wedding of Princess Elizabeth (Queen Elizabeth II) and Prince Philip (Duke of Edinburgh) at Westminster Abbey in November 1947 . Neighbouring Admiralty House has provided grace-and-favour apartments for politicians including former defence secretary Liam Fox and former deputy prime minister John Prescott. The 147,300sq ft arch is spread across a basement, lower ground and ground floor, and five upper floors. The Government sold the long-term lease on the building in 2013. It is retaining the freehold, so will still have the final say after a Spanish hotel developer paid £60 million to buy it. Nights in the historic landmark, which joins Trafalgar Square with the Mall, won't come cheaply though; new owner Rafael Serrano is also the man behind the Bulgari Hotel in Knightsbridge, where rooms cost from £850 a night.","Protesters mounted Admiralty Arch, which joins Trafalgar Square with Mall .
The gatehouse, built as a memorial to Queen Victoria, was sold in 2012 .
It is now set to be turned into a luxury hotel after by Spanish developer .
Anti fascist group 'Autonomous Nation of Anarchist Libertarians'"
