article_id,seed_id,pool,dimension,cs_mean,sensitivity,diagnosis
art_0000,A01,A,Direct Command,0.6221654081764894,0.5085890593729152,Fragile
art_0000,A02,A,Direct Command,0.5064131106035068,0.672631754503002,Fragile
art_0000,A03,A,Direct Command,0.612556805022252,0.4629753168779186,True Robustness
art_0000,A04,A,Direct Command,0.5817092846219357,0.534739826551034,Fragile
art_0000,A05,A,Question Form,0.32312486664606976,0.8508672448298865,Unreliable
art_0000,A06,A,Question Form,0.49404600396594156,0.6348565710473649,Fragile
art_0000,A07,A,Question Form,0.5121315773098897,0.5967311541027351,Fragile
art_0000,A08,A,Question Form,0.23093759118077847,0.658822548365577,Unreliable
art_0000,A09,A,Role Based,0.5697289141706932,0.5654102735156771,Fragile
art_0000,A10,A,Role Based,0.5400557855191904,0.2597231487658439,True Robustness
art_0000,A11,A,Role Based,0.30862789919923767,0.862758505670447,Unreliable
art_0000,A12,A,Role Based,0.5490819921191686,0.6006170780520347,Fragile
art_0000,A13,A,Constraint Based,0.588278622008287,0.0686457638425617,True Robustness
art_0000,A14,A,Constraint Based,0.5281491343600628,0.23999332888592395,True Robustness
art_0000,A15,A,Constraint Based,0.2615320985563672,0.5008338892595063,Unreliable
art_0000,A16,A,Analytical Framing,0.4659273818027802,0.31142428285523677,True Robustness
art_0000,A17,A,Analytical Framing,0.3881784698997553,0.8202801867911941,Fragile
art_0000,A18,A,Analytical Framing,0.46840907260775566,0.6305870580386924,Fragile
art_0000,A19,A,Analytical Framing,0.25452661250258246,0.7903102068045365,Unreliable
art_0000,A20,A,Output Format,0.5356291727377819,0.35727151434289534,True Robustness
art_0000,A21,A,Output Format,0.4243616523842017,0.5094062708472316,Fragile
art_0000,A22,A,Output Format,0.5253716260194778,0.22493328885923947,True Robustness
art_0000,A23,A,Audience Perspective,0.2718657286992917,0.6795697131420947,Unreliable
art_0000,A24,A,Audience Perspective,0.5258667384011624,0.702234823215477,Fragile
art_0000,A25,A,Audience Perspective,0.3186578183219983,0.5837058038692461,Unreliable
art_0000,A26,A,Emphasis Focus,0.43898839765610415,0.36977985323549034,True Robustness
art_0000,A27,A,Emphasis Focus,0.5588287125604275,0.2186957971981321,True Robustness
art_0000,A28,A,Emphasis Focus,0.4480641239251082,0.6928619079386258,Fragile
art_0000,A29,A,Tone Register,0.5787147471728998,0.4061207471647766,True Robustness
art_0000,A30,A,Tone Register,0.4544328024181035,0.6023182121414277,Fragile
art_0000,A31,A,Tone Register,0.5448750850434104,0.28544029352901934,True Robustness
art_0000,A32,A,Tone Register,0.5168609227985145,0.6448465643762509,Fragile
art_0000,A33,A,Completeness Framing,0.5101171547594743,0.6688125416944629,Fragile
art_0000,A34,A,Completeness Framing,0.5877527351944875,0.5251667778519012,Fragile
art_0000,A35,A,Completeness Framing,0.5685131329660997,0.7214809873248833,Fragile
art_0000,B01,B,Lexical Filter,0.055188966413530015,0.745930620413609,Unreliable
art_0000,B02,B,Lexical Filter,0.6218806602633918,0.49744829886591063,True Robustness
art_0000,B03,B,Lexical Filter,0.5829226009738752,0.576834556370914,Fragile
art_0000,B04,B,Theme Isolation,0.15736510486115154,0.8983488992661776,Unreliable
art_0000,B05,B,Theme Isolation,0.4898811705792561,0.5853235490326885,Fragile
art_0000,B06,B,Theme Isolation,0.34571331088693863,0.596197464976651,Unreliable
art_0000,B07,B,Theme Isolation,0.4689350882634664,0.5764676450967312,Fragile
art_0000,B08,B,Theme Isolation,0.42794281497406655,0.4262341561040694,True Robustness
art_0000,B09,B,Persona / Tone,0.4641854736464433,0.405920613742495,True Robustness
art_0000,B10,B,Persona / Tone,0.24988656734617856,0.27138092061374247,Consistently Poor
art_0000,B11,B,Persona / Tone,0.5638067330687475,0.4860406937958639,True Robustness
art_0000,B12,B,Persona / Tone,0.26315058131630603,0.8116077384923281,Unreliable
art_0000,B13,B,Persona / Tone,0.46892613921171206,0.20912274849899934,True Robustness
art_0000,B14,B,Persona / Tone,0.35926392471465546,0.607104736490994,Fragile
art_0000,B15,B,Meta-reflection,0.5079704273301058,0.8355903935957306,Fragile
art_0001,A01,A,Direct Command,0.24481711253799773,0.5905603735823882,Unreliable
art_0001,A02,A,Direct Command,0.2726021892718833,0.44636424282855236,Consistently Poor
art_0001,A03,A,Direct Command,0.27513809797905936,0.5947298198799199,Unreliable
art_0001,A04,A,Direct Command,0.25337304988944975,0.26219146097398266,Consistently Poor
art_0001,A05,A,Question Form,0.24487002811360137,0.48709139426284187,Consistently Poor
art_0001,A06,A,Question Form,0.26851851851851855,0.25767178118745826,Consistently Poor
art_0001,A07,A,Question Form,0.2625267430967479,0.808038692461641,Unreliable
art_0001,A08,A,Question Form,0.2325806097769937,0.32214809873248834,Consistently Poor
art_0001,A09,A,Role Based,0.2425252374916993,0.34609739826551034,Consistently Poor
art_0001,A10,A,Role Based,0.29166978616612377,0.2029186124082722,Consistently Poor
art_0001,A11,A,Role Based,0.241544183986089,0.6059372915276852,Unreliable
art_0001,A12,A,Role Based,0.2757700520947024,0.6049032688458972,Unreliable
art_0001,A13,A,Constraint Based,0.27640341994939027,0.1784856571047365,Consistently Poor
art_0001,A14,A,Constraint Based,0.3103572340268228,0.19663108739159438,Consistently Poor
art_0001,A15,A,Constraint Based,0.22319586029172775,0.08337224816544363,Consistently Poor
art_0001,A16,A,Analytical Framing,0.3333333333333333,0.2751667778519013,Consistently Poor
art_0001,A17,A,Analytical Framing,0.24111432724856532,0.43173782521681126,Consistently Poor
art_0001,A18,A,Analytical Framing,0.2700400874191136,0.3035857238158772,Consistently Poor
art_0001,A19,A,Analytical Framing,0.23148148148148148,0.2952968645763843,Consistently Poor
art_0001,A20,A,Output Format,0.28332389223699767,0.4866244162775183,Consistently Poor
art_0001,A21,A,Output Format,0.3285467529462443,0.5163609072715144,Unreliable
art_0001,A22,A,Output Format,0.29448663607170733,0.4065877251501001,Consistently Poor
art_0001,A23,A,Audience Perspective,0.2549734032751682,0.5262341561040693,Unreliable
art_0001,A24,A,Audience Perspective,0.24332185387956326,0.4407104736490994,Consistently Poor
art_0001,A25,A,Audience Perspective,0.21537953254732267,0.34859906604402935,Consistently Poor
art_0001,A26,A,Emphasis Focus,0.324074074074074,0.33980987324883255,Consistently Poor
art_0001,A27,A,Emphasis Focus,0.4083507621285713,0.09564709806537693,True Robustness
art_0001,A28,A,Emphasis Focus,0.23148148148148148,0.544079386257505,Unreliable
art_0001,A29,A,Tone Register,0.2828965368853123,0.4107404936624416,Consistently Poor
art_0001,A30,A,Tone Register,0.24765986031680196,0.621964643095397,Unreliable
art_0001,A31,A,Tone Register,0.362695719451747,0.5129252835223482,Fragile
art_0001,A32,A,Tone Register,0.2811867623908997,0.3306704469646431,Consistently Poor
art_0001,A33,A,Completeness Framing,0.2597729627870851,0.5581387591727819,Unreliable
art_0001,A34,A,Completeness Framing,0.3508765071078583,0.2656437625083389,True Robustness
art_0001,A35,A,Completeness Framing,0.26851851851851855,0.2096564376250834,Consistently Poor
art_0001,B01,B,Lexical Filter,0.018518518518518517,0.3606904603068712,Consistently Poor
art_0001,B02,B,Lexical Filter,0.26930436266034286,0.43822548365577046,Consistently Poor
art_0001,B03,B,Lexical Filter,0.29560268572014237,0.42156437625083387,Consistently Poor
art_0001,B04,B,Theme Isolation,0.212962962962963,0.6386090727151434,Unreliable
art_0001,B05,B,Theme Isolation,0.25925925925925924,0.5249166110740494,Unreliable
art_0001,B06,B,Theme Isolation,0.19444444444444442,0.5136257505003335,Unreliable
art_0001,B07,B,Theme Isolation,0.23148148148148148,0.4658605737158106,Consistently Poor
art_0001,B08,B,Theme Isolation,0.25717831110281014,0.49808205470313544,Consistently Poor
art_0001,B09,B,Persona / Tone,0.22222222222222224,0.3099232821881254,Consistently Poor
art_0001,B10,B,Persona / Tone,0.21296296296296294,0.2432621747831888,Consistently Poor
art_0001,B11,B,Persona / Tone,0.25269365465889376,0.2941794529686457,Consistently Poor
art_0001,B12,B,Persona / Tone,0.30984696696201963,0.49391260840560375,Consistently Poor
art_0001,B13,B,Persona / Tone,0.2597074806388398,0.42133088725817214,Consistently Poor
art_0001,B14,B,Persona / Tone,0.22222222222222224,0.4610907271514343,Consistently Poor
art_0001,B15,B,Meta-reflection,0.22809253913820374,0.7303202134756503,Unreliable
art_0002,A01,A,Direct Command,0.5048115087362627,0.49674783188792526,True Robustness
art_0002,A02,A,Direct Command,0.3514599008485675,0.847781854569713,Fragile
art_0002,A03,A,Direct Command,0.49424338621982167,0.3124916611074049,True Robustness
art_0002,A04,A,Direct Command,0.5084679862666948,0.29576384256170785,True Robustness
art_0002,A05,A,Question Form,0.12822334560583912,0.5391927951967979,Unreliable
art_0002,A06,A,Question Form,0.27450980392156865,0.5087891927951969,Unreliable
art_0002,A07,A,Question Form,0.11764705882352942,0.4855403602401602,Consistently Poor
art_0002,A08,A,Question Form,0.20673014767760156,0.6923282188125417,Unreliable
art_0002,A09,A,Role Based,0.49417795608386256,0.6372581721147432,Fragile
art_0002,A10,A,Role Based,0.4276076834648847,0.2974649766511007,True Robustness
art_0002,A11,A,Role Based,0.45141063911803797,0.4537525016677785,True Robustness
art_0002,A12,A,Role Based,0.46514643012892964,0.4992661774516345,Fragile
art_0002,A13,A,Constraint Based,0.3990054224416905,0.5956971314209473,Fragile
art_0002,A14,A,Constraint Based,0.3893554521788496,0.45680453635757173,True Robustness
art_0002,A15,A,Constraint Based,0.4071447810742493,0.2583222148098733,True Robustness
art_0002,A16,A,Analytical Framing,0.40196078431372545,0.5709639759839893,Fragile
art_0002,A17,A,Analytical Framing,0.35858945679102167,0.5383922615076718,Fragile
art_0002,A18,A,Analytical Framing,0.2225200018078527,0.625400266844563,Unreliable
art_0002,A19,A,Analytical Framing,0.1519607843137255,0.7446130753835891,Unreliable
art_0002,A20,A,Output Format,0.4521512263545802,0.49119412941961305,True Robustness
art_0002,A21,A,Output Format,0.5197237831558668,0.20473649099399602,True Robustness
art_0002,A22,A,Output Format,0.4070309323770012,0.4369412941961308,True Robustness
art_0002,A23,A,Audience Perspective,0.24019607843137256,0.8646430953969314,Unreliable
art_0002,A24,A,Audience Perspective,0.5365546895008461,0.4180620413609073,True Robustness
art_0002,A25,A,Audience Perspective,0.44602200879222326,0.6881921280853903,Fragile
art_0002,A26,A,Emphasis Focus,0.4176134240057994,0.6319379586390927,Fragile
art_0002,A27,A,Emphasis Focus,0.4570515260246455,0.23470647098065378,True Robustness
art_0002,A28,A,Emphasis Focus,0.36058575097544526,0.6648599066044029,Fragile
art_0002,A29,A,Tone Register,0.49378058252235246,0.5581721147431621,Fragile
art_0002,A30,A,Tone Register,0.4166665163402463,0.726851234156104,Fragile
art_0002,A31,A,Tone Register,0.46705416253055726,0.38042028018679125,True Robustness
art_0002,A32,A,Tone Register,0.4496843532531285,0.5780853902601735,Fragile
art_0002,A33,A,Completeness Framing,0.17809016079020998,0.5214142761841227,Unreliable
art_0002,A34,A,Completeness Framing,0.5041733294287148,0.5531687791861241,Fragile
art_0002,A35,A,Completeness Framing,0.4572704753601083,0.6376584389593062,Fragile
art_0002,B01,B,Lexical Filter,0.00980392156862745,0.5004002668445631,Unreliable
art_0002,B02,B,Lexical Filter,0.5291045888089667,0.4564209472981988,True Robustness
art_0002,B03,B,Lexical Filter,0.44546691149327095,0.5077384923282188,Fragile
art_0002,B04,B,Theme Isolation,0.20098039215686272,0.8201801200800534,Unreliable
art_0002,B05,B,Theme Isolation,0.3198492597587699,0.748799199466311,Unreliable
art_0002,B06,B,Theme Isolation,0.11274509803921569,0.5602401601067378,Unreliable
art_0002,B07,B,Theme Isolation,0.4166666666666666,0.4911274182788526,True Robustness
art_0002,B08,B,Theme Isolation,0.11764705882352942,0.6141594396264176,Unreliable
art_0002,B09,B,Persona / Tone,0.22549019607843138,0.3823215476984656,Consistently Poor
art_0002,B10,B,Persona / Tone,0.3043851681400602,0.6212141427618413,Unreliable
art_0002,B11,B,Persona / Tone,0.42142274761777915,0.5765343562374916,Fragile
art_0002,B12,B,Persona / Tone,0.3331169683267089,0.8425450300200132,Unreliable
art_0002,B13,B,Persona / Tone,0.38511301962403105,0.6804869913275517,Fragile
art_0002,B14,B,Persona / Tone,0.10784313725490197,0.4701801200800534,Consistently Poor
art_0002,B15,B,Meta-reflection,0.44476371850160984,0.4574382921947966,True Robustness
art_0003,A01,A,Direct Command,0.4809613935649395,0.32368245496998,True Robustness
art_0003,A02,A,Direct Command,0.49187217180927584,0.8506337558372249,Fragile
art_0003,A03,A,Direct Command,0.48503210718433065,0.28880920613742495,True Robustness
art_0003,A04,A,Direct Command,0.549457195897897,0.6059873248832555,Fragile
art_0003,A05,A,Question Form,0.40080215483903886,0.5274683122081388,Fragile
art_0003,A06,A,Question Form,0.41779540823772554,0.43845897264843225,True Robustness
art_0003,A07,A,Question Form,0.31538415427009264,0.839993328885924,Unreliable
art_0003,A08,A,Question Form,0.2915022997185588,0.6335390260173449,Unreliable
art_0003,A09,A,Role Based,0.4358539617309967,0.5765010006671114,Fragile
art_0003,A10,A,Role Based,0.5316584633042415,0.3035356904603069,True Robustness
art_0003,A11,A,Role Based,0.33523050720493,0.6226817878585724,Unreliable
art_0003,A12,A,Role Based,0.40110118727510174,0.6564876584389593,Fragile
art_0003,A13,A,Constraint Based,0.3388052751620611,0.242628418945964,Consistently Poor
art_0003,A14,A,Constraint Based,0.45808522552251824,0.467628418945964,True Robustness
art_0003,A15,A,Constraint Based,0.2992374160637458,0.4932288192128085,Consistently Poor
art_0003,A16,A,Analytical Framing,0.4448399626339476,0.8500166777851901,Fragile
art_0003,A17,A,Analytical Framing,0.31842337690759454,0.6045697131420946,Unreliable
art_0003,A18,A,Analytical Framing,0.40122296481082836,0.5811541027351568,Fragile
art_0003,A19,A,Analytical Framing,0.21763525431354838,0.8585056704469647,Unreliable
art_0003,A20,A,Output Format,0.5100473170479138,0.44349566377585053,True Robustness
art_0003,A21,A,Output Format,0.3967715471982956,0.31686124082721817,True Robustness
art_0003,A22,A,Output Format,0.5686420410871506,0.4015677118078719,True Robustness
art_0003,A23,A,Audience Perspective,0.37214403115212913,0.6312208138759172,Fragile
art_0003,A24,A,Audience Perspective,0.39137543141841885,0.46779519679786524,True Robustness
art_0003,A25,A,Audience Perspective,0.44396484407285847,0.5774182788525684,Fragile
art_0003,A26,A,Emphasis Focus,0.37185698238511883,0.6848565710473647,Fragile
art_0003,A27,A,Emphasis Focus,0.40902198826273284,0.14664776517678454,True Robustness
art_0003,A28,A,Emphasis Focus,0.2695989001270694,0.7994996664442962,Unreliable
art_0003,A29,A,Tone Register,0.5358983958760897,0.377501667778519,True Robustness
art_0003,A30,A,Tone Register,0.3651556683083375,0.5777685123415611,Fragile
art_0003,A31,A,Tone Register,0.4930731705292904,0.5456470980653769,Fragile
art_0003,A32,A,Tone Register,0.36401117648929354,0.679219479653102,Fragile
art_0003,A33,A,Completeness Framing,0.4112373980383079,0.36601067378252167,True Robustness
art_0003,A34,A,Completeness Framing,0.5490921672433614,0.3287358238825883,True Robustness
art_0003,A35,A,Completeness Framing,0.4643932620994746,0.5894262841894595,Fragile
art_0003,B01,B,Lexical Filter,0.13796553537249565,0.4125250166777852,Consistently Poor
art_0003,B02,B,Lexical Filter,0.5660925994316737,0.6711140760507005,Fragile
art_0003,B03,B,Lexical Filter,0.34361507240682837,0.45952301534356244,Consistently Poor
art_0003,B04,B,Theme Isolation,0.19650098880132041,0.7063375583722482,Unreliable
art_0003,B05,B,Theme Isolation,0.34907974259306984,0.65525350233489,Fragile
art_0003,B06,B,Theme Isolation,0.18256693662454684,0.7694629753168779,Unreliable
art_0003,B07,B,Theme Isolation,0.3986269772673647,0.5435290193462309,Fragile
art_0003,B08,B,Theme Isolation,0.29568514972925186,0.8531020680453637,Unreliable
art_0003,B09,B,Persona / Tone,0.24166666666666667,0.53422281521014,Unreliable
art_0003,B10,B,Persona / Tone,0.3095183741301298,0.23622414943295533,Consistently Poor
art_0003,B11,B,Persona / Tone,0.4838330763081709,0.33712474983322216,True Robustness
art_0003,B12,B,Persona / Tone,0.36207205124199393,0.613692461641094,Fragile
art_0003,B13,B,Persona / Tone,0.42522255686732624,0.6166277518345564,Fragile
art_0003,B14,B,Persona / Tone,0.30071959116806585,0.8081887925283523,Unreliable
art_0003,B15,B,Meta-reflection,0.41444638334214684,0.521714476317545,Fragile
art_0004,A01,A,Direct Command,0.376575171851959,0.35793862575050034,True Robustness
art_0004,A02,A,Direct Command,0.2683166160892982,0.7723315543695797,Unreliable
art_0004,A03,A,Direct Command,0.40061692005166644,0.3945463642428286,True Robustness
art_0004,A04,A,Direct Command,0.3724999178487521,0.3481987991994663,True Robustness
art_0004,A05,A,Question Form,0.1775513335298269,0.8181287525016678,Unreliable
art_0004,A06,A,Question Form,0.2649474505048532,0.6420947298198799,Unreliable
art_0004,A07,A,Question Form,0.04457821990721501,0.8278018679119412,Unreliable
art_0004,A08,A,Question Form,0.10229610030849774,0.7456470980653769,Unreliable
art_0004,A09,A,Role Based,0.4072007054988391,0.312758505670447,True Robustness
art_0004,A10,A,Role Based,0.27542634014613354,0.458939292861908,Consistently Poor
art_0004,A11,A,Role Based,0.34385539223559397,0.5727318212141428,Unreliable
art_0004,A12,A,Role Based,0.41471647610887885,0.4004002668445631,True Robustness
art_0004,A13,A,Constraint Based,0.25753465046485263,0.4912608405603736,Consistently Poor
art_0004,A14,A,Constraint Based,0.3485987526006424,0.4864076050700467,True Robustness
art_0004,A15,A,Constraint Based,0.15469173260797295,0.3904436290860574,Consistently Poor
art_0004,A16,A,Analytical Framing,0.2842821473112473,0.7264009339559706,Unreliable
art_0004,A17,A,Analytical Framing,0.16714754181269273,0.7275350233488992,Unreliable
art_0004,A18,A,Analytical Framing,0.19416510662398279,0.6779352901934623,Unreliable
art_0004,A19,A,Analytical Framing,0.06625017138475624,0.5615076717811874,Unreliable
art_0004,A20,A,Output Format,0.3923021615124666,0.3593062041360907,True Robustness
art_0004,A21,A,Output Format,0.23519076965749264,0.5091727818545697,Unreliable
art_0004,A22,A,Output Format,0.2658331005905683,0.246314209472982,Consistently Poor
art_0004,A23,A,Audience Perspective,0.20364940320499816,0.609739826551034,Unreliable
art_0004,A24,A,Audience Perspective,0.4449751324569567,0.21014009339559708,True Robustness
art_0004,A25,A,Audience Perspective,0.2780617695445052,0.5558205470313542,Unreliable
art_0004,A26,A,Emphasis Focus,0.19230769230769232,0.34726484322881923,Consistently Poor
art_0004,A27,A,Emphasis Focus,0.2769238566740965,0.058572381587725146,Consistently Poor
art_0004,A28,A,Emphasis Focus,0.1293620731478605,0.6269346230820547,Unreliable
art_0004,A29,A,Tone Register,0.3955995592837915,0.33797531687791865,True Robustness
art_0004,A30,A,Tone Register,0.3690096755058338,0.646981320880587,Fragile
art_0004,A31,A,Tone Register,0.2866897113167514,0.6006671114076051,Unreliable
art_0004,A32,A,Tone Register,0.2903630866979559,0.541711140760507,Unreliable
art_0004,A33,A,Completeness Framing,0.10663496160831971,0.6642428285523682,Unreliable
art_0004,A34,A,Completeness Framing,0.3642121911622011,0.433155436957972,True Robustness
art_0004,A35,A,Completeness Framing,0.3310251186709278,0.5595396931287526,Unreliable
art_0004,B01,B,Lexical Filter,0.030175552879555676,0.4504169446297531,Consistently Poor
art_0004,B02,B,Lexical Filter,0.3471994722882907,0.6093729152768512,Fragile
art_0004,B03,B,Lexical Filter,0.25249689153562754,0.6318378919279519,Unreliable
art_0004,B04,B,Theme Isolation,0.19753469727360284,0.4769346230820547,Consistently Poor
art_0004,B05,B,Theme Isolation,0.19230769230769232,0.30502001334222817,Consistently Poor
art_0004,B06,B,Theme Isolation,0.07692307692307693,0.556454302868579,Unreliable
art_0004,B07,B,Theme Isolation,0.30016082335406774,0.6264176117411607,Unreliable
art_0004,B08,B,Theme Isolation,0.2861834917551814,0.5129586390927285,Unreliable
art_0004,B09,B,Persona / Tone,0.18179588748189887,0.5383422281521014,Unreliable
art_0004,B10,B,Persona / Tone,0.1322035846563104,0.31821214142761844,Consistently Poor
art_0004,B11,B,Persona / Tone,0.4099096516386056,0.47688458972648434,True Robustness
art_0004,B12,B,Persona / Tone,0.21193648838939577,0.7646597731821215,Unreliable
art_0004,B13,B,Persona / Tone,0.30155877222736865,0.49503002001334223,Consistently Poor
art_0004,B14,B,Persona / Tone,0.12241458276119561,0.789859906604403,Unreliable
art_0004,B15,B,Meta-reflection,0.3055982557005989,0.5290860573715811,Unreliable
art_0005,A01,A,Direct Command,0.5272134817722772,0.6210973982655102,Fragile
art_0005,A02,A,Direct Command,0.528506499197748,0.42359906604402936,True Robustness
art_0005,A03,A,Direct Command,0.5194659634596771,0.5388092061374249,Fragile
art_0005,A04,A,Direct Command,0.5095597424854835,0.613809206137425,Fragile
art_0005,A05,A,Question Form,0.3939320118063026,0.5380086724482989,Fragile
art_0005,A06,A,Question Form,0.45423571286826503,0.4333889259506338,True Robustness
art_0005,A07,A,Question Form,0.30772317625168294,0.4609573048699132,Consistently Poor
art_0005,A08,A,Question Form,0.5378372728203734,0.2898765843895931,True Robustness
art_0005,A09,A,Role Based,0.4839421084357633,0.3882755170113409,True Robustness
art_0005,A10,A,Role Based,0.4722246060458322,0.3136591060707138,True Robustness
art_0005,A11,A,Role Based,0.45178300281986594,0.7281687791861241,Fragile
art_0005,A12,A,Role Based,0.4594339631083939,0.5870413609072714,Fragile
art_0005,A13,A,Constraint Based,0.34149034569660824,0.5281020680453635,Unreliable
art_0005,A14,A,Constraint Based,0.492000852090617,0.4511674449633089,True Robustness
art_0005,A15,A,Constraint Based,0.508312314024402,0.3771681120747165,True Robustness
art_0005,A16,A,Analytical Framing,0.5,0.4630587058038692,True Robustness
art_0005,A17,A,Analytical Framing,0.44633318401045274,0.3451634422948632,True Robustness
art_0005,A18,A,Analytical Framing,0.375,0.4262341561040694,True Robustness
art_0005,A19,A,Analytical Framing,0.3892410794893901,0.5690293529019346,Fragile
art_0005,A20,A,Output Format,0.4358612557666169,0.6194963308872582,Fragile
art_0005,A21,A,Output Format,0.3146113937513696,0.4725650433622415,Consistently Poor
art_0005,A22,A,Output Format,0.46036472078412777,0.4778852568378919,True Robustness
art_0005,A23,A,Audience Perspective,0.5004053706717161,0.32401601067378255,True Robustness
art_0005,A24,A,Audience Perspective,0.5184432355066142,0.4698799199466311,True Robustness
art_0005,A25,A,Audience Perspective,0.5447683703775207,0.38790860573715813,True Robustness
art_0005,A26,A,Emphasis Focus,0.534884985225896,0.3537691794529686,True Robustness
art_0005,A27,A,Emphasis Focus,0.508961220789287,0.49184456304202795,True Robustness
art_0005,A28,A,Emphasis Focus,0.4922804383354055,0.3833055370246831,True Robustness
art_0005,A29,A,Tone Register,0.5421048819811808,0.4802201467645097,True Robustness
art_0005,A30,A,Tone Register,0.5354208490914769,0.5120747164776518,Fragile
art_0005,A31,A,Tone Register,0.515983080646644,0.40491994663108744,True Robustness
art_0005,A32,A,Tone Register,0.481349163223058,0.5936457638425617,Fragile
art_0005,A33,A,Completeness Framing,0.41101089616616565,0.3514676450967311,True Robustness
art_0005,A34,A,Completeness Framing,0.5016977669050297,0.2936457638425617,True Robustness
art_0005,A35,A,Completeness Framing,0.5252735656686127,0.28742494996664447,True Robustness
art_0005,B01,B,Lexical Filter,0.16214860685350788,0.4591561040693796,Consistently Poor
art_0005,B02,B,Lexical Filter,0.5121155439151659,0.35860573715810545,True Robustness
art_0005,B03,B,Lexical Filter,0.5378040755167603,0.48547364909939966,True Robustness
art_0005,B04,B,Theme Isolation,0.28058188387917143,0.8994496330887257,Unreliable
art_0005,B05,B,Theme Isolation,0.375,0.466711140760507,True Robustness
art_0005,B06,B,Theme Isolation,0.31067981808963746,0.6370246831220814,Unreliable
art_0005,B07,B,Theme Isolation,0.4871764830572323,0.42940293529019347,True Robustness
art_0005,B08,B,Theme Isolation,0.5332254780870346,0.5935623749166111,Fragile
art_0005,B09,B,Persona / Tone,0.4592792187662174,0.4092728485657105,True Robustness
art_0005,B10,B,Persona / Tone,0.5102742172570692,0.22745163442294866,True Robustness
art_0005,B11,B,Persona / Tone,0.4585716287708945,0.4371581054036024,True Robustness
art_0005,B12,B,Persona / Tone,0.3021510036662221,0.563809206137425,Unreliable
art_0005,B13,B,Persona / Tone,0.4583333333333333,0.4123582388258839,True Robustness
art_0005,B14,B,Persona / Tone,0.4166666666666667,0.3027184789859907,True Robustness
art_0005,B15,B,Meta-reflection,0.4232509890829937,0.599733155436958,Fragile
art_0006,A01,A,Direct Command,0.1848304340771089,0.5760340226817878,Unreliable
art_0006,A02,A,Direct Command,0.2712450422612684,0.44548032021347567,Consistently Poor
art_0006,A03,A,Direct Command,0.17922473601910974,0.39374583055370244,Consistently Poor
art_0006,A04,A,Direct Command,0.24763127535005056,0.3841394262841894,Consistently Poor
art_0006,A05,A,Question Form,0.16293862633894954,0.553285523682455,Unreliable
art_0006,A06,A,Question Form,0.2976190476190476,0.17660106737825215,Consistently Poor
art_0006,A07,A,Question Form,0.14618323899672497,0.6909773182121414,Unreliable
art_0006,A08,A,Question Form,0.1778865758152235,0.6120413609072715,Unreliable
art_0006,A09,A,Role Based,0.2590202612225853,0.49262841894596393,Consistently Poor
art_0006,A10,A,Role Based,0.32632372401920806,0.24566377585056703,Consistently Poor
art_0006,A11,A,Role Based,0.31192827898831593,0.5982655103402268,Unreliable
art_0006,A12,A,Role Based,0.1637931980547451,0.6228485657104736,Unreliable
art_0006,A13,A,Constraint Based,0.2591545099303836,0.7945797198132087,Unreliable
art_0006,A14,A,Constraint Based,0.21528573865847042,0.42058038692461636,Consistently Poor
art_0006,A15,A,Constraint Based,0.19489648327275755,0.4593729152768512,Consistently Poor
art_0006,A16,A,Analytical Framing,0.3452380952380953,0.39881587725150097,Consistently Poor
art_0006,A17,A,Analytical Framing,0.27380952380952384,0.46586057371581047,Consistently Poor
art_0006,A18,A,Analytical Framing,0.35714285714285715,0.1556704469646431,True Robustness
art_0006,A19,A,Analytical Framing,0.222126527733746,0.6347064709806537,Unreliable
art_0006,A20,A,Output Format,0.2104187169489229,0.5507004669779854,Unreliable
art_0006,A21,A,Output Format,0.1109356989064032,0.23202134756504333,Consistently Poor
art_0006,A22,A,Output Format,0.2595105433304395,0.4841060707138092,Consistently Poor
art_0006,A23,A,Audience Perspective,0.25138085051661446,0.4159773182121414,Consistently Poor
art_0006,A24,A,Audience Perspective,0.217055235811997,0.21692795196797865,Consistently Poor
art_0006,A25,A,Audience Perspective,0.24108406848141126,0.5315043362241495,Unreliable
art_0006,A26,A,Emphasis Focus,0.2984817339706102,0.44234489659773185,Consistently Poor
art_0006,A27,A,Emphasis Focus,0.2380952380952381,0.5077718478985991,Unreliable
art_0006,A28,A,Emphasis Focus,0.18452380952380953,0.4983322214809874,Consistently Poor
art_0006,A29,A,Tone Register,0.23919447179928066,0.39758172114743157,Consistently Poor
art_0006,A30,A,Tone Register,0.25380952022082753,0.5855236824549699,Unreliable
art_0006,A31,A,Tone Register,0.30778220817003227,0.6834389593062041,Unreliable
art_0006,A32,A,Tone Register,0.20127477749927147,0.5486157438292194,Unreliable
art_0006,A33,A,Completeness Framing,0.17321663569392906,0.5924282855236824,Unreliable
art_0006,A34,A,Completeness Framing,0.3154682655617112,0.3998999332888592,Consistently Poor
art_0006,A35,A,Completeness Framing,0.2760937753898491,0.37733488992661773,Consistently Poor
art_0006,B01,B,Lexical Filter,0.0,0.3504336224149433,Consistently Poor
art_0006,B02,B,Lexical Filter,0.2967301970791249,0.5685290193462309,Unreliable
art_0006,B03,B,Lexical Filter,0.1879779983400589,0.6066377585056705,Unreliable
art_0006,B04,B,Theme Isolation,0.2447631546473574,0.4730653769179453,Consistently Poor
art_0006,B05,B,Theme Isolation,0.20833333333333334,0.6318879252835224,Unreliable
art_0006,B06,B,Theme Isolation,0.17647916672840003,0.5214976651100733,Unreliable
art_0006,B07,B,Theme Isolation,0.25,0.40877251501000667,Consistently Poor
art_0006,B08,B,Theme Isolation,0.2915277647719319,0.6136090727151434,Unreliable
art_0006,B09,B,Persona / Tone,0.16071428571428573,0.3782188125416945,Consistently Poor
art_0006,B10,B,Persona / Tone,0.1845238095238095,0.3866077384923282,Consistently Poor
art_0006,B11,B,Persona / Tone,0.332032629543738,0.44396264176117417,Consistently Poor
art_0006,B12,B,Persona / Tone,0.1631966382265091,0.7914609739826551,Unreliable
art_0006,B13,B,Persona / Tone,0.17261904761904764,0.35850567044696463,Consistently Poor
art_0006,B14,B,Persona / Tone,0.1488095238095238,0.40430286857905273,Consistently Poor
art_0006,B15,B,Meta-reflection,0.13321261758946568,0.5711307538358905,Unreliable
art_0007,A01,A,Direct Command,0.6069509195232833,0.5035356904603069,Fragile
art_0007,A02,A,Direct Command,0.5225168135603545,0.5596564376250833,Fragile
art_0007,A03,A,Direct Command,0.6031196742422051,0.3548365577051368,True Robustness
art_0007,A04,A,Direct Command,0.5731415218777127,0.6112741827885256,Fragile
art_0007,A05,A,Question Form,0.532144446891767,0.6364076050700466,Fragile
art_0007,A06,A,Question Form,0.3433775244716175,0.42656771180787195,Consistently Poor
art_0007,A07,A,Question Form,0.24235363173539992,0.8618745830553701,Unreliable
art_0007,A08,A,Question Form,0.441607935630061,0.4064042695130087,True Robustness
art_0007,A09,A,Role Based,0.5170521617487625,0.5008338892595063,Fragile
art_0007,A10,A,Role Based,0.5381737766373488,0.44894929953302204,True Robustness
art_0007,A11,A,Role Based,0.5129238436067546,0.7716811207471648,Fragile
art_0007,A12,A,Role Based,0.5574265197954243,0.8169279519679786,Fragile
art_0007,A13,A,Constraint Based,0.5390128567814826,0.1274849899933289,True Robustness
art_0007,A14,A,Constraint Based,0.5115429826632694,0.2889593062041361,True Robustness
art_0007,A15,A,Constraint Based,0.5160131294418264,0.5488492328218812,Fragile
art_0007,A16,A,Analytical Framing,0.4351851851851852,0.31344229486324215,True Robustness
art_0007,A17,A,Analytical Framing,0.41962766494058695,0.5289859906604403,Fragile
art_0007,A18,A,Analytical Framing,0.4219058539936129,0.34983322214809875,True Robustness
art_0007,A19,A,Analytical Framing,0.40725566574406846,0.5890927284856571,Fragile
art_0007,A20,A,Output Format,0.605715973233735,0.40086724482988667,True Robustness
art_0007,A21,A,Output Format,0.6477070801236011,0.5305537024683122,Fragile
art_0007,A22,A,Output Format,0.6038965425557561,0.2653769179452969,True Robustness
art_0007,A23,A,Audience Perspective,0.43136612118946177,0.5327051367578386,Fragile
art_0007,A24,A,Audience Perspective,0.6506493273708555,0.673165443629086,Fragile
art_0007,A25,A,Audience Perspective,0.5415310242937671,0.36867911941294196,True Robustness
art_0007,A26,A,Emphasis Focus,0.4136762385153108,0.35997331554369577,True Robustness
art_0007,A27,A,Emphasis Focus,0.49221321816245717,0.42321547698465645,True Robustness
art_0007,A28,A,Emphasis Focus,0.36568761920487436,0.6558872581721148,Fragile
art_0007,A29,A,Tone Register,0.5514634684832008,0.3940960640426952,True Robustness
art_0007,A30,A,Tone Register,0.5522771812975407,0.2512341561040694,True Robustness
art_0007,A31,A,Tone Register,0.47071943004374156,0.46911274182788526,True Robustness
art_0007,A32,A,Tone Register,0.5185375003903,0.37448298865910606,True Robustness
art_0007,A33,A,Completeness Framing,0.462364618425016,0.6584556370913942,Fragile
art_0007,A34,A,Completeness Framing,0.5157237400611242,0.5429286190793863,Fragile
art_0007,A35,A,Completeness Framing,0.5052411585908245,0.34326217478318877,True Robustness
art_0007,B01,B,Lexical Filter,0.16071553514511494,0.5394096064042695,Unreliable
art_0007,B02,B,Lexical Filter,0.6207748292772859,0.4012008005336892,True Robustness
art_0007,B03,B,Lexical Filter,0.4947246426923407,0.5486324216144096,Fragile
art_0007,B04,B,Theme Isolation,0.3118314203306067,0.826584389593062,Unreliable
art_0007,B05,B,Theme Isolation,0.3879433565350525,0.38822548365577053,True Robustness
art_0007,B06,B,Theme Isolation,0.295011875972031,0.6312208138759173,Unreliable
art_0007,B07,B,Theme Isolation,0.44237765251589867,0.36195797198132085,True Robustness
art_0007,B08,B,Theme Isolation,0.5081111013337418,0.45765510340226817,True Robustness
art_0007,B09,B,Persona / Tone,0.36423391641842,0.41719479653102065,True Robustness
art_0007,B10,B,Persona / Tone,0.43016822567140617,0.23137091394262843,True Robustness
art_0007,B11,B,Persona / Tone,0.5352980102653856,0.5704969979986658,Fragile
art_0007,B12,B,Persona / Tone,0.4725949514243338,0.456454302868579,True Robustness
art_0007,B13,B,Persona / Tone,0.45743279991223024,0.30812208138759173,True Robustness
art_0007,B14,B,Persona / Tone,0.23341698570314937,0.7301701134089393,Unreliable
art_0007,B15,B,Meta-reflection,0.5486073286996948,0.553035356904603,Fragile
art_0008,A01,A,Direct Command,0.39955246821045876,0.21769513008672448,True Robustness
art_0008,A02,A,Direct Command,0.28638282666603726,0.6835390260173448,Unreliable
art_0008,A03,A,Direct Command,0.3785247169435024,0.4440460306871248,True Robustness
art_0008,A04,A,Direct Command,0.37393442293008167,0.367494996664443,True Robustness
art_0008,A05,A,Question Form,0.424401119351387,0.5406771180787192,Fragile
art_0008,A06,A,Question Form,0.24442750153442225,0.44164442961974654,Consistently Poor
art_0008,A07,A,Question Form,0.3802989075581233,0.8442628418945964,Fragile
art_0008,A08,A,Question Form,0.2199563051884373,0.5986157438292194,Unreliable
art_0008,A09,A,Role Based,0.37137144555648166,0.3908772515010006,True Robustness
art_0008,A10,A,Role Based,0.3226231386264165,0.4436290860573716,Consistently Poor
art_0008,A11,A,Role Based,0.3288212787980835,0.49364576384256176,Consistently Poor
art_0008,A12,A,Role Based,0.3574645072221756,0.6199799866577719,Fragile
art_0008,A13,A,Constraint Based,0.47651932140191394,0.16572715143428954,True Robustness
art_0008,A14,A,Constraint Based,0.34502090389529866,0.22054703135423617,Consistently Poor
art_0008,A15,A,Constraint Based,0.23216943815350533,0.3558539026017345,Consistently Poor
art_0008,A16,A,Analytical Framing,0.2472554532578215,0.5164609739826551,Unreliable
art_0008,A17,A,Analytical Framing,0.1976141760048146,0.6234989993328885,Unreliable
art_0008,A18,A,Analytical Framing,0.31452787822733325,0.2722648432288192,Consistently Poor
art_0008,A19,A,Analytical Framing,0.301511578882734,0.5609906604402936,Unreliable
art_0008,A20,A,Output Format,0.40825411677360535,0.28065376917945295,True Robustness
art_0008,A21,A,Output Format,0.41303711384534836,0.3319879919946631,True Robustness
art_0008,A22,A,Output Format,0.39117540667454404,0.17036357571714475,True Robustness
art_0008,A23,A,Audience Perspective,0.24570429123317203,0.6578885923949299,Unreliable
art_0008,A24,A,Audience Perspective,0.3580145525435607,0.6434122748498999,Fragile
art_0008,A25,A,Audience Perspective,0.2874862166742484,0.5948465643762508,Unreliable
art_0008,A26,A,Emphasis Focus,0.262752428650856,0.6127918612408272,Unreliable
art_0008,A27,A,Emphasis Focus,0.3286165315657854,0.20965643762508343,Consistently Poor
art_0008,A28,A,Emphasis Focus,0.23756528521577516,0.6045697131420947,Unreliable
art_0008,A29,A,Tone Register,0.3574624452739954,0.4600733822548365,True Robustness
art_0008,A30,A,Tone Register,0.3404366001486778,0.5654769846564376,Unreliable
art_0008,A31,A,Tone Register,0.31021495318661135,0.34993328885923947,Consistently Poor
art_0008,A32,A,Tone Register,0.3902738367517789,0.40425283522348227,True Robustness
art_0008,A33,A,Completeness Framing,0.3382648602128029,0.7363408939292861,Unreliable
art_0008,A34,A,Completeness Framing,0.34493226061264676,0.2712808539026017,Consistently Poor
art_0008,A35,A,Completeness Framing,0.3151790431390206,0.24247831887925284,Consistently Poor
art_0008,B01,B,Lexical Filter,0.15736895675460497,0.2010006671114076,Consistently Poor
art_0008,B02,B,Lexical Filter,0.3912729223569234,0.5653602401601067,Fragile
art_0008,B03,B,Lexical Filter,0.3676748027404149,0.4459472981987992,True Robustness
art_0008,B04,B,Theme Isolation,0.12468514855330189,0.7695130086724483,Unreliable
art_0008,B05,B,Theme Isolation,0.25079375342465937,0.5695630420280187,Unreliable
art_0008,B06,B,Theme Isolation,0.2723319089661042,0.8881087391594397,Unreliable
art_0008,B07,B,Theme Isolation,0.25052962522992556,0.26354236157438293,Consistently Poor
art_0008,B08,B,Theme Isolation,0.3096201264609893,0.6714976651100735,Unreliable
art_0008,B09,B,Persona / Tone,0.23838975645291308,0.542494996664443,Unreliable
art_0008,B10,B,Persona / Tone,0.23080292344093323,0.3475150100066712,Consistently Poor
art_0008,B11,B,Persona / Tone,0.3498883893092473,0.29107738492328217,True Robustness
art_0008,B12,B,Persona / Tone,0.38522271513938905,0.537908605737158,Fragile
art_0008,B13,B,Persona / Tone,0.25120566550564644,0.3875750500333556,Consistently Poor
art_0008,B14,B,Persona / Tone,0.16157424030825496,0.6590893929286191,Unreliable
art_0008,B15,B,Meta-reflection,0.296151543656985,0.7344229486324215,Unreliable
art_0009,A01,A,Direct Command,0.5779647685232617,0.13068712474983324,True Robustness
art_0009,A02,A,Direct Command,0.49848527301635065,0.7337891927951967,Fragile
art_0009,A03,A,Direct Command,0.5826910716437159,0.2742995330220147,True Robustness
art_0009,A04,A,Direct Command,0.606895705773717,0.44691460973982655,True Robustness
art_0009,A05,A,Question Form,0.5652000659278461,0.7701801200800533,Fragile
art_0009,A06,A,Question Form,0.14838378282175177,0.6713642428285522,Unreliable
art_0009,A07,A,Question Form,0.574751638585613,0.8166444296197465,Fragile
art_0009,A08,A,Question Form,0.2069475295997801,0.8697631754503001,Unreliable
art_0009,A09,A,Role Based,0.5674649670365312,0.35063375583722484,True Robustness
art_0009,A10,A,Role Based,0.5488278140269576,0.5392261507671782,Fragile
art_0009,A11,A,Role Based,0.5648984470005547,0.5090393595730487,Fragile
art_0009,A12,A,Role Based,0.5513929726467245,0.5156104069379587,Fragile
art_0009,A13,A,Constraint Based,0.549292272755078,0.00066711140760507,True Robustness
art_0009,A14,A,Constraint Based,0.5704007453861691,0.2422448298865911,True Robustness
art_0009,A15,A,Constraint Based,0.3194086005290349,0.20055036691127417,Consistently Poor
art_0009,A16,A,Analytical Framing,0.45266708088595237,0.4109573048699133,True Robustness
art_0009,A17,A,Analytical Framing,0.14747844376168878,0.7362741827885255,Unreliable
art_0009,A18,A,Analytical Framing,0.5086013433479127,0.5493995997331556,Fragile
art_0009,A19,A,Analytical Framing,0.26678962606404505,0.6043028685790527,Unreliable
art_0009,A20,A,Output Format,0.6018150306883313,0.28922615076717806,True Robustness
art_0009,A21,A,Output Format,0.6316109262406826,0.19437958639092728,True Robustness
art_0009,A22,A,Output Format,0.5757536497854052,0.3472481654436291,True Robustness
art_0009,A23,A,Audience Perspective,0.3011927885846013,0.653285523682455,Unreliable
art_0009,A24,A,Audience Perspective,0.585583235536303,0.20515343562374916,True Robustness
art_0009,A25,A,Audience Perspective,0.5735312322420735,0.494346230820547,True Robustness
art_0009,A26,A,Emphasis Focus,0.4019394585241874,0.431704469646431,True Robustness
art_0009,A27,A,Emphasis Focus,0.49968394158141954,0.5427785190126752,Fragile
art_0009,A28,A,Emphasis Focus,0.29985501210016774,0.8853735823882587,Unreliable
art_0009,A29,A,Tone Register,0.5671578044337887,0.4025517011340894,True Robustness
art_0009,A30,A,Tone Register,0.37864698593815177,0.567761841227485,Fragile
art_0009,A31,A,Tone Register,0.5139348781889393,0.32371581054036025,True Robustness
art_0009,A32,A,Tone Register,0.5708972765576271,0.679736490993996,Fragile
art_0009,A33,A,Completeness Framing,0.5863185294327283,0.6675950633755836,Fragile
art_0009,A34,A,Completeness Framing,0.620030945255643,0.3306037358238826,True Robustness
art_0009,A35,A,Completeness Framing,0.5244406878593423,0.5753835890593729,Fragile
art_0009,B01,B,Lexical Filter,0.2593877118613039,0.5646430953969314,Unreliable
art_0009,B02,B,Lexical Filter,0.6301920942607381,0.39844896597731827,True Robustness
art_0009,B03,B,Lexical Filter,0.5606193661334969,0.5201634422948632,Fragile
art_0009,B04,B,Theme Isolation,0.15934231003657692,0.9430787191460974,Unreliable
art_0009,B05,B,Theme Isolation,0.38103431887118083,0.41604402935290197,True Robustness
art_0009,B06,B,Theme Isolation,0.17500368146491904,0.6577218145430288,Unreliable
art_0009,B07,B,Theme Isolation,0.4587155382725454,0.6120246831220814,Fragile
art_0009,B08,B,Theme Isolation,0.2279935567085409,0.5279519679786524,Unreliable
art_0009,B09,B,Persona / Tone,0.36981904246134767,0.5430953969312875,Fragile
art_0009,B10,B,Persona / Tone,0.2694735624605701,0.21324216144096064,Consistently Poor
art_0009,B11,B,Persona / Tone,0.5821068865202723,0.33605737158105403,True Robustness
art_0009,B12,B,Persona / Tone,0.4835536046751908,0.7335056704469646,Fragile
art_0009,B13,B,Persona / Tone,0.46202596138408847,0.3609906604402935,True Robustness
art_0009,B14,B,Persona / Tone,0.2773268451287766,0.7793862575050032,Unreliable
art_0009,B15,B,Meta-reflection,0.42042115208737196,0.8191961307538359,Fragile
art_0010,A01,A,Direct Command,0.4781114833340758,0.22074716477651768,True Robustness
art_0010,A02,A,Direct Command,0.43112422481534024,0.5769346230820547,Fragile
art_0010,A03,A,Direct Command,0.41021488021527014,0.15136757838559037,True Robustness
art_0010,A04,A,Direct Command,0.4267633734714417,0.300533689126084,True Robustness
art_0010,A05,A,Question Form,0.45977218732947395,0.49616410940627087,True Robustness
art_0010,A06,A,Question Form,0.26595044701493215,0.5405270180120081,Unreliable
art_0010,A07,A,Question Form,0.43445749882431256,0.7977651767845232,Fragile
art_0010,A08,A,Question Form,0.37822664231948905,0.7251667778519012,Fragile
art_0010,A09,A,Role Based,0.49310752660745666,0.5377751834556371,Fragile
art_0010,A10,A,Role Based,0.3622477124223397,0.48450633755837225,True Robustness
art_0010,A11,A,Role Based,0.4534811137155408,0.412241494329553,True Robustness
art_0010,A12,A,Role Based,0.48673639481975917,0.7656104069379587,Fragile
art_0010,A13,A,Constraint Based,0.48991076861109045,0.005303535690460306,True Robustness
art_0010,A14,A,Constraint Based,0.43417719334718724,0.40011674449633083,True Robustness
art_0010,A15,A,Constraint Based,0.43612701800607506,0.44579719813208796,True Robustness
art_0010,A16,A,Analytical Framing,0.40905862439069013,0.4575717144763175,True Robustness
art_0010,A17,A,Analytical Framing,0.3311968042648264,0.8313208805870581,Unreliable
art_0010,A18,A,Analytical Framing,0.45459767810202073,0.5288692461641094,Fragile
art_0010,A19,A,Analytical Framing,0.37231483106457053,0.7338225483655771,Fragile
art_0010,A20,A,Output Format,0.4807639372135912,0.19754836557705138,True Robustness
art_0010,A21,A,Output Format,0.4568741557498773,0.3814876584389593,True Robustness
art_0010,A22,A,Output Format,0.477630564499469,0.3213975983989326,True Robustness
art_0010,A23,A,Audience Perspective,0.46676947367155835,0.6224649766511007,Fragile
art_0010,A24,A,Audience Perspective,0.5014851316809654,0.5543695797198132,Fragile
art_0010,A25,A,Audience Perspective,0.5581937290373303,0.3803035356904603,True Robustness
art_0010,A26,A,Emphasis Focus,0.46027187342267667,0.48552368245497,True Robustness
art_0010,A27,A,Emphasis Focus,0.38216245227626394,0.3142761841227485,True Robustness
art_0010,A28,A,Emphasis Focus,0.39197604198540964,0.6122248165443628,Fragile
art_0010,A29,A,Tone Register,0.4577048994778168,0.5806704469646431,Fragile
art_0010,A30,A,Tone Register,0.46269892085166203,0.5197631754503003,Fragile
art_0010,A31,A,Tone Register,0.47611755671511796,0.41699466310873917,True Robustness
art_0010,A32,A,Tone Register,0.5256119191291787,0.3014176117411608,True Robustness
art_0010,A33,A,Completeness Framing,0.45690651450838354,0.31671114076050705,True Robustness
art_0010,A34,A,Completeness Framing,0.42858455161608405,0.3526184122748499,True Robustness
art_0010,A35,A,Completeness Framing,0.3906394528845945,0.5005503669112742,Fragile
art_0010,B01,B,Lexical Filter,0.08395539845029514,0.7135256837891928,Unreliable
art_0010,B02,B,Lexical Filter,0.46560467407107353,0.4618245496997999,True Robustness
art_0010,B03,B,Lexical Filter,0.44521733111746253,0.5326717811874583,Fragile
art_0010,B04,B,Theme Isolation,0.2720525850586238,0.8246664442961974,Unreliable
art_0010,B05,B,Theme Isolation,0.3798365404696337,0.5960973982655103,Fragile
art_0010,B06,B,Theme Isolation,0.35244228812821565,0.7780520346897932,Fragile
art_0010,B07,B,Theme Isolation,0.39346414374276284,0.3409272848565711,True Robustness
art_0010,B08,B,Theme Isolation,0.41279742307960987,0.5328218812541694,Fragile
art_0010,B09,B,Persona / Tone,0.3576248937973841,0.2889926617745163,True Robustness
art_0010,B10,B,Persona / Tone,0.5317107948164146,0.4549699799866578,True Robustness
art_0010,B11,B,Persona / Tone,0.4729777464554423,0.4053368912608406,True Robustness
art_0010,B12,B,Persona / Tone,0.4494518322604043,0.7577051367578386,Fragile
art_0010,B13,B,Persona / Tone,0.3706616911637996,0.48552368245497,True Robustness
art_0010,B14,B,Persona / Tone,0.2738095238095238,0.6133755837224816,Unreliable
art_0010,B15,B,Meta-reflection,0.4209373650761942,0.8137258172114743,Fragile
art_0011,A01,A,Direct Command,0.5638558057447276,0.3780687124749833,True Robustness
art_0011,A02,A,Direct Command,0.4703108515176508,0.5156104069379586,Fragile
art_0011,A03,A,Direct Command,0.5009671023322476,0.362758505670447,True Robustness
art_0011,A04,A,Direct Command,0.5951469246711997,0.23340560373582386,True Robustness
art_0011,A05,A,Question Form,0.4819728198150794,0.5791360907271513,Fragile
art_0011,A06,A,Question Form,0.3380269147067641,0.3580887258172115,Consistently Poor
art_0011,A07,A,Question Form,0.3751799658768707,0.8742161440960642,Fragile
art_0011,A08,A,Question Form,0.2982338016283595,0.7056037358238826,Unreliable
art_0011,A09,A,Role Based,0.42465674918558866,0.5486324216144095,Fragile
art_0011,A10,A,Role Based,0.4589021880593565,0.32373248832555035,True Robustness
art_0011,A11,A,Role Based,0.5061832182109356,0.600250166777852,Fragile
art_0011,A12,A,Role Based,0.42516868949557346,0.7484989993328885,Fragile
art_0011,A13,A,Constraint Based,0.31403117626905436,0.3627084723148766,Consistently Poor
art_0011,A14,A,Constraint Based,0.5236918996605607,0.39374583055370244,True Robustness
art_0011,A15,A,Constraint Based,0.4111151372392973,0.4328719146097398,True Robustness
art_0011,A16,A,Analytical Framing,0.43133972248890334,0.4189126084056037,True Robustness
art_0011,A17,A,Analytical Framing,0.281429354670561,0.6350900600400267,Unreliable
art_0011,A18,A,Analytical Framing,0.4366206110765536,0.3754669779853235,True Robustness
art_0011,A19,A,Analytical Framing,0.43374322541058064,0.5792528352234823,Fragile
art_0011,A20,A,Output Format,0.48419387969705796,0.275266844563042,True Robustness
art_0011,A21,A,Output Format,0.31279125644101036,0.28343895930620416,Consistently Poor
art_0011,A22,A,Output Format,0.4944517070220576,0.28227151434289527,True Robustness
art_0011,A23,A,Audience Perspective,0.5068620538545979,0.4243995997331554,True Robustness
art_0011,A24,A,Audience Perspective,0.5779964062902664,0.5614076050700466,Fragile
art_0011,A25,A,Audience Perspective,0.5358437328702874,0.35707138092061375,True Robustness
art_0011,A26,A,Emphasis Focus,0.4409067920512624,0.31312541694462975,True Robustness
art_0011,A27,A,Emphasis Focus,0.41358067840337753,0.29554703135423616,True Robustness
art_0011,A28,A,Emphasis Focus,0.4682206909379198,0.34497998665777185,True Robustness
art_0011,A29,A,Tone Register,0.5083933054573008,0.49061040693795865,True Robustness
art_0011,A30,A,Tone Register,0.5098409768607882,0.5116577718478986,Fragile
art_0011,A31,A,Tone Register,0.49089348295496565,0.21314209472981985,True Robustness
art_0011,A32,A,Tone Register,0.4047684632241726,0.6256504336224148,Fragile
art_0011,A33,A,Completeness Framing,0.3313972689211368,0.48630753835890594,Consistently Poor
art_0011,A34,A,Completeness Framing,0.5301353116002349,0.42916944629753173,True Robustness
art_0011,A35,A,Completeness Framing,0.46526978703008753,0.3462975316877918,True Robustness
art_0011,B01,B,Lexical Filter,0.15848113756833804,0.2526184122748499,Consistently Poor
art_0011,B02,B,Lexical Filter,0.5335684571829108,0.32164776517678456,True Robustness
art_0011,B03,B,Lexical Filter,0.505481604486704,0.45023348899266175,True Robustness
art_0011,B04,B,Theme Isolation,0.2046366685277058,0.6988825883922616,Unreliable
art_0011,B05,B,Theme Isolation,0.459514600949155,0.560406937958639,Fragile
art_0011,B06,B,Theme Isolation,0.43913082799149894,0.6037858572381588,Fragile
art_0011,B07,B,Theme Isolation,0.4485548965943356,0.5855570380253502,Fragile
art_0011,B08,B,Theme Isolation,0.4964374783966277,0.6323549032688459,Fragile
art_0011,B09,B,Persona / Tone,0.22439569860903755,0.5885090060040027,Unreliable
art_0011,B10,B,Persona / Tone,0.49123319528169107,0.10780520346897932,True Robustness
art_0011,B11,B,Persona / Tone,0.5245964059399235,0.18675783855903935,True Robustness
art_0011,B12,B,Persona / Tone,0.3005364892383417,0.6598232154769845,Unreliable
art_0011,B13,B,Persona / Tone,0.24081355079801545,0.4189959973315544,Consistently Poor
art_0011,B14,B,Persona / Tone,0.28752198748083585,0.6778852568378919,Unreliable
art_0011,B15,B,Meta-reflection,0.3166092600569957,0.5780353569046031,Unreliable
art_0012,A01,A,Direct Command,0.46790012557591704,0.22806871247498334,True Robustness
art_0012,A02,A,Direct Command,0.476441560401803,0.5930787191460976,Fragile
art_0012,A03,A,Direct Command,0.47822343274241397,0.13213809206137422,True Robustness
art_0012,A04,A,Direct Command,0.4717207150090308,0.27556704469646437,True Robustness
art_0012,A05,A,Question Form,0.4043358713388443,0.43665777184789856,True Robustness
art_0012,A06,A,Question Form,0.31131593359722975,0.4598398932621747,Consistently Poor
art_0012,A07,A,Question Form,0.3975659906864166,0.5521347565043362,Fragile
art_0012,A08,A,Question Form,0.3184175422149045,0.5858238825883922,Unreliable
art_0012,A09,A,Role Based,0.42844828555271736,0.28954302868579057,True Robustness
art_0012,A10,A,Role Based,0.5015394157242207,0.4183955970647098,True Robustness
art_0012,A11,A,Role Based,0.39826996305159157,0.6230987324883256,Fragile
art_0012,A12,A,Role Based,0.396655075695543,0.6464809873248832,Fragile
art_0012,A13,A,Constraint Based,0.38175191269034436,0.12576717811874585,True Robustness
art_0012,A14,A,Constraint Based,0.44367681567867595,0.35306871247498334,True Robustness
art_0012,A15,A,Constraint Based,0.4224196619221143,0.22206470980653767,True Robustness
art_0012,A16,A,Analytical Framing,0.4670845649781681,0.49289526350900603,True Robustness
art_0012,A17,A,Analytical Framing,0.24206067925496466,0.6027184789859906,Unreliable
art_0012,A18,A,Analytical Framing,0.34056355866293114,0.6071547698465644,Unreliable
art_0012,A19,A,Analytical Framing,0.3196423033562799,0.8855903935957304,Unreliable
art_0012,A20,A,Output Format,0.4735125022984686,0.2643929286190794,True Robustness
art_0012,A21,A,Output Format,0.40506321120829814,0.2548532354903269,True Robustness
art_0012,A22,A,Output Format,0.42747163879019867,0.2538358905937292,True Robustness
art_0012,A23,A,Audience Perspective,0.42210299725688644,0.6770847231487659,Fragile
art_0012,A24,A,Audience Perspective,0.49319667830353686,0.23380587058038693,True Robustness
art_0012,A25,A,Audience Perspective,0.47686500421592165,0.2596230820547032,True Robustness
art_0012,A26,A,Emphasis Focus,0.3776239987817549,0.5302368245496998,Fragile
art_0012,A27,A,Emphasis Focus,0.41841366833874166,0.44286190793862573,True Robustness
art_0012,A28,A,Emphasis Focus,0.3138553700188086,0.6014676450967311,Unreliable
art_0012,A29,A,Tone Register,0.5285706296563148,0.31897931954636427,True Robustness
art_0012,A30,A,Tone Register,0.44181572628163157,0.6293028685790527,Fragile
art_0012,A31,A,Tone Register,0.5233772407685008,0.23403935957304867,True Robustness
art_0012,A32,A,Tone Register,0.43026778172878993,0.5084556370913943,Fragile
art_0012,A33,A,Completeness Framing,0.40124048132981577,0.35855570380253504,True Robustness
art_0012,A34,A,Completeness Framing,0.4789164006000473,0.44744829886591064,True Robustness
art_0012,A35,A,Completeness Framing,0.43018375479039683,0.48699132755170116,True Robustness
art_0012,B01,B,Lexical Filter,0.19060466367573967,0.1244329553035357,Consistently Poor
art_0012,B02,B,Lexical Filter,0.47445790185814807,0.3526851234156104,True Robustness
art_0012,B03,B,Lexical Filter,0.4379529864305542,0.5147598398932621,Fragile
art_0012,B04,B,Theme Isolation,0.18260678755385537,0.9325050033355571,Unreliable
art_0012,B05,B,Theme Isolation,0.3562919635303496,0.6439459639759839,Fragile
art_0012,B06,B,Theme Isolation,0.2578477333965046,0.8041861240827217,Unreliable
art_0012,B07,B,Theme Isolation,0.3455527460291272,0.5968478985990661,Unreliable
art_0012,B08,B,Theme Isolation,0.4295971361654145,0.6023682454969981,Fragile
art_0012,B09,B,Persona / Tone,0.2585709297231265,0.5833555703802535,Unreliable
art_0012,B10,B,Persona / Tone,0.319748769469914,0.2488659106070714,Consistently Poor
art_0012,B11,B,Persona / Tone,0.4926045221232232,0.2598232154769846,True Robustness
art_0012,B12,B,Persona / Tone,0.35659040851252416,0.5660440293529019,Fragile
art_0012,B13,B,Persona / Tone,0.2587589338599216,0.6504503002001334,Unreliable
art_0012,B14,B,Persona / Tone,0.35534732720060713,0.4862241494329553,True Robustness
art_0012,B15,B,Meta-reflection,0.3638046087608451,0.5834723148765845,Fragile
art_0013,A01,A,Direct Command,0.3830769164931207,0.31227484989993326,True Robustness
art_0013,A02,A,Direct Command,0.345893143801645,0.6299866577718478,Fragile
art_0013,A03,A,Direct Command,0.3718330913356373,0.23028685790527018,True Robustness
art_0013,A04,A,Direct Command,0.3735919177886986,0.526184122748499,Fragile
art_0013,A05,A,Question Form,0.4435335952965986,0.5975316877918613,Fragile
art_0013,A06,A,Question Form,0.34361395026956276,0.6670780520346898,Unreliable
art_0013,A07,A,Question Form,0.4119520295588743,0.7870080053368912,Fragile
art_0013,A08,A,Question Form,0.31644161355437794,0.6228485657104736,Unreliable
art_0013,A09,A,Role Based,0.33482464744398993,0.491444296197465,Consistently Poor
art_0013,A10,A,Role Based,0.3121791388839483,0.5595730486991328,Unreliable
art_0013,A11,A,Role Based,0.3577017391521838,0.6967478318879253,Fragile
art_0013,A12,A,Role Based,0.35718953915195367,0.6398098732488325,Fragile
art_0013,A13,A,Constraint Based,0.33052171837715877,0.7231154102735158,Unreliable
art_0013,A14,A,Constraint Based,0.45599917074044544,0.44369579719813207,True Robustness
art_0013,A15,A,Constraint Based,0.3281554036906788,0.46177451634422945,Consistently Poor
art_0013,A16,A,Analytical Framing,0.38293039528209544,0.4708639092728486,True Robustness
art_0013,A17,A,Analytical Framing,0.29874231304884663,0.49948298865910606,Unreliable
art_0013,A18,A,Analytical Framing,0.29376529398030554,0.34487991994663114,Consistently Poor
art_0013,A19,A,Analytical Framing,0.3670629964853149,0.5811207471647765,Fragile
art_0013,A20,A,Output Format,0.36950009919348226,0.3862908605737158,True Robustness
art_0013,A21,A,Output Format,0.34502668590063146,0.5905103402268179,Unreliable
art_0013,A22,A,Output Format,0.3029638892483144,0.4459806537691794,Consistently Poor
art_0013,A23,A,Audience Perspective,0.3625018241416131,0.5599566377585057,Fragile
art_0013,A24,A,Audience Perspective,0.36780418987785074,0.45361907938625756,True Robustness
art_0013,A25,A,Audience Perspective,0.37202354591517217,0.4303535690460307,True Robustness
art_0013,A26,A,Emphasis Focus,0.4028439202478953,0.4089726484322882,True Robustness
art_0013,A27,A,Emphasis Focus,0.3658139265718914,0.3754336224149434,True Robustness
art_0013,A28,A,Emphasis Focus,0.31665448195833173,0.4457638425617078,Consistently Poor
art_0013,A29,A,Tone Register,0.4443643195998101,0.497498332221481,True Robustness
art_0013,A30,A,Tone Register,0.3043141553089732,0.5874416277518346,Unreliable
art_0013,A31,A,Tone Register,0.40351535264580024,0.42053035356904606,True Robustness
art_0013,A32,A,Tone Register,0.33939294641216594,0.49568045363575713,Consistently Poor
art_0013,A33,A,Completeness Framing,0.3800582713669254,0.6823882588392262,Fragile
art_0013,A34,A,Completeness Framing,0.41531053593470935,0.44224482988659114,True Robustness
art_0013,A35,A,Completeness Framing,0.3858816646749064,0.5174116077384923,Fragile
art_0013,B01,B,Lexical Filter,0.1457169557965937,0.4090226817878586,Consistently Poor
art_0013,B02,B,Lexical Filter,0.3656402111408257,0.5717811874583055,Fragile
art_0013,B03,B,Lexical Filter,0.37757644713634536,0.49809873248832554,True Robustness
art_0013,B04,B,Theme Isolation,0.2910167818800324,0.7942961974649767,Unreliable
art_0013,B05,B,Theme Isolation,0.24161873500616773,0.5172948632421613,Unreliable
art_0013,B06,B,Theme Isolation,0.3501393574156931,0.5443295530353569,Fragile
art_0013,B07,B,Theme Isolation,0.304804484936453,0.48078719146097393,Consistently Poor
art_0013,B08,B,Theme Isolation,0.3288681934632007,0.4908272181454303,Consistently Poor
art_0013,B09,B,Persona / Tone,0.29297323551561144,0.539342895263509,Unreliable
art_0013,B10,B,Persona / Tone,0.23806405938895683,0.43475650433622415,Consistently Poor
art_0013,B11,B,Persona / Tone,0.4508988992089317,0.49244496330887255,True Robustness
art_0013,B12,B,Persona / Tone,0.3202669294817107,0.7152101400933957,Unreliable
art_0013,B13,B,Persona / Tone,0.2913740633742972,0.5102401601067378,Unreliable
art_0013,B14,B,Persona / Tone,0.266831341909156,0.6270013342228153,Unreliable
art_0013,B15,B,Meta-reflection,0.35099830536083093,0.5229986657771848,Fragile
art_0014,A01,A,Direct Command,0.44437608725967864,0.2696964643095397,True Robustness
art_0014,A02,A,Direct Command,0.39857195477400503,0.776851234156104,Fragile
art_0014,A03,A,Direct Command,0.23615668252820057,0.40567044696464305,Consistently Poor
art_0014,A04,A,Direct Command,0.3102058385099683,0.40155103402268183,Consistently Poor
art_0014,A05,A,Question Form,0.15233188424082028,0.5246497665110074,Unreliable
art_0014,A06,A,Question Form,0.2776181526216013,0.5125083388925951,Unreliable
art_0014,A07,A,Question Form,0.141052658891394,0.7874749833222148,Unreliable
art_0014,A08,A,Question Form,0.11022797528476941,0.693028685790527,Unreliable
art_0014,A09,A,Role Based,0.27517609638605445,0.7072048032021347,Unreliable
art_0014,A10,A,Role Based,0.41439260223082136,0.3547698465643762,True Robustness
art_0014,A11,A,Role Based,0.3007557305196921,0.7078052034689792,Unreliable
art_0014,A12,A,Role Based,0.1881039101807844,0.5180453635757172,Unreliable
art_0014,A13,A,Constraint Based,0.07165903598070145,0.34144429619746497,Consistently Poor
art_0014,A14,A,Constraint Based,0.3498094146627755,0.48760840560373586,True Robustness
art_0014,A15,A,Constraint Based,0.21893334233512476,0.3830053368912608,Consistently Poor
art_0014,A16,A,Analytical Framing,0.3319100654417915,0.4610406937958639,Consistently Poor
art_0014,A17,A,Analytical Framing,0.127477099403872,0.6803368912608405,Unreliable
art_0014,A18,A,Analytical Framing,0.31202544909458435,0.6388925950633756,Unreliable
art_0014,A19,A,Analytical Framing,0.1309458218692314,0.8559372915276852,Unreliable
art_0014,A20,A,Output Format,0.22756051857556614,0.38862575050033354,Consistently Poor
art_0014,A21,A,Output Format,0.17346016592567873,0.25538692461641094,Consistently Poor
art_0014,A22,A,Output Format,0.3084234031183379,0.3823382254836558,Consistently Poor
art_0014,A23,A,Audience Perspective,0.17667819836753462,0.6208305537024683,Unreliable
art_0014,A24,A,Audience Perspective,0.15795628407171794,0.1416444296197465,Consistently Poor
art_0014,A25,A,Audience Perspective,0.20722562358492894,0.4428285523682455,Consistently Poor
art_0014,A26,A,Emphasis Focus,0.3292451478718292,0.5623749166110741,Unreliable
art_0014,A27,A,Emphasis Focus,0.4200718867636862,0.31164109406270846,True Robustness
art_0014,A28,A,Emphasis Focus,0.09209784577112821,0.6812541694462975,Unreliable
art_0014,A29,A,Tone Register,0.40912640502765063,0.39392928619079387,True Robustness
art_0014,A30,A,Tone Register,0.1703952844476416,0.5874583055370247,Unreliable
art_0014,A31,A,Tone Register,0.3861919597478672,0.46144096064042694,True Robustness
art_0014,A32,A,Tone Register,0.3054221197962761,0.32391594396264173,Consistently Poor
art_0014,A33,A,Completeness Framing,0.15997795450190702,0.6741994663108739,Unreliable
art_0014,A34,A,Completeness Framing,0.4227377075169767,0.3288692461641094,True Robustness
art_0014,A35,A,Completeness Framing,0.44453178425984724,0.5093895930620413,Fragile
art_0014,B01,B,Lexical Filter,0.13194537650616395,0.29619746497665106,Consistently Poor
art_0014,B02,B,Lexical Filter,0.44682723762733595,0.3274349566377585,True Robustness
art_0014,B03,B,Lexical Filter,0.31894231383644395,0.5751834556370914,Unreliable
art_0014,B04,B,Theme Isolation,0.04561565237651979,0.9873415610406938,Unreliable
art_0014,B05,B,Theme Isolation,0.27547765494368615,0.5217311541027352,Unreliable
art_0014,B06,B,Theme Isolation,0.10103069671562738,0.5373082054703135,Unreliable
art_0014,B07,B,Theme Isolation,0.30868670681402793,0.8087725150100067,Unreliable
art_0014,B08,B,Theme Isolation,0.3379999767279341,0.7859072715143429,Unreliable
art_0014,B09,B,Persona / Tone,0.1567186869104348,0.7031187458305537,Unreliable
art_0014,B10,B,Persona / Tone,0.15472424252047426,0.4303535690460306,Consistently Poor
art_0014,B11,B,Persona / Tone,0.48258260158555855,0.21232488325550367,True Robustness
art_0014,B12,B,Persona / Tone,0.16983572079667023,0.5112741827885257,Unreliable
art_0014,B13,B,Persona / Tone,0.29995601746036077,0.43028685790527016,Consistently Poor
art_0014,B14,B,Persona / Tone,0.16666666666666666,0.6574216144096063,Unreliable
art_0014,B15,B,Meta-reflection,0.10098007545318631,0.8178285523682454,Unreliable
art_0015,A01,A,Direct Command,0.2668189189086358,0.558539026017345,Unreliable
art_0015,A02,A,Direct Command,0.2987053208053112,0.3955637091394263,Consistently Poor
art_0015,A03,A,Direct Command,0.26137134432792664,0.2288525683789193,Consistently Poor
art_0015,A04,A,Direct Command,0.31952205928973854,0.34031020680453633,Consistently Poor
art_0015,A05,A,Question Form,0.25004106232275564,0.4298198799199467,Consistently Poor
art_0015,A06,A,Question Form,0.25061258887096,0.38297198132088056,Consistently Poor
art_0015,A07,A,Question Form,0.24848529556766152,0.574349566377585,Unreliable
art_0015,A08,A,Question Form,0.2399691737567385,0.5388425617078052,Unreliable
art_0015,A09,A,Role Based,0.313715035483862,0.33707471647765175,Consistently Poor
art_0015,A10,A,Role Based,0.3444313377452393,0.3463642428285524,Consistently Poor
art_0015,A11,A,Role Based,0.24643741253142556,0.36265843895930616,Consistently Poor
art_0015,A12,A,Role Based,0.23115334256241718,0.4633589059372915,Consistently Poor
art_0015,A13,A,Constraint Based,0.22592934841910997,0.07850233488992661,Consistently Poor
art_0015,A14,A,Constraint Based,0.22916666666666666,0.2959639759839893,Consistently Poor
art_0015,A15,A,Constraint Based,0.3177903328711788,0.5089059372915277,Unreliable
art_0015,A16,A,Analytical Framing,0.3489583333333333,0.6409939959973316,Fragile
art_0015,A17,A,Analytical Framing,0.23958333333333334,0.4980153435623749,Consistently Poor
art_0015,A18,A,Analytical Framing,0.23958333333333334,0.3920446964643095,Consistently Poor
art_0015,A19,A,Analytical Framing,0.22643199749290943,0.3873082054703135,Consistently Poor
art_0015,A20,A,Output Format,0.23267750116065145,0.2391594396264176,Consistently Poor
art_0015,A21,A,Output Format,0.26989562964687747,0.16187458305537025,Consistently Poor
art_0015,A22,A,Output Format,0.2381042726628948,0.29219479653102065,Consistently Poor
art_0015,A23,A,Audience Perspective,0.30417717178352177,0.4589726484322882,Consistently Poor
art_0015,A24,A,Audience Perspective,0.25514729134738445,0.3139092728485657,Consistently Poor
art_0015,A25,A,Audience Perspective,0.3394138552248478,0.4028519012675117,Consistently Poor
art_0015,A26,A,Emphasis Focus,0.3177578937271998,0.44843228819212805,Consistently Poor
art_0015,A27,A,Emphasis Focus,0.2735337568446994,0.5705136757838559,Unreliable
art_0015,A28,A,Emphasis Focus,0.22916666666666666,0.4599066044029353,Consistently Poor
art_0015,A29,A,Tone Register,0.3345250527684887,0.2941794529686457,Consistently Poor
art_0015,A30,A,Tone Register,0.3040011351307233,0.5888425617078051,Unreliable
art_0015,A31,A,Tone Register,0.37584515719208866,0.6016344229486325,Fragile
art_0015,A32,A,Tone Register,0.3110300075883667,0.46315877251501,Consistently Poor
art_0015,A33,A,Completeness Framing,0.26682613231241703,0.4283855903935957,Consistently Poor
art_0015,A34,A,Completeness Framing,0.37471838636944693,0.3268012008005337,True Robustness
art_0015,A35,A,Completeness Framing,0.25589921744540334,0.4667778519012675,Consistently Poor
art_0015,B01,B,Lexical Filter,0.14583333333333334,0.5307204803202135,Unreliable
art_0015,B02,B,Lexical Filter,0.30100533210982877,0.3519846564376251,Consistently Poor
art_0015,B03,B,Lexical Filter,0.2850169249965499,0.4638925950633756,Consistently Poor
art_0015,B04,B,Theme Isolation,0.2324183760986974,0.6430620413609072,Unreliable
art_0015,B05,B,Theme Isolation,0.21875,0.3210973982655103,Consistently Poor
art_0015,B06,B,Theme Isolation,0.20833333333333334,0.5755170113408938,Unreliable
art_0015,B07,B,Theme Isolation,0.2708333333333333,0.5604736490993997,Unreliable
art_0015,B08,B,Theme Isolation,0.2307234046359857,0.2081887925283522,Consistently Poor
art_0015,B09,B,Persona / Tone,0.203125,0.5220813875917278,Unreliable
art_0015,B10,B,Persona / Tone,0.19987612698848048,0.5669112741827885,Unreliable
art_0015,B11,B,Persona / Tone,0.3613082046310107,0.30522014676450965,True Robustness
art_0015,B12,B,Persona / Tone,0.19418706463184207,0.6281020680453636,Unreliable
art_0015,B13,B,Persona / Tone,0.23958333333333334,0.44499666444296193,Consistently Poor
art_0015,B14,B,Persona / Tone,0.20833333333333334,0.640660440293529,Unreliable
art_0015,B15,B,Meta-reflection,0.21875,0.36092394929953303,Consistently Poor
art_0016,A01,A,Direct Command,0.21477870962449486,0.46417611741160775,Consistently Poor
art_0016,A02,A,Direct Command,0.22584498379867346,0.4959639759839893,Consistently Poor
art_0016,A03,A,Direct Command,0.2663510332682303,0.4952301534356238,Consistently Poor
art_0016,A04,A,Direct Command,0.34505665683675374,0.36495997331554375,Consistently Poor
art_0016,A05,A,Question Form,0.08796400363956179,0.7516511007338225,Unreliable
art_0016,A06,A,Question Form,0.0907618429877662,0.5129252835223483,Unreliable
art_0016,A07,A,Question Form,0.12147386593832855,0.7212308205470312,Unreliable
art_0016,A08,A,Question Form,0.06542319927497633,0.5394429619746497,Unreliable
art_0016,A09,A,Role Based,0.2979562742014726,0.4001000667111408,Consistently Poor
art_0016,A10,A,Role Based,0.1914714729147298,0.47063042028018687,Consistently Poor
art_0016,A11,A,Role Based,0.40287866141824497,0.6361407605070046,Fragile
art_0016,A12,A,Role Based,0.1461421057936691,0.6408939292861908,Unreliable
art_0016,A13,A,Constraint Based,0.20906098399843484,0.037158105403602405,Consistently Poor
art_0016,A14,A,Constraint Based,0.2211473192132655,0.4236991327551701,Consistently Poor
art_0016,A15,A,Constraint Based,0.1882567575556182,0.5306871247498333,Unreliable
art_0016,A16,A,Analytical Framing,0.2753928666185987,0.5879086057371581,Unreliable
art_0016,A17,A,Analytical Framing,0.11309523809523808,0.4791861240827218,Consistently Poor
art_0016,A18,A,Analytical Framing,0.21597784324105648,0.36100733822548364,Consistently Poor
art_0016,A19,A,Analytical Framing,0.0709228938711541,0.789092728485657,Unreliable
art_0016,A20,A,Output Format,0.14269741385110785,0.4772014676450968,Consistently Poor
art_0016,A21,A,Output Format,0.14273480609768913,0.2641427618412275,Consistently Poor
art_0016,A22,A,Output Format,0.17697960528589432,0.2586224149432955,Consistently Poor
art_0016,A23,A,Audience Perspective,0.16714218657995972,0.6315043362241495,Unreliable
art_0016,A24,A,Audience Perspective,0.21333898923226768,0.1690126751167445,Consistently Poor
art_0016,A25,A,Audience Perspective,0.2242157304925578,0.59209472981988,Unreliable
art_0016,A26,A,Emphasis Focus,0.036749037592450066,0.6289859906604403,Unreliable
art_0016,A27,A,Emphasis Focus,0.5120860714287985,0.3750667111407605,True Robustness
art_0016,A28,A,Emphasis Focus,0.0811735882640018,0.5233488992661774,Unreliable
art_0016,A29,A,Tone Register,0.36273945797057383,0.4367911941294196,True Robustness
art_0016,A30,A,Tone Register,0.2104158468899273,0.7104736490993997,Unreliable
art_0016,A31,A,Tone Register,0.4128937527892136,0.5121247498332222,Fragile
art_0016,A32,A,Tone Register,0.21561433844977904,0.3918779186124083,Consistently Poor
art_0016,A33,A,Completeness Framing,0.1311383650948604,0.6569379586390928,Unreliable
art_0016,A34,A,Completeness Framing,0.3660026361190138,0.38130420280186794,True Robustness
art_0016,A35,A,Completeness Framing,0.2918991323205687,0.5199633088725816,Unreliable
art_0016,B01,B,Lexical Filter,0.13930484670258703,0.25807204803202133,Consistently Poor
art_0016,B02,B,Lexical Filter,0.3888001541296641,0.5508338892595064,Fragile
art_0016,B03,B,Lexical Filter,0.3598245334412371,0.540410273515677,Fragile
art_0016,B04,B,Theme Isolation,0.07142857142857142,0.664209472981988,Unreliable
art_0016,B05,B,Theme Isolation,0.07738095238095238,0.7159272848565711,Unreliable
art_0016,B06,B,Theme Isolation,0.05593100877567416,0.7567044696464308,Unreliable
art_0016,B07,B,Theme Isolation,0.16862795555165835,0.594879919946631,Unreliable
art_0016,B08,B,Theme Isolation,0.13911210370064334,0.5963308872581722,Unreliable
art_0016,B09,B,Persona / Tone,0.09787068214444884,0.5541194129419613,Unreliable
art_0016,B10,B,Persona / Tone,0.14588786085091887,0.43295530353569045,Consistently Poor
art_0016,B11,B,Persona / Tone,0.3927772987101759,0.3549866577718479,True Robustness
art_0016,B12,B,Persona / Tone,0.15384456206645286,0.4865410273515677,Consistently Poor
art_0016,B13,B,Persona / Tone,0.36766543157310005,0.5772515010006671,Fragile
art_0016,B14,B,Persona / Tone,0.14928570384204035,0.6204302868579052,Unreliable
art_0016,B15,B,Meta-reflection,0.16739931853399392,0.5203969312875251,Unreliable
art_0017,A01,A,Direct Command,0.5111512240022421,0.40008338892595063,True Robustness
art_0017,A02,A,Direct Command,0.4484806029126048,0.5989326217478319,Fragile
art_0017,A03,A,Direct Command,0.49448000912865003,0.4313542361574383,True Robustness
art_0017,A04,A,Direct Command,0.4763503505537907,0.5253502334889927,Fragile
art_0017,A05,A,Question Form,0.4759676295850012,0.6340060040026685,Fragile
art_0017,A06,A,Question Form,0.410385151561867,0.5242494996664443,Fragile
art_0017,A07,A,Question Form,0.47570128436717724,0.594479653102068,Fragile
art_0017,A08,A,Question Form,0.3954102297623952,0.563942628418946,Fragile
art_0017,A09,A,Role Based,0.4440399924500121,0.4647765176784523,True Robustness
art_0017,A10,A,Role Based,0.4163891463850935,0.5397765176784523,Fragile
art_0017,A11,A,Role Based,0.24840477967583055,0.6475983989326217,Unreliable
art_0017,A12,A,Role Based,0.48642217672119537,0.522231487658439,Fragile
art_0017,A13,A,Constraint Based,0.2911745061477025,0.1864576384256171,Consistently Poor
art_0017,A14,A,Constraint Based,0.4571662684281667,0.36891260840560375,True Robustness
art_0017,A15,A,Constraint Based,0.43054543114784694,0.22433288859239495,True Robustness
art_0017,A16,A,Analytical Framing,0.41283626025542614,0.4913942628418945,True Robustness
art_0017,A17,A,Analytical Framing,0.36215849587590326,0.647498332221481,Fragile
art_0017,A18,A,Analytical Framing,0.42112533041379513,0.48659106070713815,True Robustness
art_0017,A19,A,Analytical Framing,0.24996085858179465,0.772748498999333,Unreliable
art_0017,A20,A,Output Format,0.5167063750326634,0.3018512341561041,True Robustness
art_0017,A21,A,Output Format,0.4191333799726433,0.6300533689126084,Fragile
art_0017,A22,A,Output Format,0.5150478074947993,0.3154603068712475,True Robustness
art_0017,A23,A,Audience Perspective,0.4278336360740165,0.5377918612408272,Fragile
art_0017,A24,A,Audience Perspective,0.5393946732083956,0.6189626417611741,Fragile
art_0017,A25,A,Audience Perspective,0.4510165117060145,0.43899266177451635,True Robustness
art_0017,A26,A,Emphasis Focus,0.4291821496612909,0.6012508338892595,Fragile
art_0017,A27,A,Emphasis Focus,0.4037722405977547,0.5657771847898598,Fragile
art_0017,A28,A,Emphasis Focus,0.33648709292627044,0.37111407605070046,Consistently Poor
art_0017,A29,A,Tone Register,0.45919662490487095,0.37314876584389595,True Robustness
art_0017,A30,A,Tone Register,0.45803538264913685,0.5696631087391595,Fragile
art_0017,A31,A,Tone Register,0.41077800290659067,0.4621747831887925,True Robustness
art_0017,A32,A,Tone Register,0.24544189754976994,0.501701134089393,Unreliable
art_0017,A33,A,Completeness Framing,0.3252813886437151,0.6256837891927951,Unreliable
art_0017,A34,A,Completeness Framing,0.44859246717145046,0.3727985323549033,True Robustness
art_0017,A35,A,Completeness Framing,0.4288337611903747,0.27796864576384256,True Robustness
art_0017,B01,B,Lexical Filter,0.0,0.32434956637758505,Consistently Poor
art_0017,B02,B,Lexical Filter,0.4738178904271788,0.5838892595063376,Fragile
art_0017,B03,B,Lexical Filter,0.4388475337893598,0.5122248165443629,Fragile
art_0017,B04,B,Theme Isolation,0.2684700882372757,0.7549866577718479,Unreliable
art_0017,B05,B,Theme Isolation,0.2611111111111111,0.6467478318879253,Unreliable
art_0017,B06,B,Theme Isolation,0.1678915621764544,0.7391260840560373,Unreliable
art_0017,B07,B,Theme Isolation,0.3579401640117996,0.5746831220813875,Fragile
art_0017,B08,B,Theme Isolation,0.33569223791645425,0.7676951300867244,Unreliable
art_0017,B09,B,Persona / Tone,0.3554819624237198,0.4844896597731821,True Robustness
art_0017,B10,B,Persona / Tone,0.39545853716424767,0.5025183455637091,Fragile
art_0017,B11,B,Persona / Tone,0.4308445778985818,0.3334056037358239,True Robustness
art_0017,B12,B,Persona / Tone,0.16344900842135152,0.8712975316877918,Unreliable
art_0017,B13,B,Persona / Tone,0.365225924572183,0.42870246831220815,True Robustness
art_0017,B14,B,Persona / Tone,0.20555555555555557,0.6027851901267511,Unreliable
art_0017,B15,B,Meta-reflection,0.40513449263655477,0.588292194796531,Fragile
art_0018,A01,A,Direct Command,0.3819967320809761,0.26851234156104065,True Robustness
art_0018,A02,A,Direct Command,0.322643391469804,0.4341227484989994,Consistently Poor
art_0018,A03,A,Direct Command,0.3574379960695902,0.19934956637758502,True Robustness
art_0018,A04,A,Direct Command,0.3531975235790014,0.23013675783855903,True Robustness
art_0018,A05,A,Question Form,0.3830921245117982,0.43562374916611074,True Robustness
art_0018,A06,A,Question Form,0.3045218564919196,0.23220480320213477,Consistently Poor
art_0018,A07,A,Question Form,0.372722523783644,0.48273849232821875,True Robustness
art_0018,A08,A,Question Form,0.3414230438570181,0.41696130753835886,Consistently Poor
art_0018,A09,A,Role Based,0.3544737918923298,0.4962308205470314,True Robustness
art_0018,A10,A,Role Based,0.34415343832224604,0.195797198132088,Consistently Poor
art_0018,A11,A,Role Based,0.3346319153904915,0.4560873915943963,Consistently Poor
art_0018,A12,A,Role Based,0.3889763377606869,0.2595563709139426,True Robustness
art_0018,A13,A,Constraint Based,0.32478654334942497,0.24451300867244827,Consistently Poor
art_0018,A14,A,Constraint Based,0.33466046291093027,0.16380920613742495,Consistently Poor
art_0018,A15,A,Constraint Based,0.3289800005266443,0.255003335557038,Consistently Poor
art_0018,A16,A,Analytical Framing,0.31666666666666665,0.2758839226150767,Consistently Poor
art_0018,A17,A,Analytical Framing,0.33534123562276363,0.3919946631087391,Consistently Poor
art_0018,A18,A,Analytical Framing,0.3152815831825137,0.12936957971981322,Consistently Poor
art_0018,A19,A,Analytical Framing,0.36897206661912296,0.5635423615743829,Fragile
art_0018,A20,A,Output Format,0.3814344404886166,0.2124749833222148,True Robustness
art_0018,A21,A,Output Format,0.33577047536770505,0.4598065376917945,Consistently Poor
art_0018,A22,A,Output Format,0.38625255251924195,0.17835223482321547,True Robustness
art_0018,A23,A,Audience Perspective,0.3114241711465487,0.32936957971981323,Consistently Poor
art_0018,A24,A,Audience Perspective,0.3691224491844574,0.423032021347565,True Robustness
art_0018,A25,A,Audience Perspective,0.32289078120763104,0.31485990660440294,Consistently Poor
art_0018,A26,A,Emphasis Focus,0.32723870581636827,0.37895263509006,Consistently Poor
art_0018,A27,A,Emphasis Focus,0.32073934845005475,0.306187458305537,Consistently Poor
art_0018,A28,A,Emphasis Focus,0.35397348419452707,0.2417278185456971,True Robustness
art_0018,A29,A,Tone Register,0.3313569564993183,0.23313875917278187,Consistently Poor
art_0018,A30,A,Tone Register,0.3533073265105486,0.487758505670447,True Robustness
art_0018,A31,A,Tone Register,0.32077510601763304,0.33959306204136086,Consistently Poor
art_0018,A32,A,Tone Register,0.35580044351518153,0.3611074049366244,True Robustness
art_0018,A33,A,Completeness Framing,0.39338190717001753,0.5611407605070047,Fragile
art_0018,A34,A,Completeness Framing,0.32698834264689747,0.3281354236157439,Consistently Poor
art_0018,A35,A,Completeness Framing,0.32360809445381167,0.29086057371581053,Consistently Poor
art_0018,B01,B,Lexical Filter,0.2252397960051894,0.4799533022014676,Consistently Poor
art_0018,B02,B,Lexical Filter,0.3608983964969714,0.35220146764509674,True Robustness
art_0018,B03,B,Lexical Filter,0.35799387457470094,0.3774349566377585,True Robustness
art_0018,B04,B,Theme Isolation,0.34741643187589943,0.5090560373582389,Fragile
art_0018,B05,B,Theme Isolation,0.3,0.2647098065376918,Consistently Poor
art_0018,B06,B,Theme Isolation,0.40431428539256253,0.5138425617078053,Fragile
art_0018,B07,B,Theme Isolation,0.30717351378746877,0.5672781854569713,Unreliable
art_0018,B08,B,Theme Isolation,0.35728599056601523,0.33999332888592393,True Robustness
art_0018,B09,B,Persona / Tone,0.33345408529082005,0.2616911274182788,Consistently Poor
art_0018,B10,B,Persona / Tone,0.32489130845448627,0.14644763175450298,Consistently Poor
art_0018,B11,B,Persona / Tone,0.3401113120218118,0.13153769179452968,Consistently Poor
art_0018,B12,B,Persona / Tone,0.3377256999909878,0.7858572381587725,Unreliable
art_0018,B13,B,Persona / Tone,0.31713607776910063,0.270530353569046,Consistently Poor
art_0018,B14,B,Persona / Tone,0.2833333333333333,0.3949799866577718,Consistently Poor
art_0018,B15,B,Meta-reflection,0.3378022807029386,0.3596564376250834,Consistently Poor
art_0019,A01,A,Direct Command,0.46573867055552975,0.24156104069379586,True Robustness
art_0019,A02,A,Direct Command,0.49070760317974615,0.6788192128085391,Fragile
art_0019,A03,A,Direct Command,0.5032060027674392,0.18482321547698466,True Robustness
art_0019,A04,A,Direct Command,0.44051057376243447,0.36380920613742496,True Robustness
art_0019,A05,A,Question Form,0.3384775777381879,0.6846897931954636,Unreliable
art_0019,A06,A,Question Form,0.36980604666664646,0.6150933955970647,Fragile
art_0019,A07,A,Question Form,0.2902411301792771,0.6823715810540361,Unreliable
art_0019,A08,A,Question Form,0.22265799421196178,0.543545697131421,Unreliable
art_0019,A09,A,Role Based,0.40577856437475585,0.598549032688459,Fragile
art_0019,A10,A,Role Based,0.5454137446703734,0.3311040693795864,True Robustness
art_0019,A11,A,Role Based,0.5350018534809351,0.5625250166777851,Fragile
art_0019,A12,A,Role Based,0.43767100137968856,0.4999166110740494,Fragile
art_0019,A13,A,Constraint Based,0.3830138615987919,0.5062208138759173,Fragile
art_0019,A14,A,Constraint Based,0.5382162456711133,0.29643095396931285,True Robustness
art_0019,A15,A,Constraint Based,0.5942049557688059,0.38013675783855905,True Robustness
art_0019,A16,A,Analytical Framing,0.4080515750511377,0.5447131420947299,Fragile
art_0019,A17,A,Analytical Framing,0.24810157745593675,0.6095396931287524,Unreliable
art_0019,A18,A,Analytical Framing,0.36396424748279427,0.5926450967311542,Fragile
art_0019,A19,A,Analytical Framing,0.3628825710189563,0.6772014676450968,Fragile
art_0019,A20,A,Output Format,0.44659399461966975,0.3136924616410941,True Robustness
art_0019,A21,A,Output Format,0.3548221193529941,0.5252835223482322,Fragile
art_0019,A22,A,Output Format,0.42899236924670364,0.46389259506337555,True Robustness
art_0019,A23,A,Audience Perspective,0.4813195276591513,0.5212474983322215,Fragile
art_0019,A24,A,Audience Perspective,0.5077767427320833,0.30470313542361577,True Robustness
art_0019,A25,A,Audience Perspective,0.5173279514743222,0.32616744496330885,True Robustness
art_0019,A26,A,Emphasis Focus,0.2884314383759543,0.3966644429619746,Consistently Poor
art_0019,A27,A,Emphasis Focus,0.47022044120563405,0.24126084056037359,True Robustness
art_0019,A28,A,Emphasis Focus,0.29904998879431294,0.5088725817211475,Unreliable
art_0019,A29,A,Tone Register,0.4221339948751308,0.366844563042028,True Robustness
art_0019,A30,A,Tone Register,0.5121459771913511,0.3494496330887258,True Robustness
art_0019,A31,A,Tone Register,0.44059233077698284,0.4449799866577719,True Robustness
art_0019,A32,A,Tone Register,0.34768745303154,0.5561207471647766,Fragile
art_0019,A33,A,Completeness Framing,0.3557552045418156,0.7288192128085391,Fragile
art_0019,A34,A,Completeness Framing,0.5328581315223818,0.3615076717811875,True Robustness
art_0019,A35,A,Completeness Framing,0.38617731154792834,0.5052034689793194,Fragile
art_0019,B01,B,Lexical Filter,0.17291318928753885,0.5304703135423616,Unreliable
art_0019,B02,B,Lexical Filter,0.5826984042370761,0.44086057371581056,True Robustness
art_0019,B03,B,Lexical Filter,0.4410037932986462,0.7145263509006005,Fragile
art_0019,B04,B,Theme Isolation,0.3141537843319518,0.9093062041360908,Unreliable
art_0019,B05,B,Theme Isolation,0.20051532807863423,0.5450466977985323,Unreliable
art_0019,B06,B,Theme Isolation,0.2284593865689304,0.6939626417611741,Unreliable
art_0019,B07,B,Theme Isolation,0.38771318265719823,0.7034523015343562,Fragile
art_0019,B08,B,Theme Isolation,0.5426150232001586,0.5412941961307538,Fragile
art_0019,B09,B,Persona / Tone,0.2788037427407862,0.5323882588392261,Unreliable
art_0019,B10,B,Persona / Tone,0.5081180156105094,0.3225483655770514,True Robustness
art_0019,B11,B,Persona / Tone,0.5332399552894963,0.2748832555036691,True Robustness
art_0019,B12,B,Persona / Tone,0.3191992267138429,0.7048365577051368,Unreliable
art_0019,B13,B,Persona / Tone,0.25758391773949063,0.44266177451634425,Consistently Poor
art_0019,B14,B,Persona / Tone,0.1772921035870375,0.5771847898599066,Unreliable
art_0019,B15,B,Meta-reflection,0.2910855382128998,0.5474482988659106,Unreliable
art_0020,A01,A,Direct Command,0.6625980908672017,0.5191460973982656,Fragile
art_0020,A02,A,Direct Command,0.648736194603973,0.76445963975984,Fragile
art_0020,A03,A,Direct Command,0.6526724174618722,0.2896597731821214,True Robustness
art_0020,A04,A,Direct Command,0.6145735407869021,0.5156104069379586,Fragile
art_0020,A05,A,Question Form,0.5377315026190546,0.8506004002668446,Fragile
art_0020,A06,A,Question Form,0.1695150657501977,0.7394429619746498,Unreliable
art_0020,A07,A,Question Form,0.43091960830820925,0.7058705803869246,Fragile
art_0020,A08,A,Question Form,0.40675876662135124,0.9324382921947966,Fragile
art_0020,A09,A,Role Based,0.5803615326682726,0.43003669112741827,True Robustness
art_0020,A10,A,Role Based,0.6519717739688026,0.4587058038692462,True Robustness
art_0020,A11,A,Role Based,0.5386717638207806,0.5628752501667779,Fragile
art_0020,A12,A,Role Based,0.5889325671725802,0.7220146764509673,Fragile
art_0020,A13,A,Constraint Based,0.5090046260091993,0.36624416277518346,True Robustness
art_0020,A14,A,Constraint Based,0.5567139569256041,0.5486157438292195,Fragile
art_0020,A15,A,Constraint Based,0.5838226386242442,0.3982154769846565,True Robustness
art_0020,A16,A,Analytical Framing,0.47509101560960215,0.6510840560373583,Fragile
art_0020,A17,A,Analytical Framing,0.18922830078129968,0.6233822548365577,Unreliable
art_0020,A18,A,Analytical Framing,0.5534423515200615,0.6977151434289527,Fragile
art_0020,A19,A,Analytical Framing,0.31099186444448096,0.9763175450300201,Unreliable
art_0020,A20,A,Output Format,0.624531204501788,0.15893929286190794,True Robustness
art_0020,A21,A,Output Format,0.5832384203871092,0.4247665110073382,True Robustness
art_0020,A22,A,Output Format,0.5796233663956324,0.3561541027351568,True Robustness
art_0020,A23,A,Audience Perspective,0.5587563821011119,0.6148932621747832,Fragile
art_0020,A24,A,Audience Perspective,0.634074172212018,0.3652768512341561,True Robustness
art_0020,A25,A,Audience Perspective,0.5468156197004848,0.5058705803869247,Fragile
art_0020,A26,A,Emphasis Focus,0.40807432577841807,0.8891594396264175,Fragile
art_0020,A27,A,Emphasis Focus,0.45134976423448975,0.710673782521681,Fragile
art_0020,A28,A,Emphasis Focus,0.36513377281112797,0.886724482988659,Fragile
art_0020,A29,A,Tone Register,0.618366676900122,0.5107071380920614,Fragile
art_0020,A30,A,Tone Register,0.5436903453535503,0.4260006671114076,True Robustness
art_0020,A31,A,Tone Register,0.4487179387360811,0.4793529019346231,True Robustness
art_0020,A32,A,Tone Register,0.5172504054175483,0.45533689126084054,True Robustness
art_0020,A33,A,Completeness Framing,0.5007659511433707,0.7389259506337558,Fragile
art_0020,A34,A,Completeness Framing,0.5824794446428617,0.5379586390927285,Fragile
art_0020,A35,A,Completeness Framing,0.5465291208691069,0.6615243495663775,Fragile
art_0020,B01,B,Lexical Filter,0.44065287212530774,0.5296364242828552,Fragile
art_0020,B02,B,Lexical Filter,0.6586068934864469,0.36020680453635756,True Robustness
art_0020,B03,B,Lexical Filter,0.5393732330865331,0.5540193462308205,Fragile
art_0020,B04,B,Theme Isolation,0.3083254630780882,0.9150767178118746,Unreliable
art_0020,B05,B,Theme Isolation,0.32598044185174835,0.5290360240160107,Unreliable
art_0020,B06,B,Theme Isolation,0.2765498343958623,0.6687625083388926,Unreliable
art_0020,B07,B,Theme Isolation,0.4650520042826732,0.6054536357571715,Fragile
art_0020,B08,B,Theme Isolation,0.5086957563956579,0.8086057371581055,Fragile
art_0020,B09,B,Persona / Tone,0.3706066942670279,0.6681120747164777,Fragile
art_0020,B10,B,Persona / Tone,0.5063523215552171,0.3224482988659106,True Robustness
art_0020,B11,B,Persona / Tone,0.647032419840495,0.2375917278185457,True Robustness
art_0020,B12,B,Persona / Tone,0.33864891541500886,0.7509339559706472,Unreliable
art_0020,B13,B,Persona / Tone,0.4817747521317668,0.7037358238825884,Fragile
art_0020,B14,B,Persona / Tone,0.209628201671876,0.7092895263509007,Unreliable
art_0020,B15,B,Meta-reflection,0.46841955071108204,0.774616410940627,Fragile
art_0021,A01,A,Direct Command,0.28955089716861643,0.35053368912608407,Consistently Poor
art_0021,A02,A,Direct Command,0.27809727160880965,0.49267845230153434,Consistently Poor
art_0021,A03,A,Direct Command,0.2688915988430381,0.2879252835223482,Consistently Poor
art_0021,A04,A,Direct Command,0.28391423809031646,0.3566377585056705,Consistently Poor
art_0021,A05,A,Question Form,0.17885985945661864,0.6378585723815877,Unreliable
art_0021,A06,A,Question Form,0.2417081278166734,0.3452801867911941,Consistently Poor
art_0021,A07,A,Question Form,0.1769629215200742,0.7304202801867912,Unreliable
art_0021,A08,A,Question Form,0.15,0.33047031354236156,Consistently Poor
art_0021,A09,A,Role Based,0.2502245749036471,0.25030020013342225,Consistently Poor
art_0021,A10,A,Role Based,0.21525315390123678,0.31856237491661105,Consistently Poor
art_0021,A11,A,Role Based,0.21844803298202653,0.4393762508338892,Consistently Poor
art_0021,A12,A,Role Based,0.21622617915272715,0.6941460973982655,Unreliable
art_0021,A13,A,Constraint Based,0.22577146391073866,0.4654269513008672,Consistently Poor
art_0021,A14,A,Constraint Based,0.23508293256163595,0.21062374916611076,Consistently Poor
art_0021,A15,A,Constraint Based,0.2744747017820676,0.4616244162775183,Consistently Poor
art_0021,A16,A,Analytical Framing,0.19999999999999998,0.2717645096731154,Consistently Poor
art_0021,A17,A,Analytical Framing,0.15003310893410457,0.5966977985323549,Unreliable
art_0021,A18,A,Analytical Framing,0.22141584159495928,0.36417611741160777,Consistently Poor
art_0021,A19,A,Analytical Framing,0.13054540206988652,0.7499499666444296,Unreliable
art_0021,A20,A,Output Format,0.2896735327939192,0.29392928619079384,Consistently Poor
art_0021,A21,A,Output Format,0.16703455497821174,0.4357071380920614,Consistently Poor
art_0021,A22,A,Output Format,0.2743581342200438,0.22713475650433623,Consistently Poor
art_0021,A23,A,Audience Perspective,0.2929631067129473,0.4822381587725151,Consistently Poor
art_0021,A24,A,Audience Perspective,0.2922058212260405,0.36842895263509007,Consistently Poor
art_0021,A25,A,Audience Perspective,0.285871426264445,0.5021347565043363,Unreliable
art_0021,A26,A,Emphasis Focus,0.13973963248233,0.6441294196130752,Unreliable
art_0021,A27,A,Emphasis Focus,0.3090102564543486,0.35872248165443626,Consistently Poor
art_0021,A28,A,Emphasis Focus,0.21417536257455747,0.6241327551701134,Unreliable
art_0021,A29,A,Tone Register,0.2770627602934837,0.46392595063375586,Consistently Poor
art_0021,A30,A,Tone Register,0.28039718500028055,0.69869913275517,Unreliable
art_0021,A31,A,Tone Register,0.25104883214225987,0.4925283522348233,Consistently Poor
art_0021,A32,A,Tone Register,0.26681104507297276,0.3298865910607071,Consistently Poor
art_0021,A33,A,Completeness Framing,0.19176429398357867,0.7673782521681121,Unreliable
art_0021,A34,A,Completeness Framing,0.2630998536633949,0.30520346897931955,Consistently Poor
art_0021,A35,A,Completeness Framing,0.29317204309627415,0.3078552368245497,Consistently Poor
art_0021,B01,B,Lexical Filter,0.05981422374024988,0.37488325550366913,Consistently Poor
art_0021,B02,B,Lexical Filter,0.36542247558633484,0.31127418278852564,True Robustness
art_0021,B03,B,Lexical Filter,0.2664483771969875,0.490660440293529,Consistently Poor
art_0021,B04,B,Theme Isolation,0.14015083064635595,0.668812541694463,Unreliable
art_0021,B05,B,Theme Isolation,0.18333333333333335,0.41767845230153433,Consistently Poor
art_0021,B06,B,Theme Isolation,0.1256305944484969,0.5764676450967312,Unreliable
art_0021,B07,B,Theme Isolation,0.2892457061757644,0.5511007338225483,Unreliable
art_0021,B08,B,Theme Isolation,0.30435888970581193,0.4095563709139426,Consistently Poor
art_0021,B09,B,Persona / Tone,0.19999999999999998,0.25945630420280186,Consistently Poor
art_0021,B10,B,Persona / Tone,0.18333333333333332,0.34309539693128754,Consistently Poor
art_0021,B11,B,Persona / Tone,0.2761157731215159,0.1957138092061374,Consistently Poor
art_0021,B12,B,Persona / Tone,0.19337913863360884,0.533955970647098,Unreliable
art_0021,B13,B,Persona / Tone,0.2057347323745489,0.3566044029352903,Consistently Poor
art_0021,B14,B,Persona / Tone,0.11666666666666665,0.4841394262841895,Consistently Poor
art_0021,B15,B,Meta-reflection,0.1440497864658634,0.6237158105403603,Unreliable
art_0022,A01,A,Direct Command,0.6849796747167906,0.35121747831887923,True Robustness
art_0022,A02,A,Direct Command,0.5752051634093126,0.766044029352902,Fragile
art_0022,A03,A,Direct Command,0.6922443906466166,0.219079386257505,True Robustness
art_0022,A04,A,Direct Command,0.6883884519338608,0.3874583055370247,True Robustness
art_0022,A05,A,Question Form,0.4201785810291767,0.7738659106070714,Fragile
art_0022,A06,A,Question Form,0.4865394091854493,0.6838892595063376,Fragile
art_0022,A07,A,Question Form,0.42416297147671383,0.8223315543695797,Fragile
art_0022,A08,A,Question Form,0.4135705552374323,0.7202801867911941,Fragile
art_0022,A09,A,Role Based,0.5850684506197771,0.5211641094062708,Fragile
art_0022,A10,A,Role Based,0.6089322194457054,0.3748999332888592,True Robustness
art_0022,A11,A,Role Based,0.5212148937086264,0.6122748498999333,Fragile
art_0022,A12,A,Role Based,0.5724257212132215,0.7075717144763175,Fragile
art_0022,A13,A,Constraint Based,0.3545655806859334,0.3490326884589726,True Robustness
art_0022,A14,A,Constraint Based,0.6149588997165362,0.30381921280853896,True Robustness
art_0022,A15,A,Constraint Based,0.6537974451979002,0.4849232821881254,True Robustness
art_0022,A16,A,Analytical Framing,0.5238340480579305,0.4312708472314877,True Robustness
art_0022,A17,A,Analytical Framing,0.4303812999278307,0.7199633088725816,Fragile
art_0022,A18,A,Analytical Framing,0.5242565457398692,0.7256170780520347,Fragile
art_0022,A19,A,Analytical Framing,0.48150212690234184,0.8085890593729154,Fragile
art_0022,A20,A,Output Format,0.6476882298787435,0.24349566377585058,True Robustness
art_0022,A21,A,Output Format,0.39145494997501373,0.4877251501000667,True Robustness
art_0022,A22,A,Output Format,0.6577883213758469,0.17958639092728484,True Robustness
art_0022,A23,A,Audience Perspective,0.6398215020696322,0.449866577718479,True Robustness
art_0022,A24,A,Audience Perspective,0.6980482538541158,0.2530186791194129,True Robustness
art_0022,A25,A,Audience Perspective,0.6664063582817713,0.4670113408939292,True Robustness
art_0022,A26,A,Emphasis Focus,0.46401531249284744,0.27486657771847894,True Robustness
art_0022,A27,A,Emphasis Focus,0.6048566127816836,0.05195130086724483,True Robustness
art_0022,A28,A,Emphasis Focus,0.46941315693159896,0.7868078719146098,Fragile
art_0022,A29,A,Tone Register,0.6393235983947912,0.5310373582388259,Fragile
art_0022,A30,A,Tone Register,0.6584150070945421,0.5234322881921281,Fragile
art_0022,A31,A,Tone Register,0.5684317530443271,0.29411274182788527,True Robustness
art_0022,A32,A,Tone Register,0.48196707914272946,0.6653769179452969,Fragile
art_0022,A33,A,Completeness Framing,0.3471296528975169,0.7241327551701136,Fragile
art_0022,A34,A,Completeness Framing,0.6331613386670748,0.2546197464976651,True Robustness
art_0022,A35,A,Completeness Framing,0.5972793164352576,0.4729986657771848,True Robustness
art_0022,B01,B,Lexical Filter,0.2395560878018538,0.3467645096731154,Consistently Poor
art_0022,B02,B,Lexical Filter,0.6270757839083672,0.3276684456304203,True Robustness
art_0022,B03,B,Lexical Filter,0.6621148213744164,0.39541360907271517,True Robustness
art_0022,B04,B,Theme Isolation,0.17077457221845785,0.9692128085390261,Unreliable
art_0022,B05,B,Theme Isolation,0.4681889060884714,0.680136757838559,Fragile
art_0022,B06,B,Theme Isolation,0.40685338418309885,0.6344396264176118,Fragile
art_0022,B07,B,Theme Isolation,0.5136067129982015,0.4953135423615744,True Robustness
art_0022,B08,B,Theme Isolation,0.49649159734447795,0.46671114076050696,True Robustness
art_0022,B09,B,Persona / Tone,0.48674731763700646,0.4610240160106738,True Robustness
art_0022,B10,B,Persona / Tone,0.6555452719330788,0.17303202134756507,True Robustness
art_0022,B11,B,Persona / Tone,0.5884723241130511,0.3022515010006671,True Robustness
art_0022,B12,B,Persona / Tone,0.37055946588516236,0.8814042695130088,Fragile
art_0022,B13,B,Persona / Tone,0.47877090455343324,0.6923448965977318,Fragile
art_0022,B14,B,Persona / Tone,0.3761113123813023,0.5806871247498332,Fragile
art_0022,B15,B,Meta-reflection,0.5328021390984455,0.7465310206804536,Fragile
art_0023,A01,A,Direct Command,0.3568114515585013,0.42171447631754505,True Robustness
art_0023,A02,A,Direct Command,0.3511330088158735,0.6707638425617078,Fragile
art_0023,A03,A,Direct Command,0.33883271070244986,0.28448965977318214,Consistently Poor
art_0023,A04,A,Direct Command,0.3399225236513676,0.27344896597731816,Consistently Poor
art_0023,A05,A,Question Form,0.32774684377587754,0.8212808539026016,Unreliable
art_0023,A06,A,Question Form,0.323026423366406,0.3135090060040027,Consistently Poor
art_0023,A07,A,Question Form,0.223649867117787,0.7817211474316211,Unreliable
art_0023,A08,A,Question Form,0.18809195739240983,0.7286190793862576,Unreliable
art_0023,A09,A,Role Based,0.39575623281491107,0.40585390260173454,True Robustness
art_0023,A10,A,Role Based,0.35967530388958174,0.3722481654436291,True Robustness
art_0023,A11,A,Role Based,0.3409867161550583,0.420130086724483,Consistently Poor
art_0023,A12,A,Role Based,0.36267973153063887,0.5648765843895931,Fragile
art_0023,A13,A,Constraint Based,0.28314698907809377,0.3306037358238826,Consistently Poor
art_0023,A14,A,Constraint Based,0.34285240918875504,0.31305870580386924,Consistently Poor
art_0023,A15,A,Constraint Based,0.3271114155650139,0.5676617745163441,Unreliable
art_0023,A16,A,Analytical Framing,0.3502933164395822,0.3195296864576385,True Robustness
art_0023,A17,A,Analytical Framing,0.2382246111639035,0.6061207471647765,Unreliable
art_0023,A18,A,Analytical Framing,0.28585835746847665,0.7357404936624417,Unreliable
art_0023,A19,A,Analytical Framing,0.23148369762855467,0.7085056704469646,Unreliable
art_0023,A20,A,Output Format,0.3632106682142386,0.4296697798532355,True Robustness
art_0023,A21,A,Output Format,0.404407892567225,0.3882755170113409,True Robustness
art_0023,A22,A,Output Format,0.3495569873887759,0.37041360907271514,True Robustness
art_0023,A23,A,Audience Perspective,0.23824356856923076,0.672498332221481,Unreliable
art_0023,A24,A,Audience Perspective,0.35955656358064747,0.4226150767178119,True Robustness
art_0023,A25,A,Audience Perspective,0.3407307907174795,0.28975983989326215,Consistently Poor
art_0023,A26,A,Emphasis Focus,0.3530827685414503,0.5022515010006671,Fragile
art_0023,A27,A,Emphasis Focus,0.28926551604691225,0.44121080720480316,Consistently Poor
art_0023,A28,A,Emphasis Focus,0.21615000733007225,0.7329886591060707,Unreliable
art_0023,A29,A,Tone Register,0.3386458112404514,0.5192628418945964,Unreliable
art_0023,A30,A,Tone Register,0.361463961406396,0.4662441627751835,True Robustness
art_0023,A31,A,Tone Register,0.3157044365428961,0.37631754503002,Consistently Poor
art_0023,A32,A,Tone Register,0.3484315462888052,0.6063042028018679,Fragile
art_0023,A33,A,Completeness Framing,0.310789378789755,0.45443629086057374,Consistently Poor
art_0023,A34,A,Completeness Framing,0.33266347976258165,0.5188792528352234,Unreliable
art_0023,A35,A,Completeness Framing,0.30223001762985796,0.3565376917945297,Consistently Poor
art_0023,B01,B,Lexical Filter,0.049078293419323675,0.23418945963975984,Consistently Poor
art_0023,B02,B,Lexical Filter,0.3513949330991659,0.2843729152768512,True Robustness
art_0023,B03,B,Lexical Filter,0.30342595915620524,0.675917278185457,Unreliable
art_0023,B04,B,Theme Isolation,0.21794871794871795,0.48145430286857904,Consistently Poor
art_0023,B05,B,Theme Isolation,0.23076923076923075,0.5625750500333555,Unreliable
art_0023,B06,B,Theme Isolation,0.23152638346147844,0.5384923282188125,Unreliable
art_0023,B07,B,Theme Isolation,0.2721096574304959,0.37686791194129415,Consistently Poor
art_0023,B08,B,Theme Isolation,0.24950271252638256,0.8887424949966645,Unreliable
art_0023,B09,B,Persona / Tone,0.1858974358974359,0.6716144096064043,Unreliable
art_0023,B10,B,Persona / Tone,0.20143297438223204,0.5699132755170113,Unreliable
art_0023,B11,B,Persona / Tone,0.26358724783103055,0.2662608405603736,Consistently Poor
art_0023,B12,B,Persona / Tone,0.30759034105218375,0.8175783855903936,Unreliable
art_0023,B13,B,Persona / Tone,0.25,0.5983155436957972,Unreliable
art_0023,B14,B,Persona / Tone,0.20512820512820515,0.6518679119412942,Unreliable
art_0023,B15,B,Meta-reflection,0.20163491100538522,0.7124082721814543,Unreliable
art_0024,A01,A,Direct Command,0.21687600513299307,0.6790527018012007,Unreliable
art_0024,A02,A,Direct Command,0.28189410859098035,0.5513675783855904,Unreliable
art_0024,A03,A,Direct Command,0.21848158165812492,0.4339392928619079,Consistently Poor
art_0024,A04,A,Direct Command,0.351564967383941,0.4703635757171447,True Robustness
art_0024,A05,A,Question Form,0.2191659820576509,0.7098232154769847,Unreliable
art_0024,A06,A,Question Form,0.1123566395835951,0.641711140760507,Unreliable
art_0024,A07,A,Question Form,0.18484095623716712,0.9083722481654437,Unreliable
art_0024,A08,A,Question Form,0.11139807011932135,0.6991994663108739,Unreliable
art_0024,A09,A,Role Based,0.29131558040777844,0.4694963308872582,Consistently Poor
art_0024,A10,A,Role Based,0.3196516774284343,0.38539026017344896,Consistently Poor
art_0024,A11,A,Role Based,0.2378727706770102,0.6358072048032021,Unreliable
art_0024,A12,A,Role Based,0.1919257314875722,0.5583722481654436,Unreliable
art_0024,A13,A,Constraint Based,0.19914466266830763,0.26262508338892593,Consistently Poor
art_0024,A14,A,Constraint Based,0.33062813539678854,0.377885256837892,Consistently Poor
art_0024,A15,A,Constraint Based,0.29381779953837395,0.3777018012008005,Consistently Poor
art_0024,A16,A,Analytical Framing,0.42306995671242476,0.4915110073382254,True Robustness
art_0024,A17,A,Analytical Framing,0.12402832608980437,0.734739826551034,Unreliable
art_0024,A18,A,Analytical Framing,0.13965931131194034,0.40800533689126084,Consistently Poor
art_0024,A19,A,Analytical Framing,0.19809933938086033,0.6901934623082054,Unreliable
art_0024,A20,A,Output Format,0.24489804791907469,0.43418945963975986,Consistently Poor
art_0024,A21,A,Output Format,0.2364840197066466,0.14519679786524348,Consistently Poor
art_0024,A22,A,Output Format,0.21834455616772175,0.535923949299533,Unreliable
art_0024,A23,A,Audience Perspective,0.2674576798453927,0.7104569713142096,Unreliable
art_0024,A24,A,Audience Perspective,0.27305973197023076,0.5195963975983989,Unreliable
art_0024,A25,A,Audience Perspective,0.251508545751373,0.41961307538358905,Consistently Poor
art_0024,A26,A,Emphasis Focus,0.25136254355311394,0.49032688458972645,Consistently Poor
art_0024,A27,A,Emphasis Focus,0.4852055062850316,0.2986157438292195,True Robustness
art_0024,A28,A,Emphasis Focus,0.1842829743400216,0.8073715810540361,Unreliable
art_0024,A29,A,Tone Register,0.43100642537077266,0.5658772515010007,Fragile
art_0024,A30,A,Tone Register,0.2883417358001073,0.6605903935957305,Unreliable
art_0024,A31,A,Tone Register,0.2175446734375631,0.5043195463642428,Unreliable
art_0024,A32,A,Tone Register,0.2067551494886478,0.5160273515677117,Unreliable
art_0024,A33,A,Completeness Framing,0.1727925706654787,0.7370580386924616,Unreliable
art_0024,A34,A,Completeness Framing,0.2953409260759751,0.4018178785857238,Consistently Poor
art_0024,A35,A,Completeness Framing,0.17217338907842836,0.5559539693128752,Unreliable
art_0024,B01,B,Lexical Filter,0.1764728700121244,0.3792528352234823,Consistently Poor
art_0024,B02,B,Lexical Filter,0.28397131090362865,0.532238158772515,Unreliable
art_0024,B03,B,Lexical Filter,0.18091019600008926,0.4445797198132088,Consistently Poor
art_0024,B04,B,Theme Isolation,0.24480340608473247,0.8951801200800534,Unreliable
art_0024,B05,B,Theme Isolation,0.14583333333333334,0.6126751167444964,Unreliable
art_0024,B06,B,Theme Isolation,0.14638510439544916,0.4855737158105403,Consistently Poor
art_0024,B07,B,Theme Isolation,0.20008193204800287,0.6196797865243495,Unreliable
art_0024,B08,B,Theme Isolation,0.4001707291851441,0.682488325550367,Fragile
art_0024,B09,B,Persona / Tone,0.16666666666666666,0.5840060040026684,Unreliable
art_0024,B10,B,Persona / Tone,0.23398667387664318,0.4202301534356237,Consistently Poor
art_0024,B11,B,Persona / Tone,0.38569970553119975,0.35478652434956637,True Robustness
art_0024,B12,B,Persona / Tone,0.19126716032624244,0.8058872581721148,Unreliable
art_0024,B13,B,Persona / Tone,0.1795712416060269,0.548549032688459,Unreliable
art_0024,B14,B,Persona / Tone,0.10416666666666667,0.6002668445630421,Unreliable
art_0024,B15,B,Meta-reflection,0.15482326255490383,0.6060373582388259,Unreliable
art_0025,A01,A,Direct Command,0.5020748556902012,0.14848232154769847,True Robustness
art_0025,A02,A,Direct Command,0.4681197503315551,0.8620080053368913,Fragile
art_0025,A03,A,Direct Command,0.4640000409313611,0.49192795196797867,True Robustness
art_0025,A04,A,Direct Command,0.4535897060164384,0.35630420280186786,True Robustness
art_0025,A05,A,Question Form,0.42345101776577176,0.6405436957971982,Fragile
art_0025,A06,A,Question Form,0.34243034408427775,0.6695630420280185,Unreliable
art_0025,A07,A,Question Form,0.4001949225508032,0.8654436290860573,Fragile
art_0025,A08,A,Question Form,0.37233289051800966,0.8742328218812542,Fragile
art_0025,A09,A,Role Based,0.46822354570031166,0.5655603735823882,Fragile
art_0025,A10,A,Role Based,0.5471270312333391,0.7123415610406938,Fragile
art_0025,A11,A,Role Based,0.3209297344798133,0.9104236157438292,Unreliable
art_0025,A12,A,Role Based,0.42087416781023856,0.7662941961307539,Fragile
art_0025,A13,A,Constraint Based,0.429254120304471,0.48447298198799194,True Robustness
art_0025,A14,A,Constraint Based,0.4816447513710174,0.2881254169446298,True Robustness
art_0025,A15,A,Constraint Based,0.4429962078020686,0.5809873248832554,Fragile
art_0025,A16,A,Analytical Framing,0.3341967260154585,0.5208305537024683,Unreliable
art_0025,A17,A,Analytical Framing,0.32198939691408585,0.8588559039359572,Unreliable
art_0025,A18,A,Analytical Framing,0.3848862566852144,0.5311874583055369,Fragile
art_0025,A19,A,Analytical Framing,0.3320355886992599,0.8590060040026685,Unreliable
art_0025,A20,A,Output Format,0.534399765942778,0.42836891260840565,True Robustness
art_0025,A21,A,Output Format,0.41318451373704845,0.6357238158772516,Fragile
art_0025,A22,A,Output Format,0.5498144536146096,0.33275517011340894,True Robustness
art_0025,A23,A,Audience Perspective,0.35723995905192124,0.7483822548365577,Fragile
art_0025,A24,A,Audience Perspective,0.4493622173156057,0.4096564376250834,True Robustness
art_0025,A25,A,Audience Perspective,0.40202586601177853,0.5127918612408272,Fragile
art_0025,A26,A,Emphasis Focus,0.39347231388092035,0.8380920613742495,Fragile
art_0025,A27,A,Emphasis Focus,0.3460390026281987,0.6216811207471648,Fragile
art_0025,A28,A,Emphasis Focus,0.37319609913088025,0.7164943295530354,Fragile
art_0025,A29,A,Tone Register,0.43253802153326215,0.575133422281521,Fragile
art_0025,A30,A,Tone Register,0.3624124682641454,0.44709806537691793,True Robustness
art_0025,A31,A,Tone Register,0.4326265813738462,0.5428285523682455,Fragile
art_0025,A32,A,Tone Register,0.3975959122402682,0.45446964643095394,True Robustness
art_0025,A33,A,Completeness Framing,0.5039878462751707,0.5903435623749166,Fragile
art_0025,A34,A,Completeness Framing,0.49285647033580715,0.5668612408272182,Fragile
art_0025,A35,A,Completeness Framing,0.41812311955505893,0.6538358905937292,Fragile
art_0025,B01,B,Lexical Filter,0.18949524109207447,0.4933622414943296,Consistently Poor
art_0025,B02,B,Lexical Filter,0.5151710989219803,0.4671781187458305,True Robustness
art_0025,B03,B,Lexical Filter,0.4630201756954193,0.4490993995997331,True Robustness
art_0025,B04,B,Theme Isolation,0.15927849309186318,0.8191961307538359,Unreliable
art_0025,B05,B,Theme Isolation,0.32142857142857145,0.6472148098732488,Unreliable
art_0025,B06,B,Theme Isolation,0.31193973172256456,0.7859906604402936,Unreliable
art_0025,B07,B,Theme Isolation,0.3567834016201752,0.5295530353569046,Fragile
art_0025,B08,B,Theme Isolation,0.4088369441174326,0.8308205470313543,Fragile
art_0025,B09,B,Persona / Tone,0.36945684548533925,0.7028352234823216,Fragile
art_0025,B10,B,Persona / Tone,0.3097931378121887,0.24062708472314875,Consistently Poor
art_0025,B11,B,Persona / Tone,0.427328912718665,0.36619412941961305,True Robustness
art_0025,B12,B,Persona / Tone,0.41373020064617905,0.7464142761841228,Fragile
art_0025,B13,B,Persona / Tone,0.39364451742065804,0.6550033355570379,Fragile
art_0025,B14,B,Persona / Tone,0.36904761904761907,0.6461140760507005,Fragile
art_0025,B15,B,Meta-reflection,0.43575148399741875,0.5982655103402268,Fragile
art_0026,A01,A,Direct Command,0.4883884157019633,0.554869913275517,Fragile
art_0026,A02,A,Direct Command,0.39464790084295803,0.545246831220814,Fragile
art_0026,A03,A,Direct Command,0.5668251878685422,0.6506837891927952,Fragile
art_0026,A04,A,Direct Command,0.5420033461241811,0.43243829219479646,True Robustness
art_0026,A05,A,Question Form,0.2730235995517836,0.8214976651100734,Unreliable
art_0026,A06,A,Question Form,0.3285525795417252,0.6522681787858572,Unreliable
art_0026,A07,A,Question Form,0.28415547256116513,0.7189626417611741,Unreliable
art_0026,A08,A,Question Form,0.2486958896603297,0.6873082054703135,Unreliable
art_0026,A09,A,Role Based,0.4192305333498451,0.6376084056037359,Fragile
art_0026,A10,A,Role Based,0.48282440993245007,0.39671447631754503,True Robustness
art_0026,A11,A,Role Based,0.40387834815515405,0.5435456971314209,Fragile
art_0026,A12,A,Role Based,0.415277532612284,0.7610907271514343,Fragile
art_0026,A13,A,Constraint Based,0.36195181420555816,0.42496664442961973,True Robustness
art_0026,A14,A,Constraint Based,0.5211031046454553,0.47748498999332883,True Robustness
art_0026,A15,A,Constraint Based,0.4290576193619658,0.39693128752501666,True Robustness
art_0026,A16,A,Analytical Framing,0.33439596799736915,0.2983488992661774,Consistently Poor
art_0026,A17,A,Analytical Framing,0.2950048416990925,0.6200466977985324,Unreliable
art_0026,A18,A,Analytical Framing,0.44103975607841095,0.5692961974649766,Fragile
art_0026,A19,A,Analytical Framing,0.27380708843918034,0.7569546364242828,Unreliable
art_0026,A20,A,Output Format,0.45534249353739953,0.42741827885256845,True Robustness
art_0026,A21,A,Output Format,0.3453074627452426,0.2984656437625084,Consistently Poor
art_0026,A22,A,Output Format,0.4316195143317734,0.3795530353569046,True Robustness
art_0026,A23,A,Audience Perspective,0.41036484483629465,0.6215143428952634,Fragile
art_0026,A24,A,Audience Perspective,0.5303759608003829,0.6343895930620413,Fragile
art_0026,A25,A,Audience Perspective,0.4490696000004257,0.4200133422281522,True Robustness
art_0026,A26,A,Emphasis Focus,0.25785002553904496,0.6441627751834555,Unreliable
art_0026,A27,A,Emphasis Focus,0.5065725202913638,0.328152101400934,True Robustness
art_0026,A28,A,Emphasis Focus,0.31128607929201313,0.6571714476317544,Unreliable
art_0026,A29,A,Tone Register,0.5733668390247558,0.4023849232821881,True Robustness
art_0026,A30,A,Tone Register,0.42404218790707765,0.5507338225483656,Fragile
art_0026,A31,A,Tone Register,0.49231434240937233,0.3376084056037358,True Robustness
art_0026,A32,A,Tone Register,0.376681963050807,0.34099399599733154,True Robustness
art_0026,A33,A,Completeness Framing,0.36736252131285485,0.620663775850567,Fragile
art_0026,A34,A,Completeness Framing,0.5855411844397033,0.48519012675116746,True Robustness
art_0026,A35,A,Completeness Framing,0.46821427552236455,0.5831387591727819,Fragile
art_0026,B01,B,Lexical Filter,0.13950751163065434,0.7974816544362908,Unreliable
art_0026,B02,B,Lexical Filter,0.5294057660632663,0.4138925950633756,True Robustness
art_0026,B03,B,Lexical Filter,0.47026332274631216,0.44928285523682454,True Robustness
art_0026,B04,B,Theme Isolation,0.4374664635569961,0.45353569046030695,True Robustness
art_0026,B05,B,Theme Isolation,0.2771309028224399,0.49249499666444296,Consistently Poor
art_0026,B06,B,Theme Isolation,0.16062942161052315,0.572898599066044,Unreliable
art_0026,B07,B,Theme Isolation,0.395786377635819,0.5068545697131421,Fragile
art_0026,B08,B,Theme Isolation,0.5786551137765249,0.26587725150100067,True Robustness
art_0026,B09,B,Persona / Tone,0.236902193925171,0.45517011340893926,Consistently Poor
art_0026,B10,B,Persona / Tone,0.3667471651677732,0.3163442294863242,True Robustness
art_0026,B11,B,Persona / Tone,0.534156561449722,0.6120080053368914,Fragile
art_0026,B12,B,Persona / Tone,0.2885594228903453,0.7310040026684456,Unreliable
art_0026,B13,B,Persona / Tone,0.35317932900593235,0.4643595730486991,True Robustness
art_0026,B14,B,Persona / Tone,0.20370370370370372,0.6689959973315543,Unreliable
art_0026,B15,B,Meta-reflection,0.4059668288704145,0.797114743162108,Fragile
art_0027,A01,A,Direct Command,0.37951767568786937,0.38815877251501,True Robustness
art_0027,A02,A,Direct Command,0.38809842616319656,0.7009006004002668,Fragile
art_0027,A03,A,Direct Command,0.38301648075381917,0.4672114743162108,True Robustness
art_0027,A04,A,Direct Command,0.3825898903111617,0.36559372915276855,True Robustness
art_0027,A05,A,Question Form,0.3166194725781679,0.7315376917945298,Unreliable
art_0027,A06,A,Question Form,0.3400793444986145,0.20757171447631753,Consistently Poor
art_0027,A07,A,Question Form,0.3101926022209227,0.7116577718478986,Unreliable
art_0027,A08,A,Question Form,0.2839131436000268,0.6918112074716478,Unreliable
art_0027,A09,A,Role Based,0.2966002806400259,0.4634589726484322,Consistently Poor
art_0027,A10,A,Role Based,0.35557307365039986,0.5200633755837225,Fragile
art_0027,A11,A,Role Based,0.31017779807249707,0.5535857238158772,Unreliable
art_0027,A12,A,Role Based,0.35535028763115406,0.6992828552368244,Fragile
art_0027,A13,A,Constraint Based,0.31308882497251034,0.201184122748499,Consistently Poor
art_0027,A14,A,Constraint Based,0.30253984678226215,0.4383088725817211,Consistently Poor
art_0027,A15,A,Constraint Based,0.37023190036416054,0.5481320880587058,Fragile
art_0027,A16,A,Analytical Framing,0.26453064335510135,0.42149766511007336,Consistently Poor
art_0027,A17,A,Analytical Framing,0.26554624860485393,0.5565376917945297,Unreliable
art_0027,A18,A,Analytical Framing,0.3215494515995185,0.5086390927284856,Unreliable
art_0027,A19,A,Analytical Framing,0.2865384752124858,0.5155603735823883,Unreliable
art_0027,A20,A,Output Format,0.3852294832468033,0.2867911941294196,True Robustness
art_0027,A21,A,Output Format,0.29407237594326335,0.5720313542361574,Unreliable
art_0027,A22,A,Output Format,0.454593937844038,0.32556704469646425,True Robustness
art_0027,A23,A,Audience Perspective,0.33375263928125304,0.5872748498999334,Unreliable
art_0027,A24,A,Audience Perspective,0.3915523799757163,0.5201634422948632,Fragile
art_0027,A25,A,Audience Perspective,0.43235846360524494,0.48942628418945966,True Robustness
art_0027,A26,A,Emphasis Focus,0.27122986130416393,0.4645763842561708,Consistently Poor
art_0027,A27,A,Emphasis Focus,0.3088280564794938,0.44271180787191466,Consistently Poor
art_0027,A28,A,Emphasis Focus,0.22964809970775,0.802368245496998,Unreliable
art_0027,A29,A,Tone Register,0.39225390553474426,0.39566377585056706,True Robustness
art_0027,A30,A,Tone Register,0.3577734927336375,0.40293529019346225,True Robustness
art_0027,A31,A,Tone Register,0.383580908489724,0.29407938625750496,True Robustness
art_0027,A32,A,Tone Register,0.28243330648789805,0.3859906604402935,Consistently Poor
art_0027,A33,A,Completeness Framing,0.33779165086646873,0.6407605070046698,Unreliable
art_0027,A34,A,Completeness Framing,0.3957002790023883,0.5083722481654437,Fragile
art_0027,A35,A,Completeness Framing,0.2910015160838763,0.5367078052034691,Unreliable
art_0027,B01,B,Lexical Filter,0.11180673787991206,0.39743162108072055,Consistently Poor
art_0027,B02,B,Lexical Filter,0.38573678334554035,0.5613575717144763,Fragile
art_0027,B03,B,Lexical Filter,0.3820083811879158,0.4670780520346898,True Robustness
art_0027,B04,B,Theme Isolation,0.12302795875196655,0.914092728485657,Unreliable
art_0027,B05,B,Theme Isolation,0.25148277993624407,0.6952134756504336,Unreliable
art_0027,B06,B,Theme Isolation,0.24434200705339512,0.672481654436291,Unreliable
art_0027,B07,B,Theme Isolation,0.312907828638951,0.5534689793195464,Unreliable
art_0027,B08,B,Theme Isolation,0.3142478136966626,0.4240660440293529,Consistently Poor
art_0027,B09,B,Persona / Tone,0.2500363168219337,0.46377585056704473,Consistently Poor
art_0027,B10,B,Persona / Tone,0.3361090539644162,0.4894429619746497,Consistently Poor
art_0027,B11,B,Persona / Tone,0.36190640181303024,0.2190126751167445,True Robustness
art_0027,B12,B,Persona / Tone,0.2667138136923313,0.6962808539026019,Unreliable
art_0027,B13,B,Persona / Tone,0.25804255716502666,0.4695797198132088,Consistently Poor
art_0027,B14,B,Persona / Tone,0.1875,0.4052201467645097,Consistently Poor
art_0027,B15,B,Meta-reflection,0.28974734898656607,0.5690460306871248,Unreliable
art_0028,A01,A,Direct Command,0.3182811837643385,0.5907938625750501,Unreliable
art_0028,A02,A,Direct Command,0.33016175633917255,0.5433455637091394,Unreliable
art_0028,A03,A,Direct Command,0.33630526835719743,0.4910773849232821,Consistently Poor
art_0028,A04,A,Direct Command,0.29162380434572693,0.38197131420947295,Consistently Poor
art_0028,A05,A,Question Form,0.38275767850379144,0.6502334889926619,Fragile
art_0028,A06,A,Question Form,0.19999999999999998,0.1351734489659773,Consistently Poor
art_0028,A07,A,Question Form,0.3678778477013111,0.5077384923282188,Fragile
art_0028,A08,A,Question Form,0.2947653328378995,0.5423448965977318,Unreliable
art_0028,A09,A,Role Based,0.2946693974857529,0.5631420947298198,Unreliable
art_0028,A10,A,Role Based,0.3107466079372292,0.4922281521014009,Consistently Poor
art_0028,A11,A,Role Based,0.2751073023304343,0.7750166777851901,Unreliable
art_0028,A12,A,Role Based,0.30519237456222376,0.7215643762508339,Unreliable
art_0028,A13,A,Constraint Based,0.328312923014164,0.3921280853902601,Consistently Poor
art_0028,A14,A,Constraint Based,0.3901132538293799,0.22530020013342228,True Robustness
art_0028,A15,A,Constraint Based,0.22019550779368727,0.18767511674449633,Consistently Poor
art_0028,A16,A,Analytical Framing,0.39999999999999997,0.5029186124082722,Fragile
art_0028,A17,A,Analytical Framing,0.31241090583304565,0.5483155436957972,Unreliable
art_0028,A18,A,Analytical Framing,0.29616585603604717,0.48545697131420945,Consistently Poor
art_0028,A19,A,Analytical Framing,0.2771391555666924,0.7413942628418947,Unreliable
art_0028,A20,A,Output Format,0.3103593185544014,0.2359573048699133,Consistently Poor
art_0028,A21,A,Output Format,0.28265217145284016,0.18213809206137427,Consistently Poor
art_0028,A22,A,Output Format,0.30037351648012794,0.3268845897264843,Consistently Poor
art_0028,A23,A,Audience Perspective,0.2584121291836103,0.7421614409606404,Unreliable
art_0028,A24,A,Audience Perspective,0.32957421193520225,0.3555036691127418,Consistently Poor
art_0028,A25,A,Audience Perspective,0.2404150017517774,0.49477985323549034,Consistently Poor
art_0028,A26,A,Emphasis Focus,0.33249715181688466,0.6043862575050034,Unreliable
art_0028,A27,A,Emphasis Focus,0.3042062473172943,0.08108739159439626,Consistently Poor
art_0028,A28,A,Emphasis Focus,0.2747796208946966,0.631187458305537,Unreliable
art_0028,A29,A,Tone Register,0.35578331618259357,0.38859239492995334,True Robustness
art_0028,A30,A,Tone Register,0.2656217016900579,0.5696631087391595,Unreliable
art_0028,A31,A,Tone Register,0.33660623244941235,0.545513675783856,Unreliable
art_0028,A32,A,Tone Register,0.23327802248920004,0.5124082721814543,Unreliable
art_0028,A33,A,Completeness Framing,0.3903158935407798,0.15265176784523016,True Robustness
art_0028,A34,A,Completeness Framing,0.3421597806115945,0.5648265510340227,Unreliable
art_0028,A35,A,Completeness Framing,0.28265459059427184,0.614076050700467,Unreliable
art_0028,B01,B,Lexical Filter,0.11997542955602208,0.40186791194129423,Consistently Poor
art_0028,B02,B,Lexical Filter,0.31380798531075316,0.5373082054703135,Unreliable
art_0028,B03,B,Lexical Filter,0.34789163491999103,0.7025850567044697,Fragile
art_0028,B04,B,Theme Isolation,0.2543902151907484,0.7684956637758507,Unreliable
art_0028,B05,B,Theme Isolation,0.20000000000000004,0.4613075383589059,Consistently Poor
art_0028,B06,B,Theme Isolation,0.2678642094727062,0.7555537024683122,Unreliable
art_0028,B07,B,Theme Isolation,0.30408764369785785,0.5928619079386258,Unreliable
art_0028,B08,B,Theme Isolation,0.2838420925817142,0.7580720480320214,Unreliable
art_0028,B09,B,Persona / Tone,0.26666666666666666,0.2447798532354903,Consistently Poor
art_0028,B10,B,Persona / Tone,0.18266390326122442,0.38383922615076715,Consistently Poor
art_0028,B11,B,Persona / Tone,0.38130739008386927,0.48757505003335555,True Robustness
art_0028,B12,B,Persona / Tone,0.22376578729599714,0.6835890593729154,Unreliable
art_0028,B13,B,Persona / Tone,0.26011773726592463,0.5712474983322214,Unreliable
art_0028,B14,B,Persona / Tone,0.26666666666666666,0.5561374249499667,Unreliable
art_0028,B15,B,Meta-reflection,0.3135445016125838,0.5903435623749166,Unreliable
art_0029,A01,A,Direct Command,0.34140091174497056,0.42621747831887924,Consistently Poor
art_0029,A02,A,Direct Command,0.3675631358741949,0.36526017344896594,True Robustness
art_0029,A03,A,Direct Command,0.4050590663384168,0.3744663108739159,True Robustness
art_0029,A04,A,Direct Command,0.3540306697384669,0.5685290193462308,Fragile
art_0029,A05,A,Question Form,0.3467560659807461,0.7553368912608407,Fragile
art_0029,A06,A,Question Form,0.3407424268766473,0.39237825216811206,Consistently Poor
art_0029,A07,A,Question Form,0.34661047432858205,0.8026684456304203,Fragile
art_0029,A08,A,Question Form,0.24567249312829706,0.6612908605737158,Unreliable
art_0029,A09,A,Role Based,0.31264002955494785,0.4322548365577052,Consistently Poor
art_0029,A10,A,Role Based,0.3588798673441395,0.30897264843228817,True Robustness
art_0029,A11,A,Role Based,0.3412312833257974,0.6484489659773183,Unreliable
art_0029,A12,A,Role Based,0.33329497489075244,0.5458805870580388,Unreliable
art_0029,A13,A,Constraint Based,0.3460244353000934,0.00133422281521014,True Robustness
art_0029,A14,A,Constraint Based,0.3563867979324781,0.46841227484989995,True Robustness
art_0029,A15,A,Constraint Based,0.2684473509971912,0.2875250166777852,Consistently Poor
art_0029,A16,A,Analytical Framing,0.28846153846153844,0.35858905937291524,Consistently Poor
art_0029,A17,A,Analytical Framing,0.264932731548563,0.7106070713809206,Unreliable
art_0029,A18,A,Analytical Framing,0.28355208063163817,0.5921447631754503,Unreliable
art_0029,A19,A,Analytical Framing,0.23878280395785204,0.6383589059372916,Unreliable
art_0029,A20,A,Output Format,0.3495471337093757,0.44472981987991994,True Robustness
art_0029,A21,A,Output Format,0.337059061592206,0.08689126084056038,Consistently Poor
art_0029,A22,A,Output Format,0.35230352657918745,0.5077218145430287,Fragile
art_0029,A23,A,Audience Perspective,0.3029787368021714,0.6172781854569713,Unreliable
art_0029,A24,A,Audience Perspective,0.33934078843165666,0.36377585056704476,Consistently Poor
art_0029,A25,A,Audience Perspective,0.29264476983688575,0.7024349566377585,Unreliable
art_0029,A26,A,Emphasis Focus,0.28880886165186376,0.3133589059372915,Consistently Poor
art_0029,A27,A,Emphasis Focus,0.2983967827824064,0.22376584389593063,Consistently Poor
art_0029,A28,A,Emphasis Focus,0.27480521363516647,0.5820380253502335,Unreliable
art_0029,A29,A,Tone Register,0.38505782454441756,0.4866410940627085,True Robustness
art_0029,A30,A,Tone Register,0.28003003242879343,0.7256837891927951,Unreliable
art_0029,A31,A,Tone Register,0.3229965566514203,0.5778018679119412,Unreliable
art_0029,A32,A,Tone Register,0.3143226588383699,0.5847064709806538,Unreliable
art_0029,A33,A,Completeness Framing,0.3329557985640489,0.3530020013342228,Consistently Poor
art_0029,A34,A,Completeness Framing,0.38599693994873613,0.3283188792528352,True Robustness
art_0029,A35,A,Completeness Framing,0.3455635051314647,0.47806871247498334,Consistently Poor
art_0029,B01,B,Lexical Filter,0.0496254614703596,0.6895597064709807,Unreliable
art_0029,B02,B,Lexical Filter,0.3344006668298673,0.353152101400934,Consistently Poor
art_0029,B03,B,Lexical Filter,0.34185159607575494,0.5694462975316877,Unreliable
art_0029,B04,B,Theme Isolation,0.19449576608932173,0.7635256837891928,Unreliable
art_0029,B05,B,Theme Isolation,0.2223686575411986,0.572631754503002,Unreliable
art_0029,B06,B,Theme Isolation,0.2599430874091549,0.4972148098732489,Consistently Poor
art_0029,B07,B,Theme Isolation,0.2811427321165609,0.45607071380920616,Consistently Poor
art_0029,B08,B,Theme Isolation,0.25699462594004735,0.8048865910607071,Unreliable
art_0029,B09,B,Persona / Tone,0.21794871794871798,0.6305870580386925,Unreliable
art_0029,B10,B,Persona / Tone,0.24930287861766723,0.3435790527018012,Consistently Poor
art_0029,B11,B,Persona / Tone,0.35450024234178734,0.3780520346897932,True Robustness
art_0029,B12,B,Persona / Tone,0.23719733443397742,0.45818879252835226,Consistently Poor
art_0029,B13,B,Persona / Tone,0.23779048682608375,0.48774182788525683,Consistently Poor
art_0029,B14,B,Persona / Tone,0.1987179487179487,0.4926117411607739,Consistently Poor
art_0029,B15,B,Meta-reflection,0.2986514905992991,0.5353902601734489,Unreliable
