article_id,seed_id,pool,dimension,cs_mean,sensitivity,diagnosis
art_0000,A01,A,Direct Command,0.45032973224535966,0.49639759839893255,True Robustness
art_0000,A02,A,Direct Command,0.5392421590021025,0.6889259506337558,Fragile
art_0000,A03,A,Direct Command,0.6032294272803344,0.46072381587725153,True Robustness
art_0000,A04,A,Direct Command,0.5720127777029307,0.4060373582388259,True Robustness
art_0000,A05,A,Question Form,0.3797075652445739,0.5593562374916612,Fragile
art_0000,A06,A,Question Form,0.45607715580039293,0.5445463642428285,Fragile
art_0000,A07,A,Question Form,0.4576749030787211,0.40238492328218806,True Robustness
art_0000,A08,A,Question Form,0.2756053178320424,0.7882588392261508,Unreliable
art_0000,A09,A,Role Based,0.577172845028914,0.418812541694463,True Robustness
art_0000,A10,A,Role Based,0.5272492741226019,0.4188458972648432,True Robustness
art_0000,A11,A,Role Based,0.552520561294678,0.4262008005336891,True Robustness
art_0000,A12,A,Role Based,0.5423544355883049,0.5881087391594396,Fragile
art_0000,A13,A,Constraint Based,0.45681362618238497,0.6864909939959974,Fragile
art_0000,A14,A,Constraint Based,0.5672316109904877,0.25111741160773854,True Robustness
art_0000,A15,A,Constraint Based,0.2979148246873266,0.3555370246831221,Consistently Poor
art_0000,A16,A,Analytical Framing,0.44034583463172355,0.4454302868579053,True Robustness
art_0000,A17,A,Analytical Framing,0.4845737017488155,0.4606737825216811,True Robustness
art_0000,A18,A,Analytical Framing,0.4550348591680329,0.45777184789859904,True Robustness
art_0000,A19,A,Analytical Framing,0.3526494988980584,0.6512841894596398,Unreliable
art_0000,A20,A,Output Format,0.5784073575184896,0.48532354903268843,True Robustness
art_0000,A21,A,Output Format,0.405251729564789,0.8174783188792528,Fragile
art_0000,A22,A,Output Format,0.49484841878979635,0.5844062708472315,Fragile
art_0000,A23,A,Audience Perspective,0.45053295807865196,0.6286024016010674,Fragile
art_0000,A24,A,Audience Perspective,0.5392583158726877,0.5438625750500334,Fragile
art_0000,A25,A,Audience Perspective,0.3672540895163248,0.6479986657771848,Fragile
art_0000,A26,A,Emphasis Focus,0.49302349833007425,0.4100900600400267,True Robustness
art_0000,A27,A,Emphasis Focus,0.5543821383840762,0.3818045363575717,True Robustness
art_0000,A28,A,Emphasis Focus,0.3919292402465661,0.6971480987324883,Fragile
art_0000,A29,A,Tone Register,0.5706262776675898,0.4130587058038692,True Robustness
art_0000,A30,A,Tone Register,0.33775241281359625,0.5744496330887258,Unreliable
art_0000,A31,A,Tone Register,0.5059879570005414,0.5914776517678452,Fragile
art_0000,A32,A,Tone Register,0.4260784149265442,0.6235823882588392,Fragile
art_0000,A33,A,Completeness Framing,0.4778180228402982,0.8129753168779187,Fragile
art_0000,A34,A,Completeness Framing,0.5735851109792026,0.27154769846564375,True Robustness
art_0000,A35,A,Completeness Framing,0.5743382731691385,0.5052701801200801,Fragile
art_0000,B01,B,Lexical Filter,0.5890195263692967,0.41042361574382924,True Robustness
art_0000,B02,B,Lexical Filter,0.49140141312128466,0.6278185456971315,Fragile
art_0000,B03,B,Lexical Filter,0.5035115959457098,0.5739326217478319,Fragile
art_0000,B04,B,Theme Isolation,0.48357050951856834,0.5461807871914609,Fragile
art_0000,B05,B,Theme Isolation,0.5070995937268704,0.5020180120080053,Fragile
art_0000,B06,B,Theme Isolation,0.3990640269878965,0.8641927951967978,Fragile
art_0000,B07,B,Theme Isolation,0.5029503837084541,0.5291027351567712,Fragile
art_0000,B08,B,Theme Isolation,0.5016465771656771,0.5769179452968646,Fragile
art_0000,B09,B,Persona / Tone,0.3730457899136803,0.30535356904603067,True Robustness
art_0000,B10,B,Persona / Tone,0.22432533794870746,0.607755170113409,Unreliable
art_0000,B11,B,Persona / Tone,0.5989102251254595,0.29404603068712476,True Robustness
art_0000,B12,B,Persona / Tone,0.24167616562201424,0.6903102068045363,Unreliable
art_0000,B13,B,Persona / Tone,0.4717945136750738,0.2924783188792528,True Robustness
art_0000,B14,B,Persona / Tone,0.3012820512820513,0.6183789192795196,Unreliable
art_0000,B15,B,Meta-reflection,0.2982557850579421,0.5540693795863909,Unreliable
art_0001,A01,A,Direct Command,0.28145563654187655,0.3766677785190127,Consistently Poor
art_0001,A02,A,Direct Command,0.21296296296296294,0.5094563042028019,Unreliable
art_0001,A03,A,Direct Command,0.23351584216234864,0.510657104736491,Unreliable
art_0001,A04,A,Direct Command,0.21160072883315106,0.5936457638425617,Unreliable
art_0001,A05,A,Question Form,0.18132583115948364,0.39231154102735155,Consistently Poor
art_0001,A06,A,Question Form,0.22222222222222224,0.4557038025350233,Consistently Poor
art_0001,A07,A,Question Form,0.18239791310150866,0.6755503669112741,Unreliable
art_0001,A08,A,Question Form,0.16925190047671398,0.3979152768512342,Consistently Poor
art_0001,A09,A,Role Based,0.27452845264364173,0.5965143428952635,Unreliable
art_0001,A10,A,Role Based,0.2037037037037037,0.17363242161440962,Consistently Poor
art_0001,A11,A,Role Based,0.2259505828109535,0.6253168779186126,Unreliable
art_0001,A12,A,Role Based,0.236428927362862,0.4031687791861241,Consistently Poor
art_0001,A13,A,Constraint Based,0.24739825601379076,0.31649432955303536,Consistently Poor
art_0001,A14,A,Constraint Based,0.2130601119370786,0.13197131420947297,Consistently Poor
art_0001,A15,A,Constraint Based,0.2324332822506592,0.3487324883255503,Consistently Poor
art_0001,A16,A,Analytical Framing,0.24074074074074078,0.6271347565043361,Unreliable
art_0001,A17,A,Analytical Framing,0.23148148148148148,0.5735823882588392,Unreliable
art_0001,A18,A,Analytical Framing,0.2415460677110349,0.4200466977985324,Consistently Poor
art_0001,A19,A,Analytical Framing,0.21296296296296294,0.15588725817211474,Consistently Poor
art_0001,A20,A,Output Format,0.19837081090857586,0.6264843228819212,Unreliable
art_0001,A21,A,Output Format,0.31566228641679994,0.34866577718478986,Consistently Poor
art_0001,A22,A,Output Format,0.21787768257436932,0.4208305537024683,Consistently Poor
art_0001,A23,A,Audience Perspective,0.20697842759114723,0.5700133422281521,Unreliable
art_0001,A24,A,Audience Perspective,0.2744715626317042,0.5309873248832555,Unreliable
art_0001,A25,A,Audience Perspective,0.2174432638135773,0.605386924616411,Unreliable
art_0001,A26,A,Emphasis Focus,0.28703703703703703,0.49609739826551036,Consistently Poor
art_0001,A27,A,Emphasis Focus,0.3811847488740803,0.3005170113408939,True Robustness
art_0001,A28,A,Emphasis Focus,0.21235670183819755,0.6158438959306205,Unreliable
art_0001,A29,A,Tone Register,0.2317869081679318,0.44611407605070047,Consistently Poor
art_0001,A30,A,Tone Register,0.23443450442411837,0.5902768512341561,Unreliable
art_0001,A31,A,Tone Register,0.2407407407407407,0.6296531020680455,Unreliable
art_0001,A32,A,Tone Register,0.27057801169791706,0.5200466977985324,Unreliable
art_0001,A33,A,Completeness Framing,0.1923740031197667,0.6336057371581054,Unreliable
art_0001,A34,A,Completeness Framing,0.2501442960842892,0.43455637091394267,Consistently Poor
art_0001,A35,A,Completeness Framing,0.23429194439409504,0.28407271514342897,Consistently Poor
art_0001,B01,B,Lexical Filter,0.22637826162907815,0.2575216811207472,Consistently Poor
art_0001,B02,B,Lexical Filter,0.2758456283697375,0.2769346230820547,Consistently Poor
art_0001,B03,B,Lexical Filter,0.21089049113086525,0.5124583055370248,Unreliable
art_0001,B04,B,Theme Isolation,0.20370370370370372,0.6406270847231488,Unreliable
art_0001,B05,B,Theme Isolation,0.20370370370370372,0.7020847231487658,Unreliable
art_0001,B06,B,Theme Isolation,0.21543642114502962,0.3773348899266178,Consistently Poor
art_0001,B07,B,Theme Isolation,0.21305263666781013,0.5479986657771847,Unreliable
art_0001,B08,B,Theme Isolation,0.26632532399768627,0.7082388258839227,Unreliable
art_0001,B09,B,Persona / Tone,0.21296296296296294,0.20742161440960638,Consistently Poor
art_0001,B10,B,Persona / Tone,0.15779606213241262,0.5047865243495664,Unreliable
art_0001,B11,B,Persona / Tone,0.2529126150119636,0.6060373582388259,Unreliable
art_0001,B12,B,Persona / Tone,0.2827126517271002,0.546714476317545,Unreliable
art_0001,B13,B,Persona / Tone,0.19444444444444442,0.4435957304869913,Consistently Poor
art_0001,B14,B,Persona / Tone,0.20370370370370372,0.497098065376918,Consistently Poor
art_0001,B15,B,Meta-reflection,0.22175075082675363,0.3344229486324216,Consistently Poor
art_0002,A01,A,Direct Command,0.503333067850155,0.012341561040693796,True Robustness
art_0002,A02,A,Direct Command,0.42736974144902296,0.6449799866577719,Fragile
art_0002,A03,A,Direct Command,0.4739257448590269,0.34604736490994004,True Robustness
art_0002,A04,A,Direct Command,0.47291530296206474,0.7061207471647766,Fragile
art_0002,A05,A,Question Form,0.27637581372012693,0.6228318879252835,Unreliable
art_0002,A06,A,Question Form,0.40196078431372545,0.45278519012675117,True Robustness
art_0002,A07,A,Question Form,0.16934197211601573,0.766827885256838,Unreliable
art_0002,A08,A,Question Form,0.20785093661534657,0.7273182121414276,Unreliable
art_0002,A09,A,Role Based,0.5427923470954684,0.5425450300200133,Fragile
art_0002,A10,A,Role Based,0.39830374887998343,0.2810206804536357,True Robustness
art_0002,A11,A,Role Based,0.47404297298350023,0.6346731154102735,Fragile
art_0002,A12,A,Role Based,0.4730048867252965,0.6986157438292194,Fragile
art_0002,A13,A,Constraint Based,0.140549376246282,0.26127418278852566,Consistently Poor
art_0002,A14,A,Constraint Based,0.4466028508054567,0.2886591060707138,True Robustness
art_0002,A15,A,Constraint Based,0.3866220150581177,0.8527685123415611,Fragile
art_0002,A16,A,Analytical Framing,0.37745098039215685,0.570913942628419,Fragile
art_0002,A17,A,Analytical Framing,0.35294117647058826,0.6848899266177452,Unreliable
art_0002,A18,A,Analytical Framing,0.4164327712291303,0.4486991327551701,True Robustness
art_0002,A19,A,Analytical Framing,0.14215686274509806,0.8155270180120081,Unreliable
art_0002,A20,A,Output Format,0.47432939781277783,0.44209472981987996,True Robustness
art_0002,A21,A,Output Format,0.5319050130087372,0.18937625083388926,True Robustness
art_0002,A22,A,Output Format,0.4536612438878007,0.4171947965310207,True Robustness
art_0002,A23,A,Audience Perspective,0.3616423947444441,0.6860073382254837,Fragile
art_0002,A24,A,Audience Perspective,0.5129558655122916,0.526184122748499,Fragile
art_0002,A25,A,Audience Perspective,0.41416624293368137,0.761574382921948,Fragile
art_0002,A26,A,Emphasis Focus,0.3981912702541141,0.3929286190793862,True Robustness
art_0002,A27,A,Emphasis Focus,0.44462354428005885,0.5891761174116077,Fragile
art_0002,A28,A,Emphasis Focus,0.2608100523551305,0.8315210140093396,Unreliable
art_0002,A29,A,Tone Register,0.4943073934638033,0.5410273515677118,Fragile
art_0002,A30,A,Tone Register,0.44468839016432554,0.5339559706470981,Fragile
art_0002,A31,A,Tone Register,0.46539719882832076,0.4006504336224149,True Robustness
art_0002,A32,A,Tone Register,0.48274413742782435,0.5570547031354236,Fragile
art_0002,A33,A,Completeness Framing,0.3030582287294023,0.8408272181454303,Unreliable
art_0002,A34,A,Completeness Framing,0.4806345117588837,0.48475650433622414,True Robustness
art_0002,A35,A,Completeness Framing,0.4670388036973628,0.5226817878585723,Fragile
art_0002,B01,B,Lexical Filter,0.47784716792989007,0.44009339559706473,True Robustness
art_0002,B02,B,Lexical Filter,0.5230448767542838,0.28420613742495,True Robustness
art_0002,B03,B,Lexical Filter,0.32032168820938645,0.5238492328218812,Unreliable
art_0002,B04,B,Theme Isolation,0.3716523895113199,0.892244829886591,Fragile
art_0002,B05,B,Theme Isolation,0.34327019095493877,0.7432288192128086,Unreliable
art_0002,B06,B,Theme Isolation,0.11274509803921569,0.5782354903268846,Unreliable
art_0002,B07,B,Theme Isolation,0.42962610707892207,0.5924449633088725,Fragile
art_0002,B08,B,Theme Isolation,0.3548510379395356,0.7172114743162107,Unreliable
art_0002,B09,B,Persona / Tone,0.13725490196078433,0.28664109406270843,Consistently Poor
art_0002,B10,B,Persona / Tone,0.3805971559155367,0.7371747831887925,Fragile
art_0002,B11,B,Persona / Tone,0.4556777176319384,0.3633088725817211,True Robustness
art_0002,B12,B,Persona / Tone,0.41705682772923913,0.8003335557038025,Fragile
art_0002,B13,B,Persona / Tone,0.377741090222901,0.6203302201467646,Fragile
art_0002,B14,B,Persona / Tone,0.2156862745098039,0.5972981987991995,Unreliable
art_0002,B15,B,Meta-reflection,0.3994689237910743,0.48660773849232825,True Robustness
art_0003,A01,A,Direct Command,0.5034014021356901,0.07121414276184124,True Robustness
art_0003,A02,A,Direct Command,0.5138361035535733,0.6224316210807206,Fragile
art_0003,A03,A,Direct Command,0.5105372885862987,0.43939292861907936,True Robustness
art_0003,A04,A,Direct Command,0.5714372915526231,0.6333222148098732,Fragile
art_0003,A05,A,Question Form,0.4091408384342989,0.4296197464976651,True Robustness
art_0003,A06,A,Question Form,0.4650521520525217,0.7275517011340894,Fragile
art_0003,A07,A,Question Form,0.44976317336161936,0.747214809873249,Fragile
art_0003,A08,A,Question Form,0.2859378257145484,0.7141094062708473,Unreliable
art_0003,A09,A,Role Based,0.4816860099633535,0.27586724482988656,True Robustness
art_0003,A10,A,Role Based,0.5100677716856201,0.48899266177451634,True Robustness
art_0003,A11,A,Role Based,0.4363635259370009,0.5181787858572382,Fragile
art_0003,A12,A,Role Based,0.5254853119452795,0.5585390260173448,Fragile
art_0003,A13,A,Constraint Based,0.35439943969249726,0.09236157438292195,Consistently Poor
art_0003,A14,A,Constraint Based,0.46139862711230917,0.5964643095396931,Fragile
art_0003,A15,A,Constraint Based,0.5076230602959791,0.6715476984656439,Fragile
art_0003,A16,A,Analytical Framing,0.3968718438571765,0.7404102735156772,Fragile
art_0003,A17,A,Analytical Framing,0.3114267852312575,0.5972648432288192,Unreliable
art_0003,A18,A,Analytical Framing,0.5563926255330444,0.4903102068045364,True Robustness
art_0003,A19,A,Analytical Framing,0.2488385790338119,0.9511174116077384,Unreliable
art_0003,A20,A,Output Format,0.4809287051359812,0.5194462975316878,Fragile
art_0003,A21,A,Output Format,0.44725458994507794,0.541577718478986,Fragile
art_0003,A22,A,Output Format,0.48381135960419974,0.4651601067378252,True Robustness
art_0003,A23,A,Audience Perspective,0.45485211482543186,0.4644262841894596,True Robustness
art_0003,A24,A,Audience Perspective,0.4906051014860471,0.3053035356904603,True Robustness
art_0003,A25,A,Audience Perspective,0.42070133096228046,0.8197464976651101,Fragile
art_0003,A26,A,Emphasis Focus,0.46883176180223624,0.33805870580386926,True Robustness
art_0003,A27,A,Emphasis Focus,0.5190567550559838,0.4681454302868579,True Robustness
art_0003,A28,A,Emphasis Focus,0.3671719942086687,0.8264676450967312,Fragile
art_0003,A29,A,Tone Register,0.5631201354165872,0.6004503002001333,Fragile
art_0003,A30,A,Tone Register,0.4110438466072082,0.530787191460974,Fragile
art_0003,A31,A,Tone Register,0.44325184027353925,0.7146597731821214,Fragile
art_0003,A32,A,Tone Register,0.36772259697318077,0.7705637091394263,Fragile
art_0003,A33,A,Completeness Framing,0.3907241346935431,0.6768012008005336,Fragile
art_0003,A34,A,Completeness Framing,0.580624970793724,0.5336557705136759,Fragile
art_0003,A35,A,Completeness Framing,0.5412665162235499,0.46382588392261515,True Robustness
art_0003,B01,B,Lexical Filter,0.5026603062947591,0.6184789859906604,Fragile
art_0003,B02,B,Lexical Filter,0.5749553062021733,0.42896931287525014,True Robustness
art_0003,B03,B,Lexical Filter,0.3637088531007369,0.5572548365577051,Fragile
art_0003,B04,B,Theme Isolation,0.3296617257719239,0.8943629086057372,Unreliable
art_0003,B05,B,Theme Isolation,0.419687031644086,0.629736490993996,Fragile
art_0003,B06,B,Theme Isolation,0.288813470552365,0.6045863909272848,Unreliable
art_0003,B07,B,Theme Isolation,0.4417791138247898,0.7873915943962642,Fragile
art_0003,B08,B,Theme Isolation,0.373052787532409,0.7153102068045364,Fragile
art_0003,B09,B,Persona / Tone,0.2333333333333333,0.47411607738492334,Consistently Poor
art_0003,B10,B,Persona / Tone,0.45113852986445035,0.4698298865910607,True Robustness
art_0003,B11,B,Persona / Tone,0.5020561203360557,0.6191127418278852,Fragile
art_0003,B12,B,Persona / Tone,0.35327127486467363,0.5679619746497664,Unreliable
art_0003,B13,B,Persona / Tone,0.4647355068475008,0.6291527685123415,Fragile
art_0003,B14,B,Persona / Tone,0.34166666666666673,0.5895763842561708,Unreliable
art_0003,B15,B,Meta-reflection,0.26484875989456974,0.3990993995997331,Consistently Poor
art_0004,A01,A,Direct Command,0.2969642979785418,0.06981320880587058,Consistently Poor
art_0004,A02,A,Direct Command,0.3390431326264755,0.5232321547698465,Unreliable
art_0004,A03,A,Direct Command,0.38707941512648886,0.42876917945296866,True Robustness
art_0004,A04,A,Direct Command,0.3598365888286095,0.5765010006671115,Fragile
art_0004,A05,A,Question Form,0.25436069224125296,0.3751501000667111,Consistently Poor
art_0004,A06,A,Question Form,0.27865417829404276,0.4885923949299533,Consistently Poor
art_0004,A07,A,Question Form,0.1628600748208089,0.5584556370913942,Unreliable
art_0004,A08,A,Question Form,0.1099823441547461,0.8782021347565042,Unreliable
art_0004,A09,A,Role Based,0.31299620852447474,0.6102401601067379,Unreliable
art_0004,A10,A,Role Based,0.3720202890153115,0.21824549699799867,True Robustness
art_0004,A11,A,Role Based,0.2534373298545595,0.4492828552368245,Consistently Poor
art_0004,A12,A,Role Based,0.28746944599044627,0.41604402935290197,Consistently Poor
art_0004,A13,A,Constraint Based,0.18151362020617878,0.3419446297531688,Consistently Poor
art_0004,A14,A,Constraint Based,0.24803413128337035,0.45957304869913274,Consistently Poor
art_0004,A15,A,Constraint Based,0.3193975963558142,0.530670446964643,Unreliable
art_0004,A16,A,Analytical Framing,0.2644722377045605,0.4637258172114743,Consistently Poor
art_0004,A17,A,Analytical Framing,0.18440003141474268,0.7632588392261508,Unreliable
art_0004,A18,A,Analytical Framing,0.30707544678201276,0.509739826551034,Unreliable
art_0004,A19,A,Analytical Framing,0.16680504949405217,0.7274516344229486,Unreliable
art_0004,A20,A,Output Format,0.32065878369105166,0.5679119412941962,Unreliable
art_0004,A21,A,Output Format,0.3463118299841881,0.5410607071380921,Unreliable
art_0004,A22,A,Output Format,0.30387225632484144,0.4505336891260841,Consistently Poor
art_0004,A23,A,Audience Perspective,0.27990511014388925,0.7819379586390928,Unreliable
art_0004,A24,A,Audience Perspective,0.3131317113263485,0.44761507671781187,Consistently Poor
art_0004,A25,A,Audience Perspective,0.4170897612586999,0.3179619746497665,True Robustness
art_0004,A26,A,Emphasis Focus,0.35798890224825114,0.5457471647765176,Unreliable
art_0004,A27,A,Emphasis Focus,0.3434359554487925,0.3869412941961307,Consistently Poor
art_0004,A28,A,Emphasis Focus,0.13478387500613165,0.8602401601067379,Unreliable
art_0004,A29,A,Tone Register,0.3747384186165455,0.43630753835890596,True Robustness
art_0004,A30,A,Tone Register,0.3319823238043449,0.5025850567044696,Unreliable
art_0004,A31,A,Tone Register,0.3064940610948282,0.44322881921280854,Consistently Poor
art_0004,A32,A,Tone Register,0.29259822192864543,0.6399599733155437,Unreliable
art_0004,A33,A,Completeness Framing,0.18330098335177472,0.5647598398932622,Unreliable
art_0004,A34,A,Completeness Framing,0.3987541791911308,0.4019012675116744,True Robustness
art_0004,A35,A,Completeness Framing,0.36419297145822876,0.5701300867244831,Fragile
art_0004,B01,B,Lexical Filter,0.33672902895471984,0.5330386924616409,Unreliable
art_0004,B02,B,Lexical Filter,0.40577953041363984,0.3275183455637091,True Robustness
art_0004,B03,B,Lexical Filter,0.07961315701667888,0.50131754503002,Unreliable
art_0004,B04,B,Theme Isolation,0.12283246403034681,0.9519513008672449,Unreliable
art_0004,B05,B,Theme Isolation,0.1882365905987218,0.6539859906604404,Unreliable
art_0004,B06,B,Theme Isolation,0.16068969933220592,0.81972981987992,Unreliable
art_0004,B07,B,Theme Isolation,0.34361114651442337,0.7657605070046698,Unreliable
art_0004,B08,B,Theme Isolation,0.22998011507428226,0.7282521681120747,Unreliable
art_0004,B09,B,Persona / Tone,0.07692307692307693,0.3527685123415611,Consistently Poor
art_0004,B10,B,Persona / Tone,0.227343417202624,0.47149766511007346,Consistently Poor
art_0004,B11,B,Persona / Tone,0.3451371242602666,0.5579553035356905,Unreliable
art_0004,B12,B,Persona / Tone,0.19575607733657727,0.6680953969312875,Unreliable
art_0004,B13,B,Persona / Tone,0.23620773719635627,0.43782521681120745,Consistently Poor
art_0004,B14,B,Persona / Tone,0.1346153846153846,0.562241494329553,Unreliable
art_0004,B15,B,Meta-reflection,0.19045527637577975,0.36984656437625074,Consistently Poor
art_0005,A01,A,Direct Command,0.4227555034061273,0.11415943962641761,True Robustness
art_0005,A02,A,Direct Command,0.4401127656197383,0.33597398265510336,True Robustness
art_0005,A03,A,Direct Command,0.45420024895833594,0.46779519679786524,True Robustness
art_0005,A04,A,Direct Command,0.4883947446942329,0.3241327551701134,True Robustness
art_0005,A05,A,Question Form,0.46981250918987727,0.41969646430953966,True Robustness
art_0005,A06,A,Question Form,0.4444444444444444,0.3997498332221481,True Robustness
art_0005,A07,A,Question Form,0.35525436127661836,0.6956470980653768,Unreliable
art_0005,A08,A,Question Form,0.46760374687922496,0.37871914609739826,True Robustness
art_0005,A09,A,Role Based,0.5213553806145986,0.319079386257505,True Robustness
art_0005,A10,A,Role Based,0.43177208076748586,0.27760173448965975,True Robustness
art_0005,A11,A,Role Based,0.501970114496847,0.4170446964643096,True Robustness
art_0005,A12,A,Role Based,0.4574557551079326,0.3243162108072048,True Robustness
art_0005,A13,A,Constraint Based,0.3414793074544933,0.46307538358905936,Consistently Poor
art_0005,A14,A,Constraint Based,0.5179335353119919,0.17896931287525017,True Robustness
art_0005,A15,A,Constraint Based,0.4799055558525854,0.3795196797865244,True Robustness
art_0005,A16,A,Analytical Framing,0.5,0.38368912608405603,True Robustness
art_0005,A17,A,Analytical Framing,0.3611111111111111,0.647648432288192,Fragile
art_0005,A18,A,Analytical Framing,0.3888888888888889,0.2800533689126084,True Robustness
art_0005,A19,A,Analytical Framing,0.43970718876355225,0.3659606404269513,True Robustness
art_0005,A20,A,Output Format,0.4547455906867981,0.4476817878585724,True Robustness
art_0005,A21,A,Output Format,0.2507546193276842,0.536440960640427,Unreliable
art_0005,A22,A,Output Format,0.36607380159613157,0.6057705136757838,Fragile
art_0005,A23,A,Audience Perspective,0.5114715248346329,0.2801200800533689,True Robustness
art_0005,A24,A,Audience Perspective,0.422752412656943,0.24584723148765844,True Robustness
art_0005,A25,A,Audience Perspective,0.5347024312035905,0.3621247498332222,True Robustness
art_0005,A26,A,Emphasis Focus,0.5199555343327423,0.42179786524349566,True Robustness
art_0005,A27,A,Emphasis Focus,0.4861672044886897,0.5142928619079387,Fragile
art_0005,A28,A,Emphasis Focus,0.45619046450075174,0.505920613742495,Fragile
art_0005,A29,A,Tone Register,0.4549103989007159,0.5303035356904603,Fragile
art_0005,A30,A,Tone Register,0.46978328552035636,0.3362741827885257,True Robustness
art_0005,A31,A,Tone Register,0.47975119379245573,0.5758505670446964,Fragile
art_0005,A32,A,Tone Register,0.5513230273500085,0.36644429619746494,True Robustness
art_0005,A33,A,Completeness Framing,0.37605913330076474,0.5399266177451634,Fragile
art_0005,A34,A,Completeness Framing,0.44148076822360355,0.3787358238825884,True Robustness
art_0005,A35,A,Completeness Framing,0.4451658361099868,0.1531354236157438,True Robustness
art_0005,B01,B,Lexical Filter,0.49830273264605135,0.3356904603068713,True Robustness
art_0005,B02,B,Lexical Filter,0.42673914051718187,0.30431954636424285,True Robustness
art_0005,B03,B,Lexical Filter,0.4715497432043776,0.36561040693795865,True Robustness
art_0005,B04,B,Theme Isolation,0.43532462464645505,0.6349066044029352,Fragile
art_0005,B05,B,Theme Isolation,0.38888888888888884,0.5002334889926618,Fragile
art_0005,B06,B,Theme Isolation,0.26642791745770306,0.45335223482321546,Consistently Poor
art_0005,B07,B,Theme Isolation,0.4382517202110547,0.4355737158105404,True Robustness
art_0005,B08,B,Theme Isolation,0.4770648968923423,0.4563042028018679,True Robustness
art_0005,B09,B,Persona / Tone,0.4583333333333333,0.5081887925283523,Fragile
art_0005,B10,B,Persona / Tone,0.48128382866788244,0.29678118745830556,True Robustness
art_0005,B11,B,Persona / Tone,0.46710387617349625,0.3082221480987325,True Robustness
art_0005,B12,B,Persona / Tone,0.45003884807229044,0.6372081387591727,Fragile
art_0005,B13,B,Persona / Tone,0.4453048353186912,0.39446297531687796,True Robustness
art_0005,B14,B,Persona / Tone,0.3888888888888889,0.4339226150767178,True Robustness
art_0005,B15,B,Meta-reflection,0.4197624842506937,0.31979653102068045,True Robustness
art_0006,A01,A,Direct Command,0.1569485705279346,0.3838392261507671,Consistently Poor
art_0006,A02,A,Direct Command,0.32363844017076887,0.4407104736490994,Consistently Poor
art_0006,A03,A,Direct Command,0.29590743973052924,0.5020180120080053,Unreliable
art_0006,A04,A,Direct Command,0.3112374018722524,0.5470146764509674,Unreliable
art_0006,A05,A,Question Form,0.1920432584038714,0.3990993995997331,Consistently Poor
art_0006,A06,A,Question Form,0.2916666666666667,0.41402601734489664,Consistently Poor
art_0006,A07,A,Question Form,0.18334706122931535,0.433822548365577,Consistently Poor
art_0006,A08,A,Question Form,0.21877172469560588,0.38605737158105397,Consistently Poor
art_0006,A09,A,Role Based,0.23429538775235412,0.5587224816544363,Unreliable
art_0006,A10,A,Role Based,0.2698737565827157,0.48729152768512346,Consistently Poor
art_0006,A11,A,Role Based,0.2833093319176918,0.4429619746497665,Consistently Poor
art_0006,A12,A,Role Based,0.31853993780290085,0.49091060707138084,Consistently Poor
art_0006,A13,A,Constraint Based,0.11068036285273375,0.2917778519012675,Consistently Poor
art_0006,A14,A,Constraint Based,0.1881933387845666,0.39528018679119414,Consistently Poor
art_0006,A15,A,Constraint Based,0.2952956624628444,0.6578719146097398,Unreliable
art_0006,A16,A,Analytical Framing,0.3452380952380953,0.3818712474983322,Consistently Poor
art_0006,A17,A,Analytical Framing,0.2687066151383555,0.2888592394929953,Consistently Poor
art_0006,A18,A,Analytical Framing,0.3095238095238095,0.2534523015343562,Consistently Poor
art_0006,A19,A,Analytical Framing,0.1726190476190476,0.3592228152101401,Consistently Poor
art_0006,A20,A,Output Format,0.25076540160392014,0.5097231487658439,Unreliable
art_0006,A21,A,Output Format,0.12473459062831742,0.3934623082054703,Consistently Poor
art_0006,A22,A,Output Format,0.33173124399036164,0.5185957304869914,Unreliable
art_0006,A23,A,Audience Perspective,0.32329985894085395,0.6731487658438959,Unreliable
art_0006,A24,A,Audience Perspective,0.22738991454787624,0.719479653102068,Unreliable
art_0006,A25,A,Audience Perspective,0.25610110831136507,0.6186124082721814,Unreliable
art_0006,A26,A,Emphasis Focus,0.28965408904921447,0.48243829219479656,Consistently Poor
art_0006,A27,A,Emphasis Focus,0.30952380952380953,0.36232488325550366,Consistently Poor
art_0006,A28,A,Emphasis Focus,0.19047619047619047,0.40303535690460307,Consistently Poor
art_0006,A29,A,Tone Register,0.20110880849616866,0.544212808539026,Unreliable
art_0006,A30,A,Tone Register,0.22846594518965246,0.41929619746497665,Consistently Poor
art_0006,A31,A,Tone Register,0.31067461718062295,0.5909939959973314,Unreliable
art_0006,A32,A,Tone Register,0.2119240654712831,0.45246831220813877,Consistently Poor
art_0006,A33,A,Completeness Framing,0.17404863455643257,0.6185123415610407,Unreliable
art_0006,A34,A,Completeness Framing,0.3371345961821221,0.555803869246164,Unreliable
art_0006,A35,A,Completeness Framing,0.2823305105834844,0.3372748498999333,Consistently Poor
art_0006,B01,B,Lexical Filter,0.38509612687907757,0.3070213475650434,True Robustness
art_0006,B02,B,Lexical Filter,0.2664610596728467,0.46370913942628417,Consistently Poor
art_0006,B03,B,Lexical Filter,0.16666666666666666,0.4112241494329553,Consistently Poor
art_0006,B04,B,Theme Isolation,0.17870671903697907,0.5811707805203469,Unreliable
art_0006,B05,B,Theme Isolation,0.22619047619047616,0.4381754503002001,Consistently Poor
art_0006,B06,B,Theme Isolation,0.11904761904761903,0.4799199466310874,Consistently Poor
art_0006,B07,B,Theme Isolation,0.26785714285714285,0.4339392928619079,Consistently Poor
art_0006,B08,B,Theme Isolation,0.24693346942131897,0.5017678452301535,Unreliable
art_0006,B09,B,Persona / Tone,0.1726190476190476,0.3556871247498332,Consistently Poor
art_0006,B10,B,Persona / Tone,0.29287815932184463,0.4656937958639093,Consistently Poor
art_0006,B11,B,Persona / Tone,0.37302888464182615,0.49174449633088724,True Robustness
art_0006,B12,B,Persona / Tone,0.27253834222044265,0.5384923282188125,Unreliable
art_0006,B13,B,Persona / Tone,0.19826009876227804,0.41155770513675777,Consistently Poor
art_0006,B14,B,Persona / Tone,0.2261904761904762,0.48937625083388925,Consistently Poor
art_0006,B15,B,Meta-reflection,0.16295860059160205,0.36382588392261506,Consistently Poor
art_0007,A01,A,Direct Command,0.6221161677881523,0.26589392928619077,True Robustness
art_0007,A02,A,Direct Command,0.5120817584641002,0.42666777851901266,True Robustness
art_0007,A03,A,Direct Command,0.6111449287445456,0.4780853902601734,True Robustness
art_0007,A04,A,Direct Command,0.5205704764359526,0.6216644429619747,Fragile
art_0007,A05,A,Question Form,0.5259360090174057,0.4063042028018679,True Robustness
art_0007,A06,A,Question Form,0.4046320837267019,0.6431454302868579,Fragile
art_0007,A07,A,Question Form,0.3302122070281594,0.9215310206804537,Unreliable
art_0007,A08,A,Question Form,0.3889236457438932,0.2271180787191461,True Robustness
art_0007,A09,A,Role Based,0.5462177492402218,0.6380420280186792,Fragile
art_0007,A10,A,Role Based,0.5097292580262378,0.33477318212141427,True Robustness
art_0007,A11,A,Role Based,0.4853904821254589,0.6079386257505004,Fragile
art_0007,A12,A,Role Based,0.5477664514134327,0.5600400266844564,Fragile
art_0007,A13,A,Constraint Based,0.4477963050206502,0.4188458972648432,True Robustness
art_0007,A14,A,Constraint Based,0.524518797657004,0.26841227484989993,True Robustness
art_0007,A15,A,Constraint Based,0.5185493036276764,0.5982154769846564,Fragile
art_0007,A16,A,Analytical Framing,0.4826111584487888,0.3222481654436291,True Robustness
art_0007,A17,A,Analytical Framing,0.38008732755702956,0.5283855903935957,Fragile
art_0007,A18,A,Analytical Framing,0.41744468242136973,0.36844563042028017,True Robustness
art_0007,A19,A,Analytical Framing,0.33906791862790236,0.4976651100733823,Consistently Poor
art_0007,A20,A,Output Format,0.5804369929764005,0.4404769846564377,True Robustness
art_0007,A21,A,Output Format,0.5741093892742085,0.5087891927951967,Fragile
art_0007,A22,A,Output Format,0.5595963448286057,0.6377084723148765,Fragile
art_0007,A23,A,Audience Perspective,0.47634676942187876,0.5776017344896598,Fragile
art_0007,A24,A,Audience Perspective,0.6171764930089315,0.4038025350233489,True Robustness
art_0007,A25,A,Audience Perspective,0.5294242441930153,0.4212975316877919,True Robustness
art_0007,A26,A,Emphasis Focus,0.468584507220873,0.5478318879252835,Fragile
art_0007,A27,A,Emphasis Focus,0.48511687231560546,0.6094396264176118,Fragile
art_0007,A28,A,Emphasis Focus,0.3126374244413994,0.4983322214809874,Consistently Poor
art_0007,A29,A,Tone Register,0.498166088980657,0.6847398265510342,Fragile
art_0007,A30,A,Tone Register,0.5032467050132928,0.338425617078052,True Robustness
art_0007,A31,A,Tone Register,0.43180939793172807,0.6406104069379586,Fragile
art_0007,A32,A,Tone Register,0.5028054595545486,0.4915943962641761,True Robustness
art_0007,A33,A,Completeness Framing,0.45714985565454874,0.4941294196130754,True Robustness
art_0007,A34,A,Completeness Framing,0.5354179653028647,0.6412941961307538,Fragile
art_0007,A35,A,Completeness Framing,0.5051372692816787,0.4241160773849233,True Robustness
art_0007,B01,B,Lexical Filter,0.39398575063656877,0.7778519012675118,Fragile
art_0007,B02,B,Lexical Filter,0.5439874974113923,0.3412108072048032,True Robustness
art_0007,B03,B,Lexical Filter,0.4944400858409978,0.483022014676451,True Robustness
art_0007,B04,B,Theme Isolation,0.31678589964630427,0.7911107404936625,Unreliable
art_0007,B05,B,Theme Isolation,0.3743242548166395,0.4962141427618413,True Robustness
art_0007,B06,B,Theme Isolation,0.3087661221485447,0.5683622414943296,Unreliable
art_0007,B07,B,Theme Isolation,0.4668959517256115,0.5479653102068045,Fragile
art_0007,B08,B,Theme Isolation,0.4906611017606876,0.649066044029353,Fragile
art_0007,B09,B,Persona / Tone,0.3055555555555556,0.4551867911941294,Consistently Poor
art_0007,B10,B,Persona / Tone,0.43051944397113945,0.32219813208805875,True Robustness
art_0007,B11,B,Persona / Tone,0.5272639836702081,0.45940627084723146,True Robustness
art_0007,B12,B,Persona / Tone,0.4582260958022541,0.6672948632421615,Fragile
art_0007,B13,B,Persona / Tone,0.449507020689823,0.35817211474316213,True Robustness
art_0007,B14,B,Persona / Tone,0.22222222222222224,0.5317545030020013,Unreliable
art_0007,B15,B,Meta-reflection,0.4719856335884995,0.6427785190126751,Fragile
art_0008,A01,A,Direct Command,0.4155139774084091,0.13038692461641094,True Robustness
art_0008,A02,A,Direct Command,0.3119675063838561,0.48584056037358236,Consistently Poor
art_0008,A03,A,Direct Command,0.39632683371504146,0.5666777851901267,Fragile
art_0008,A04,A,Direct Command,0.36955959908664227,0.45925617078052033,True Robustness
art_0008,A05,A,Question Form,0.39745456725358963,0.33038692461641095,True Robustness
art_0008,A06,A,Question Form,0.22584631169835725,0.6298865910607071,Unreliable
art_0008,A07,A,Question Form,0.3801183756440878,0.4665276851234157,True Robustness
art_0008,A08,A,Question Form,0.3330787057057023,0.5327051367578385,Unreliable
art_0008,A09,A,Role Based,0.357451144605875,0.557121414276184,Unreliable
art_0008,A10,A,Role Based,0.304054440309604,0.2440293529019346,Consistently Poor
art_0008,A11,A,Role Based,0.3513527177274227,0.6128252168112075,Unreliable
art_0008,A12,A,Role Based,0.3769963663071394,0.49079386257505003,True Robustness
art_0008,A13,A,Constraint Based,0.4184177095691363,0.5087224816544362,Fragile
art_0008,A14,A,Constraint Based,0.32557757447163266,0.16132421614409606,Consistently Poor
art_0008,A15,A,Constraint Based,0.35609207550684613,0.5118579052701802,Unreliable
art_0008,A16,A,Analytical Framing,0.2682089135438825,0.6187791861240828,Unreliable
art_0008,A17,A,Analytical Framing,0.2763701921406512,0.48392261507671774,Consistently Poor
art_0008,A18,A,Analytical Framing,0.31149086200942594,0.22745163442294863,Consistently Poor
art_0008,A19,A,Analytical Framing,0.23042588075622916,0.5645597064709807,Unreliable
art_0008,A20,A,Output Format,0.39308826873699826,0.44109406270847235,True Robustness
art_0008,A21,A,Output Format,0.41522600253423053,0.2851734489659773,True Robustness
art_0008,A22,A,Output Format,0.35027145221829414,0.26052368245497,Consistently Poor
art_0008,A23,A,Audience Perspective,0.3048828716079394,0.5999833222148099,Unreliable
art_0008,A24,A,Audience Perspective,0.3907402828335762,0.4342561707805204,True Robustness
art_0008,A25,A,Audience Perspective,0.36538588628172874,0.25602068045363574,True Robustness
art_0008,A26,A,Emphasis Focus,0.30473892701168853,0.27940293529019344,Consistently Poor
art_0008,A27,A,Emphasis Focus,0.28865581409384805,0.28243829219479655,Consistently Poor
art_0008,A28,A,Emphasis Focus,0.2573128215347727,0.38372248165443634,Consistently Poor
art_0008,A29,A,Tone Register,0.3475364496310552,0.5571547698465644,Unreliable
art_0008,A30,A,Tone Register,0.33537327125668526,0.5629753168779186,Unreliable
art_0008,A31,A,Tone Register,0.2859811121597886,0.44556370913942633,Consistently Poor
art_0008,A32,A,Tone Register,0.35743097215890884,0.5713475650433624,Unreliable
art_0008,A33,A,Completeness Framing,0.3870893716812134,0.4704469646430954,True Robustness
art_0008,A34,A,Completeness Framing,0.34614801965653896,0.3514342895263509,Consistently Poor
art_0008,A35,A,Completeness Framing,0.34851408873995143,0.4200300200133422,Consistently Poor
art_0008,B01,B,Lexical Filter,0.21288540586829185,0.4698132088058706,Consistently Poor
art_0008,B02,B,Lexical Filter,0.4109372744957606,0.3956804536357572,True Robustness
art_0008,B03,B,Lexical Filter,0.3629979391892751,0.5963475650433623,Fragile
art_0008,B04,B,Theme Isolation,0.1551289161046346,0.8645930620413609,Unreliable
art_0008,B05,B,Theme Isolation,0.29290182050317526,0.38994329553035356,Consistently Poor
art_0008,B06,B,Theme Isolation,0.3112177637716134,0.6606737825216811,Unreliable
art_0008,B07,B,Theme Isolation,0.3012702576816082,0.6392761841227486,Unreliable
art_0008,B08,B,Theme Isolation,0.2685178127139807,0.566177451634423,Unreliable
art_0008,B09,B,Persona / Tone,0.14583333333333334,0.5870080053368912,Unreliable
art_0008,B10,B,Persona / Tone,0.306189201772213,0.30073382254836556,Consistently Poor
art_0008,B11,B,Persona / Tone,0.3672470065454642,0.49244496330887255,True Robustness
art_0008,B12,B,Persona / Tone,0.4138490706682205,0.4746664442961974,True Robustness
art_0008,B13,B,Persona / Tone,0.27526434681688744,0.4118912608405604,Consistently Poor
art_0008,B14,B,Persona / Tone,0.125,0.6456470980653769,Unreliable
art_0008,B15,B,Meta-reflection,0.24696510145440698,0.6246664442961976,Unreliable
art_0009,A01,A,Direct Command,0.5915185642384349,0.18615743829219478,True Robustness
art_0009,A02,A,Direct Command,0.5104954398813701,0.44746497665110074,True Robustness
art_0009,A03,A,Direct Command,0.5797993225001155,0.22586724482988663,True Robustness
art_0009,A04,A,Direct Command,0.5705462726099152,0.29454636424282854,True Robustness
art_0009,A05,A,Question Form,0.5955885208788373,0.297631754503002,True Robustness
art_0009,A06,A,Question Form,0.27514861195924734,0.8030687124749835,Unreliable
art_0009,A07,A,Question Form,0.5518294579925992,0.6177951967978652,Fragile
art_0009,A08,A,Question Form,0.23877367528066748,0.8234489659773183,Unreliable
art_0009,A09,A,Role Based,0.5674760025881587,0.3401434289526351,True Robustness
art_0009,A10,A,Role Based,0.5275899501783509,0.34486324216144093,True Robustness
art_0009,A11,A,Role Based,0.5295990302803971,0.5402768512341561,Fragile
art_0009,A12,A,Role Based,0.563348952148642,0.4014009339559707,True Robustness
art_0009,A13,A,Constraint Based,0.5411740580484982,0.3323048699132755,True Robustness
art_0009,A14,A,Constraint Based,0.5463885858300187,0.10857238158772514,True Robustness
art_0009,A15,A,Constraint Based,0.5140257037821271,0.5358572381587725,Fragile
art_0009,A16,A,Analytical Framing,0.5071204168988125,0.4963975983989326,True Robustness
art_0009,A17,A,Analytical Framing,0.26067012885496726,0.828685790527018,Unreliable
art_0009,A18,A,Analytical Framing,0.4868289096547025,0.45942294863242167,True Robustness
art_0009,A19,A,Analytical Framing,0.3219358133639963,0.8403435623749167,Unreliable
art_0009,A20,A,Output Format,0.5765419063113986,0.07988659106070714,True Robustness
art_0009,A21,A,Output Format,0.5771614990773656,0.22776851234156104,True Robustness
art_0009,A22,A,Output Format,0.5549112639966466,0.5644429619746498,Fragile
art_0009,A23,A,Audience Perspective,0.5449744091324864,0.5733488992661775,Fragile
art_0009,A24,A,Audience Perspective,0.6051401354017713,0.13867578385590393,True Robustness
art_0009,A25,A,Audience Perspective,0.599925054325944,0.394863242161441,True Robustness
art_0009,A26,A,Emphasis Focus,0.5394843861105897,0.5273182121414276,Fragile
art_0009,A27,A,Emphasis Focus,0.5457964509370782,0.4534356237491661,True Robustness
art_0009,A28,A,Emphasis Focus,0.46027922328738935,0.8173115410273516,Fragile
art_0009,A29,A,Tone Register,0.568159313961154,0.45100066711140757,True Robustness
art_0009,A30,A,Tone Register,0.35498493404260706,0.6098565710473649,Unreliable
art_0009,A31,A,Tone Register,0.49657888169444736,0.5591394262841894,Fragile
art_0009,A32,A,Tone Register,0.5530844474477429,0.5934623082054702,Fragile
art_0009,A33,A,Completeness Framing,0.5174446599114509,0.7565376917945297,Fragile
art_0009,A34,A,Completeness Framing,0.5902211077156522,0.084606404269513,True Robustness
art_0009,A35,A,Completeness Framing,0.5445754528932628,0.6616410940627085,Fragile
art_0009,B01,B,Lexical Filter,0.3547793091053055,0.2741160773849233,Consistently Poor
art_0009,B02,B,Lexical Filter,0.5766322272164482,0.12111407605070047,True Robustness
art_0009,B03,B,Lexical Filter,0.5356054027520476,0.535390260173449,Fragile
art_0009,B04,B,Theme Isolation,0.2181940818471568,0.7807204803202136,Unreliable
art_0009,B05,B,Theme Isolation,0.39162694587901653,0.6670947298198798,Fragile
art_0009,B06,B,Theme Isolation,0.5116311207058885,0.49424616410940625,True Robustness
art_0009,B07,B,Theme Isolation,0.4836054513497012,0.49903268845897264,Fragile
art_0009,B08,B,Theme Isolation,0.5186857066693761,0.3980153435623749,True Robustness
art_0009,B09,B,Persona / Tone,0.3333333333333333,0.5150266844563042,Unreliable
art_0009,B10,B,Persona / Tone,0.4432531986385584,0.5568545697131421,Fragile
art_0009,B11,B,Persona / Tone,0.5497947156074502,0.1900266844563042,True Robustness
art_0009,B12,B,Persona / Tone,0.5448029669267791,0.505136757838559,Fragile
art_0009,B13,B,Persona / Tone,0.4850036788377024,0.31155770513675785,True Robustness
art_0009,B14,B,Persona / Tone,0.14285714285714282,0.429486324216144,Consistently Poor
art_0009,B15,B,Meta-reflection,0.5340380998594422,0.44918278852568383,True Robustness
art_0010,A01,A,Direct Command,0.4545873270503112,0.42464976651100733,True Robustness
art_0010,A02,A,Direct Command,0.43888766708828153,0.6270680453635756,Fragile
art_0010,A03,A,Direct Command,0.4661828632510843,0.4627918612408273,True Robustness
art_0010,A04,A,Direct Command,0.4549499198439575,0.5718645763842561,Fragile
art_0010,A05,A,Question Form,0.5095769546571233,0.4711307538358906,True Robustness
art_0010,A06,A,Question Form,0.2573465382724645,0.46322548365577054,Consistently Poor
art_0010,A07,A,Question Form,0.4736489982654652,0.6789859906604402,Fragile
art_0010,A08,A,Question Form,0.35505107506400063,0.8699633088725817,Unreliable
art_0010,A09,A,Role Based,0.46828852664856685,0.390393595730487,True Robustness
art_0010,A10,A,Role Based,0.40327770396002705,0.4627751834556372,True Robustness
art_0010,A11,A,Role Based,0.44184958934783936,0.7361407605070046,Fragile
art_0010,A12,A,Role Based,0.4468864997227986,0.5971814543028686,Fragile
art_0010,A13,A,Constraint Based,0.4463380546796889,0.05775517011340894,True Robustness
art_0010,A14,A,Constraint Based,0.4525976487923236,0.46499332888592393,True Robustness
art_0010,A15,A,Constraint Based,0.4550720662588164,0.6100900600400267,Fragile
art_0010,A16,A,Analytical Framing,0.3788902138226799,0.46772848565710473,True Robustness
art_0010,A17,A,Analytical Framing,0.3136517556295508,0.8253002001334222,Unreliable
art_0010,A18,A,Analytical Framing,0.3936613671747701,0.41447631754503006,True Robustness
art_0010,A19,A,Analytical Framing,0.39592637332333697,0.8970480320213475,Fragile
art_0010,A20,A,Output Format,0.4540069525440535,0.25026684456304205,True Robustness
art_0010,A21,A,Output Format,0.49808697473435176,0.3499833222148099,True Robustness
art_0010,A22,A,Output Format,0.42220125453812735,0.24302868579052705,True Robustness
art_0010,A23,A,Audience Perspective,0.4767823106265583,0.6433288859239494,Fragile
art_0010,A24,A,Audience Perspective,0.4698801310289473,0.3941294196130754,True Robustness
art_0010,A25,A,Audience Perspective,0.49345673736007445,0.6876584389593063,Fragile
art_0010,A26,A,Emphasis Focus,0.44356043361836955,0.6140426951300867,Fragile
art_0010,A27,A,Emphasis Focus,0.322837847240624,0.2915110073382255,Consistently Poor
art_0010,A28,A,Emphasis Focus,0.34849540569952553,0.864209472981988,Unreliable
art_0010,A29,A,Tone Register,0.4475200990481036,0.5261507671781187,Fragile
art_0010,A30,A,Tone Register,0.4758486259906065,0.7132421614409606,Fragile
art_0010,A31,A,Tone Register,0.385704028115253,0.6846564376250834,Fragile
art_0010,A32,A,Tone Register,0.48996438618217203,0.7074716477651768,Fragile
art_0010,A33,A,Completeness Framing,0.47966811309258145,0.5118912608405604,Fragile
art_0010,A34,A,Completeness Framing,0.4357075028653656,0.590010006671114,Fragile
art_0010,A35,A,Completeness Framing,0.45457418032345326,0.5039192795196797,Fragile
art_0010,B01,B,Lexical Filter,0.4037728792145138,0.504086057371581,Fragile
art_0010,B02,B,Lexical Filter,0.5286501617658707,0.6063542361574383,Fragile
art_0010,B03,B,Lexical Filter,0.44361206161833944,0.48283855903935957,True Robustness
art_0010,B04,B,Theme Isolation,0.29665967014928657,0.7705803869246164,Unreliable
art_0010,B05,B,Theme Isolation,0.2772578014326947,0.47458305537024686,Consistently Poor
art_0010,B06,B,Theme Isolation,0.4015299392243226,0.8434789859906605,Fragile
art_0010,B07,B,Theme Isolation,0.36968141080190736,0.7496997998665776,Fragile
art_0010,B08,B,Theme Isolation,0.3148919311130331,0.7804703135423615,Unreliable
art_0010,B09,B,Persona / Tone,0.16666666666666666,0.46115743829219474,Consistently Poor
art_0010,B10,B,Persona / Tone,0.452072545398204,0.38267178118745826,True Robustness
art_0010,B11,B,Persona / Tone,0.4691793143394447,0.3666777851901267,True Robustness
art_0010,B12,B,Persona / Tone,0.4796043510947909,0.636957971981321,Fragile
art_0010,B13,B,Persona / Tone,0.382700461273392,0.6403769179452967,Fragile
art_0010,B14,B,Persona / Tone,0.21428571428571427,0.6957805203468979,Unreliable
art_0010,B15,B,Meta-reflection,0.34335118470092607,0.7118912608405603,Unreliable
art_0011,A01,A,Direct Command,0.4345476395554013,0.35670446964643093,True Robustness
art_0011,A02,A,Direct Command,0.5551790248783719,0.534856571047365,Fragile
art_0011,A03,A,Direct Command,0.5818500245610875,0.22881921280853904,True Robustness
art_0011,A04,A,Direct Command,0.5543157801859909,0.3940460306871248,True Robustness
art_0011,A05,A,Question Form,0.43185904704862166,0.5024349566377585,Fragile
art_0011,A06,A,Question Form,0.36300814989954233,0.3621747831887925,True Robustness
art_0011,A07,A,Question Form,0.332645581000381,0.7842394929953302,Unreliable
art_0011,A08,A,Question Form,0.29349186706046265,0.6905770513675783,Unreliable
art_0011,A09,A,Role Based,0.5866835763057074,0.6030853902601735,Fragile
art_0011,A10,A,Role Based,0.5422521198375357,0.2973815877251501,True Robustness
art_0011,A11,A,Role Based,0.5017865000085698,0.4704302868579052,True Robustness
art_0011,A12,A,Role Based,0.5446679832206832,0.3994996664442962,True Robustness
art_0011,A13,A,Constraint Based,0.3463983237743377,0.1032354903268846,Consistently Poor
art_0011,A14,A,Constraint Based,0.5782458008163506,0.4162608405603736,True Robustness
art_0011,A15,A,Constraint Based,0.6560866720974445,0.43428952635090057,True Robustness
art_0011,A16,A,Analytical Framing,0.5154239358525955,0.40093395597064707,True Robustness
art_0011,A17,A,Analytical Framing,0.3155553072897924,0.529986657771848,Unreliable
art_0011,A18,A,Analytical Framing,0.48661884013563395,0.4180787191460974,True Robustness
art_0011,A19,A,Analytical Framing,0.36992029395575327,0.6336724482988658,Fragile
art_0011,A20,A,Output Format,0.5018528062436316,0.6374749833222149,Fragile
art_0011,A21,A,Output Format,0.3738567866384983,0.15141761174116075,True Robustness
art_0011,A22,A,Output Format,0.4542481344607141,0.7482821881254169,Fragile
art_0011,A23,A,Audience Perspective,0.5772036203286715,0.47693462308205464,True Robustness
art_0011,A24,A,Audience Perspective,0.42533538324965364,0.24129419613075384,True Robustness
art_0011,A25,A,Audience Perspective,0.6248592055506177,0.623549032688459,Fragile
art_0011,A26,A,Emphasis Focus,0.4604784989108641,0.35308539026017344,True Robustness
art_0011,A27,A,Emphasis Focus,0.48390952746073407,0.38549032688458973,True Robustness
art_0011,A28,A,Emphasis Focus,0.3088739528838131,0.9015010006671114,Unreliable
art_0011,A29,A,Tone Register,0.5451996111207539,0.4136591060707138,True Robustness
art_0011,A30,A,Tone Register,0.6028400589194564,0.49748165443629094,True Robustness
art_0011,A31,A,Tone Register,0.5428345443473922,0.3895763842561708,True Robustness
art_0011,A32,A,Tone Register,0.5081718125277096,0.6466144096064044,Fragile
art_0011,A33,A,Completeness Framing,0.3877666008969148,0.6299533022014676,Fragile
art_0011,A34,A,Completeness Framing,0.5665744745896922,0.27900266844563043,True Robustness
art_0011,A35,A,Completeness Framing,0.5643570303089089,0.24027685123415612,True Robustness
art_0011,B01,B,Lexical Filter,0.4267717773715655,0.556187458305537,Fragile
art_0011,B02,B,Lexical Filter,0.586189237733682,0.30792194796531025,True Robustness
art_0011,B03,B,Lexical Filter,0.48063719003564787,0.4872414943295531,True Robustness
art_0011,B04,B,Theme Isolation,0.27395477166606325,0.8891594396264176,Unreliable
art_0011,B05,B,Theme Isolation,0.46985839234872,0.7168779186124082,Fragile
art_0011,B06,B,Theme Isolation,0.5019849166791472,0.7314209472981988,Fragile
art_0011,B07,B,Theme Isolation,0.5498220875031418,0.3816877918612408,True Robustness
art_0011,B08,B,Theme Isolation,0.5451517585251068,0.489609739826551,True Robustness
art_0011,B09,B,Persona / Tone,0.15277777777777776,0.4413275517011341,Consistently Poor
art_0011,B10,B,Persona / Tone,0.506412920438581,0.2651434289526351,True Robustness
art_0011,B11,B,Persona / Tone,0.6391941424873141,0.17346564376250834,True Robustness
art_0011,B12,B,Persona / Tone,0.5265395224094391,0.6091227484989993,Fragile
art_0011,B13,B,Persona / Tone,0.4350734098374636,0.3666611074049366,True Robustness
art_0011,B14,B,Persona / Tone,0.12605321725519994,0.4784689793195464,Consistently Poor
art_0011,B15,B,Meta-reflection,0.3699774479286538,0.3947131420947298,True Robustness
art_0012,A01,A,Direct Command,0.46685385420208886,0.2883755837224817,True Robustness
art_0012,A02,A,Direct Command,0.4913429321632499,0.5735490326884589,Fragile
art_0012,A03,A,Direct Command,0.4381413626528921,0.2507505003335557,True Robustness
art_0012,A04,A,Direct Command,0.5354418374952815,0.3426951300867245,True Robustness
art_0012,A05,A,Question Form,0.41174701388393126,0.07565043362241496,True Robustness
art_0012,A06,A,Question Form,0.359356637024099,0.40797198132088064,True Robustness
art_0012,A07,A,Question Form,0.4008467726054646,0.6214976651100733,Fragile
art_0012,A08,A,Question Form,0.31641500115039806,0.5187958639092728,Unreliable
art_0012,A09,A,Role Based,0.4992148244664782,0.16462641761174115,True Robustness
art_0012,A10,A,Role Based,0.4042459650940839,0.47264843228819203,True Robustness
art_0012,A11,A,Role Based,0.4425659197426978,0.5336224149432955,Fragile
art_0012,A12,A,Role Based,0.42454683638754337,0.2751000667111408,True Robustness
art_0012,A13,A,Constraint Based,0.3903514051011631,0.1844062708472315,True Robustness
art_0012,A14,A,Constraint Based,0.496255661582663,0.3047865243495664,True Robustness
art_0012,A15,A,Constraint Based,0.48459362380561366,0.46220813875917277,True Robustness
art_0012,A16,A,Analytical Framing,0.4489859849480647,0.5854736490993996,Fragile
art_0012,A17,A,Analytical Framing,0.28233948225776356,0.5818879252835223,Unreliable
art_0012,A18,A,Analytical Framing,0.3580756217041718,0.5454136090727152,Unreliable
art_0012,A19,A,Analytical Framing,0.2831590870905312,0.517645096731154,Unreliable
art_0012,A20,A,Output Format,0.40940244992574054,0.22970313542361573,True Robustness
art_0012,A21,A,Output Format,0.4052136898750351,0.260923949299533,True Robustness
art_0012,A22,A,Output Format,0.3831234185823373,0.3505170113408939,True Robustness
art_0012,A23,A,Audience Perspective,0.47536215922307407,0.6608405603735824,Fragile
art_0012,A24,A,Audience Perspective,0.4889851886601675,0.2436457638425617,True Robustness
art_0012,A25,A,Audience Perspective,0.4526862622726531,0.3964809873248833,True Robustness
art_0012,A26,A,Emphasis Focus,0.434382437063115,0.3070046697798533,True Robustness
art_0012,A27,A,Emphasis Focus,0.6336543127184823,0.2602401601067378,True Robustness
art_0012,A28,A,Emphasis Focus,0.29263943531328723,0.5390426951300867,Unreliable
art_0012,A29,A,Tone Register,0.6004551677476792,0.42983655770513673,True Robustness
art_0012,A30,A,Tone Register,0.4541743387955996,0.5512508338892594,Fragile
art_0012,A31,A,Tone Register,0.5360155021328302,0.2765677118078719,True Robustness
art_0012,A32,A,Tone Register,0.3951944911054203,0.5297531687791861,Fragile
art_0012,A33,A,Completeness Framing,0.3691675758787564,0.5123415610406937,Fragile
art_0012,A34,A,Completeness Framing,0.5440512929289114,0.41197464976651105,True Robustness
art_0012,A35,A,Completeness Framing,0.5765435298283895,0.33033689126084054,True Robustness
art_0012,B01,B,Lexical Filter,0.5293543865638121,0.35815543695797203,True Robustness
art_0012,B02,B,Lexical Filter,0.45684455264182317,0.1300366911274183,True Robustness
art_0012,B03,B,Lexical Filter,0.3480012981841962,0.1273515677118079,Consistently Poor
art_0012,B04,B,Theme Isolation,0.3079780225775071,0.8089226150767177,Unreliable
art_0012,B05,B,Theme Isolation,0.35230300864869996,0.5317378252168112,Unreliable
art_0012,B06,B,Theme Isolation,0.2898925281867074,0.737241494329553,Unreliable
art_0012,B07,B,Theme Isolation,0.4091176189748304,0.37536691127418276,True Robustness
art_0012,B08,B,Theme Isolation,0.4824177193499746,0.5948298865910607,Fragile
art_0012,B09,B,Persona / Tone,0.19047619047619047,0.534072715143429,Unreliable
art_0012,B10,B,Persona / Tone,0.28198641707145033,0.4011174116077385,Consistently Poor
art_0012,B11,B,Persona / Tone,0.5431694313883781,0.3820547031354236,True Robustness
art_0012,B12,B,Persona / Tone,0.4335201919078827,0.6086057371581054,Fragile
art_0012,B13,B,Persona / Tone,0.30703778784733177,0.4298198799199466,Consistently Poor
art_0012,B14,B,Persona / Tone,0.3913048068948444,0.4025850567044696,True Robustness
art_0012,B15,B,Meta-reflection,0.3348651909757228,0.47186457638425616,Consistently Poor
art_0013,A01,A,Direct Command,0.4571585875181925,0.2701967978652435,True Robustness
art_0013,A02,A,Direct Command,0.34033275182758055,0.6023015343562376,Unreliable
art_0013,A03,A,Direct Command,0.4070288409434614,0.6050200133422282,Fragile
art_0013,A04,A,Direct Command,0.41797209052102907,0.5110907271514343,Fragile
art_0013,A05,A,Question Form,0.38801997864530197,0.48857571714476317,True Robustness
art_0013,A06,A,Question Form,0.33549531507084057,0.4923949299533022,Consistently Poor
art_0013,A07,A,Question Form,0.3874890291619868,0.6441794529686458,Fragile
art_0013,A08,A,Question Form,0.28930332808799686,0.5768679119412942,Unreliable
art_0013,A09,A,Role Based,0.49833701799313235,0.34789859906604403,True Robustness
art_0013,A10,A,Role Based,0.30542547442018986,0.3806871247498332,Consistently Poor
art_0013,A11,A,Role Based,0.43519837338299977,0.7307371581054036,Fragile
art_0013,A12,A,Role Based,0.46312009410134386,0.5513509006004004,Fragile
art_0013,A13,A,Constraint Based,0.3812565306822459,0.3562374916611074,True Robustness
art_0013,A14,A,Constraint Based,0.42444532240430516,0.3535857238158773,True Robustness
art_0013,A15,A,Constraint Based,0.37721777263851397,0.5419446297531687,Fragile
art_0013,A16,A,Analytical Framing,0.39111080330275444,0.646714476317545,Fragile
art_0013,A17,A,Analytical Framing,0.30453446347798613,0.5683955970647099,Unreliable
art_0013,A18,A,Analytical Framing,0.3077051852430616,0.38500667111407605,Consistently Poor
art_0013,A19,A,Analytical Framing,0.2964054737461819,0.5181120747164777,Unreliable
art_0013,A20,A,Output Format,0.3617373956810861,0.6940460306871248,Fragile
art_0013,A21,A,Output Format,0.3757627322560264,0.2689959973315544,True Robustness
art_0013,A22,A,Output Format,0.3099402746274358,0.6355903935957306,Unreliable
art_0013,A23,A,Audience Perspective,0.3655180850820172,0.6243162108072048,Fragile
art_0013,A24,A,Audience Perspective,0.4244222747428077,0.35595396931287526,True Robustness
art_0013,A25,A,Audience Perspective,0.3580427766733227,0.625533689126084,Unreliable
art_0013,A26,A,Emphasis Focus,0.3917630851446163,0.5308038692461641,Fragile
art_0013,A27,A,Emphasis Focus,0.3811360934660548,0.16972981987991995,True Robustness
art_0013,A28,A,Emphasis Focus,0.33258249823536185,0.812758505670447,Unreliable
art_0013,A29,A,Tone Register,0.4917372081960951,0.5603402268178785,Fragile
art_0013,A30,A,Tone Register,0.34861474714818447,0.7607238158772516,Unreliable
art_0013,A31,A,Tone Register,0.41609626817738726,0.4319046030687125,True Robustness
art_0013,A32,A,Tone Register,0.41087499491515606,0.7134923282188125,Fragile
art_0013,A33,A,Completeness Framing,0.36755619029558834,0.7050366911274184,Fragile
art_0013,A34,A,Completeness Framing,0.4307027414795898,0.5432621747831888,Fragile
art_0013,A35,A,Completeness Framing,0.3998723895776839,0.2665610406937959,True Robustness
art_0013,B01,B,Lexical Filter,0.28493067772970315,0.4970813875917279,Consistently Poor
art_0013,B02,B,Lexical Filter,0.5064102947002366,0.28385590393595733,True Robustness
art_0013,B03,B,Lexical Filter,0.4141279407555149,0.40295196797865246,True Robustness
art_0013,B04,B,Theme Isolation,0.2648898127067479,0.8460306871247498,Unreliable
art_0013,B05,B,Theme Isolation,0.28571428571428564,0.2914442961974649,Consistently Poor
art_0013,B06,B,Theme Isolation,0.3634968860562713,0.612758505670447,Fragile
art_0013,B07,B,Theme Isolation,0.3945285904531677,0.7458305537024682,Fragile
art_0013,B08,B,Theme Isolation,0.3395411477956389,0.44049366244162774,Consistently Poor
art_0013,B09,B,Persona / Tone,0.23809523809523805,0.5391927951967979,Unreliable
art_0013,B10,B,Persona / Tone,0.2398536686918565,0.6221647765176783,Unreliable
art_0013,B11,B,Persona / Tone,0.5337470567652157,0.35637091394262843,True Robustness
art_0013,B12,B,Persona / Tone,0.33071737693888803,0.6486991327551701,Unreliable
art_0013,B13,B,Persona / Tone,0.3067832271169339,0.7310707138092061,Unreliable
art_0013,B14,B,Persona / Tone,0.23809523809523805,0.42740160106737823,Consistently Poor
art_0013,B15,B,Meta-reflection,0.34615142637908103,0.4846731154102736,Consistently Poor
art_0014,A01,A,Direct Command,0.20890635766443752,0.3951967978652435,Consistently Poor
art_0014,A02,A,Direct Command,0.46037000630583086,0.5868745830553702,Fragile
art_0014,A03,A,Direct Command,0.3871319398638748,0.376184122748499,True Robustness
art_0014,A04,A,Direct Command,0.39882246138794075,0.3243328885923949,True Robustness
art_0014,A05,A,Question Form,0.2776578788956006,0.6056537691794529,Unreliable
art_0014,A06,A,Question Form,0.3414500042729612,0.32241494329553033,Consistently Poor
art_0014,A07,A,Question Form,0.2733655728044964,0.8576050700466978,Unreliable
art_0014,A08,A,Question Form,0.1954415126127146,0.6841894596397599,Unreliable
art_0014,A09,A,Role Based,0.3724580197816803,0.3877751834556371,True Robustness
art_0014,A10,A,Role Based,0.4553982463798352,0.3296697798532355,True Robustness
art_0014,A11,A,Role Based,0.35676870344295386,0.5252835223482322,Unreliable
art_0014,A12,A,Role Based,0.38593986027297517,0.4518012008005337,True Robustness
art_0014,A13,A,Constraint Based,0.08051580687363942,0.32071380920613746,Consistently Poor
art_0014,A14,A,Constraint Based,0.4376680572472868,0.20905603735823883,True Robustness
art_0014,A15,A,Constraint Based,0.26230239318240256,0.5990160106737825,Unreliable
art_0014,A16,A,Analytical Framing,0.3912857909287725,0.469346230820547,True Robustness
art_0014,A17,A,Analytical Framing,0.3364970302652745,0.5143095396931288,Unreliable
art_0014,A18,A,Analytical Framing,0.3803554399914684,0.5937124749833221,Fragile
art_0014,A19,A,Analytical Framing,0.10467773160919369,0.7179286190793862,Unreliable
art_0014,A20,A,Output Format,0.2840971485489891,0.37379919946631085,Consistently Poor
art_0014,A21,A,Output Format,0.1213249840019714,0.338292194796531,Consistently Poor
art_0014,A22,A,Output Format,0.40542066593964887,0.44229486324216144,True Robustness
art_0014,A23,A,Audience Perspective,0.3495794732353672,0.4426951300867245,Consistently Poor
art_0014,A24,A,Audience Perspective,0.205495875506174,0.4822715143428952,Consistently Poor
art_0014,A25,A,Audience Perspective,0.276254699742865,0.6131087391594396,Unreliable
art_0014,A26,A,Emphasis Focus,0.339573692175604,0.41202468312208135,Consistently Poor
art_0014,A27,A,Emphasis Focus,0.4435982679327329,0.3521847898599066,True Robustness
art_0014,A28,A,Emphasis Focus,0.18452915789869925,0.6819212808539026,Unreliable
art_0014,A29,A,Tone Register,0.4229309713201863,0.5337224816544363,Fragile
art_0014,A30,A,Tone Register,0.17778898177701716,0.4676617745163442,Consistently Poor
art_0014,A31,A,Tone Register,0.3434729123532417,0.5774849899933288,Unreliable
art_0014,A32,A,Tone Register,0.22537389739106098,0.734873248832555,Unreliable
art_0014,A33,A,Completeness Framing,0.2197598445096186,0.514876584389593,Unreliable
art_0014,A34,A,Completeness Framing,0.48710872623182483,0.2963642428285524,True Robustness
art_0014,A35,A,Completeness Framing,0.35567276197529973,0.2964976651100734,Consistently Poor
art_0014,B01,B,Lexical Filter,0.4419831154601914,0.23347231487658443,True Robustness
art_0014,B02,B,Lexical Filter,0.3004605156325158,0.49242828552368245,Consistently Poor
art_0014,B03,B,Lexical Filter,0.3142899952141479,0.5966144096064042,Unreliable
art_0014,B04,B,Theme Isolation,0.1031709959996598,0.9089226150767179,Unreliable
art_0014,B05,B,Theme Isolation,0.32159397353063374,0.5310540360240161,Unreliable
art_0014,B06,B,Theme Isolation,0.1302666960816298,0.6364909939959974,Unreliable
art_0014,B07,B,Theme Isolation,0.37216508793027875,0.4916777851901267,True Robustness
art_0014,B08,B,Theme Isolation,0.24603292224041762,0.8355737158105404,Unreliable
art_0014,B09,B,Persona / Tone,0.07142857142857141,0.3829386257505003,Consistently Poor
art_0014,B10,B,Persona / Tone,0.15103828671964858,0.440527018012008,Consistently Poor
art_0014,B11,B,Persona / Tone,0.4309068747929164,0.1916944629753169,True Robustness
art_0014,B12,B,Persona / Tone,0.09292653469102723,0.6284856571047365,Unreliable
art_0014,B13,B,Persona / Tone,0.3596666630626368,0.3834556370913943,True Robustness
art_0014,B14,B,Persona / Tone,0.15476190476190474,0.5189793195463642,Unreliable
art_0014,B15,B,Meta-reflection,0.12262966483831404,0.4258172114743162,Consistently Poor
art_0015,A01,A,Direct Command,0.2859110900511344,0.3508172114743162,Consistently Poor
art_0015,A02,A,Direct Command,0.3899272736161947,0.5339559706470981,Fragile
art_0015,A03,A,Direct Command,0.4128093846763174,0.44934956637758505,True Robustness
art_0015,A04,A,Direct Command,0.3487869141002496,0.2989826551034022,Consistently Poor
art_0015,A05,A,Question Form,0.16011310648173094,0.4692294863242162,Consistently Poor
art_0015,A06,A,Question Form,0.35536853565524024,0.48694129419613075,Consistently Poor
art_0015,A07,A,Question Form,0.19828448072075844,0.5330053368912608,Unreliable
art_0015,A08,A,Question Form,0.16927038265081742,0.6625250166777852,Unreliable
art_0015,A09,A,Role Based,0.3524808809161186,0.45595396931287524,Consistently Poor
art_0015,A10,A,Role Based,0.40403041029154946,0.24853235490326883,True Robustness
art_0015,A11,A,Role Based,0.36621212361690897,0.40738825883922614,True Robustness
art_0015,A12,A,Role Based,0.3373142738516132,0.45305203468979316,Consistently Poor
art_0015,A13,A,Constraint Based,0.20492881909012794,0.6537525016677785,Unreliable
art_0015,A14,A,Constraint Based,0.2990273494894306,0.4466144096064043,Consistently Poor
art_0015,A15,A,Constraint Based,0.30793699342757463,0.4375250166777852,Consistently Poor
art_0015,A16,A,Analytical Framing,0.39095524698495865,0.5181787858572382,Fragile
art_0015,A17,A,Analytical Framing,0.14583333333333334,0.5294529686457639,Unreliable
art_0015,A18,A,Analytical Framing,0.36182679748162627,0.4113408939292862,True Robustness
art_0015,A19,A,Analytical Framing,0.11458333333333333,0.38028685790527017,Consistently Poor
art_0015,A20,A,Output Format,0.2937650668124358,0.35767178118745835,Consistently Poor
art_0015,A21,A,Output Format,0.2563311814640959,0.4482321547698465,Consistently Poor
art_0015,A22,A,Output Format,0.34536351651574176,0.705787191460974,Unreliable
art_0015,A23,A,Audience Perspective,0.3615932321020712,0.5735490326884589,Fragile
art_0015,A24,A,Audience Perspective,0.28756454586982727,0.3296864576384256,Consistently Poor
art_0015,A25,A,Audience Perspective,0.28144052050386864,0.45520346897931957,Consistently Poor
art_0015,A26,A,Emphasis Focus,0.311389143889149,0.7064709806537691,Unreliable
art_0015,A27,A,Emphasis Focus,0.3465213423284392,0.5610073382254837,Unreliable
art_0015,A28,A,Emphasis Focus,0.20104263226191202,0.44444629753168774,Consistently Poor
art_0015,A29,A,Tone Register,0.38060992987205583,0.32451634422948633,True Robustness
art_0015,A30,A,Tone Register,0.3152644593889515,0.47553368912608407,Consistently Poor
art_0015,A31,A,Tone Register,0.3759343115768085,0.7087058038692462,Fragile
art_0015,A32,A,Tone Register,0.2925386861898005,0.3481487658438959,Consistently Poor
art_0015,A33,A,Completeness Framing,0.26336706957469386,0.6220313542361574,Unreliable
art_0015,A34,A,Completeness Framing,0.4217939016719659,0.43362241494329545,True Robustness
art_0015,A35,A,Completeness Framing,0.3489375924691558,0.5884422948632422,Unreliable
art_0015,B01,B,Lexical Filter,0.37567754928022623,0.3183288859239493,True Robustness
art_0015,B02,B,Lexical Filter,0.4225061883529027,0.37570046697798526,True Robustness
art_0015,B03,B,Lexical Filter,0.24903548885292062,0.3195797198132088,Consistently Poor
art_0015,B04,B,Theme Isolation,0.24395333339149752,0.8447798532354903,Unreliable
art_0015,B05,B,Theme Isolation,0.21875,0.56052368245497,Unreliable
art_0015,B06,B,Theme Isolation,0.1797704064132025,0.5335890593729152,Unreliable
art_0015,B07,B,Theme Isolation,0.3633988319585721,0.3751667778519013,True Robustness
art_0015,B08,B,Theme Isolation,0.25900054979138076,0.5742995330220146,Unreliable
art_0015,B09,B,Persona / Tone,0.109375,0.4421614409606404,Consistently Poor
art_0015,B10,B,Persona / Tone,0.22864511626539752,0.43185456971314207,Consistently Poor
art_0015,B11,B,Persona / Tone,0.40303764678537846,0.16774516344229484,True Robustness
art_0015,B12,B,Persona / Tone,0.25138417854905126,0.3833055370246831,Consistently Poor
art_0015,B13,B,Persona / Tone,0.23999629740137607,0.32710140093395595,Consistently Poor
art_0015,B14,B,Persona / Tone,0.17708333333333334,0.5294196130753835,Unreliable
art_0015,B15,B,Meta-reflection,0.2713265276203553,0.5800200133422282,Unreliable
art_0016,A01,A,Direct Command,0.3223328962922096,0.4330553702468313,Consistently Poor
art_0016,A02,A,Direct Command,0.28192594310357455,0.6229653102068045,Unreliable
art_0016,A03,A,Direct Command,0.26152822038247475,0.27645096731154106,Consistently Poor
art_0016,A04,A,Direct Command,0.2676026595845109,0.47611741160773846,Consistently Poor
art_0016,A05,A,Question Form,0.06028434368116514,0.25383589059372913,Consistently Poor
art_0016,A06,A,Question Form,0.16848945322756967,0.320530353569046,Consistently Poor
art_0016,A07,A,Question Form,0.18301429941008487,0.5374416277518346,Unreliable
art_0016,A08,A,Question Form,0.07803402873798317,0.5423782521681121,Unreliable
art_0016,A09,A,Role Based,0.2759581752831028,0.245263509006004,Consistently Poor
art_0016,A10,A,Role Based,0.26870229595252093,0.44888258839226153,Consistently Poor
art_0016,A11,A,Role Based,0.4353355697932697,0.5418779186124083,Fragile
art_0016,A12,A,Role Based,0.19816336244167318,0.46272515010006665,Consistently Poor
art_0016,A13,A,Constraint Based,0.11027315915340469,0.6063208805870581,Unreliable
art_0016,A14,A,Constraint Based,0.3442617956371535,0.4709973315543695,Consistently Poor
art_0016,A15,A,Constraint Based,0.305300757111538,0.5188292194796531,Unreliable
art_0016,A16,A,Analytical Framing,0.1444773322991317,0.6313042028018679,Unreliable
art_0016,A17,A,Analytical Framing,0.11436061738502411,0.6032521681120747,Unreliable
art_0016,A18,A,Analytical Framing,0.3995566674109016,0.45548699132755166,True Robustness
art_0016,A19,A,Analytical Framing,0.059523809523809514,0.5187625083388926,Unreliable
art_0016,A20,A,Output Format,0.21065818305526463,0.4217311541027352,Consistently Poor
art_0016,A21,A,Output Format,0.104468344311629,0.5385757171447632,Unreliable
art_0016,A22,A,Output Format,0.1984747275710106,0.5588892595063375,Unreliable
art_0016,A23,A,Audience Perspective,0.28487947414673515,0.43504002668445635,Consistently Poor
art_0016,A24,A,Audience Perspective,0.20984543292295366,0.2791027351567712,Consistently Poor
art_0016,A25,A,Audience Perspective,0.269288439780385,0.4794362908605737,Consistently Poor
art_0016,A26,A,Emphasis Focus,0.053136807788784296,0.3836224149432955,Consistently Poor
art_0016,A27,A,Emphasis Focus,0.42782995202356866,0.5792194796531019,Fragile
art_0016,A28,A,Emphasis Focus,0.12219915609984171,0.6864743162108072,Unreliable
art_0016,A29,A,Tone Register,0.40144569941219826,0.4631254169446298,True Robustness
art_0016,A30,A,Tone Register,0.22518745415090094,0.7290527018012009,Unreliable
art_0016,A31,A,Tone Register,0.3138326663479563,0.6238492328218812,Unreliable
art_0016,A32,A,Tone Register,0.31696416668239097,0.6184289526350901,Unreliable
art_0016,A33,A,Completeness Framing,0.15448556379193354,0.6979319546364242,Unreliable
art_0016,A34,A,Completeness Framing,0.3885923427130495,0.44566377585056705,True Robustness
art_0016,A35,A,Completeness Framing,0.2231319834966035,0.5760840560373583,Unreliable
art_0016,B01,B,Lexical Filter,0.23536835850349494,0.48208805870580385,Consistently Poor
art_0016,B02,B,Lexical Filter,0.3149648282144751,0.2586724482988659,Consistently Poor
art_0016,B03,B,Lexical Filter,0.23022826139016875,0.6420780520346897,Unreliable
art_0016,B04,B,Theme Isolation,0.11686519196345692,0.8231154102735156,Unreliable
art_0016,B05,B,Theme Isolation,0.08252752288466407,0.6491494329553036,Unreliable
art_0016,B06,B,Theme Isolation,0.06602618139281513,0.5926951300867245,Unreliable
art_0016,B07,B,Theme Isolation,0.16408522529084058,0.6301034022681788,Unreliable
art_0016,B08,B,Theme Isolation,0.17888273170129176,0.6804369579719813,Unreliable
art_0016,B09,B,Persona / Tone,0.08928571428571426,0.4375917278185457,Consistently Poor
art_0016,B10,B,Persona / Tone,0.1438260129431174,0.35470313542361576,Consistently Poor
art_0016,B11,B,Persona / Tone,0.427602511963674,0.40673782521681123,True Robustness
art_0016,B12,B,Persona / Tone,0.33717728435461014,0.9008338892595064,Unreliable
art_0016,B13,B,Persona / Tone,0.352747074904896,0.44938292194796525,Consistently Poor
art_0016,B14,B,Persona / Tone,0.18306625514690364,0.6482488325550366,Unreliable
art_0016,B15,B,Meta-reflection,0.14393660379573703,0.46816210807204806,Consistently Poor
art_0017,A01,A,Direct Command,0.49714603937334484,0.5400100066711141,Fragile
art_0017,A02,A,Direct Command,0.4143677471205592,0.39854903268845887,True Robustness
art_0017,A03,A,Direct Command,0.4759818075431718,0.5873248832555037,Fragile
art_0017,A04,A,Direct Command,0.4773995239701536,0.37339893262174784,True Robustness
art_0017,A05,A,Question Form,0.36127313574155173,0.47474983322214803,True Robustness
art_0017,A06,A,Question Form,0.2568921263847086,0.6653602401601066,Unreliable
art_0017,A07,A,Question Form,0.2989603742543194,0.6983822548365578,Unreliable
art_0017,A08,A,Question Form,0.27892905564254356,0.6321380920613742,Unreliable
art_0017,A09,A,Role Based,0.48713587398330366,0.7119412941961307,Fragile
art_0017,A10,A,Role Based,0.42695732361947497,0.3765677118078719,True Robustness
art_0017,A11,A,Role Based,0.2318688643164933,0.5166611074049366,Unreliable
art_0017,A12,A,Role Based,0.4908287257576982,0.41927951967978655,True Robustness
art_0017,A13,A,Constraint Based,0.4075518855618106,0.37858572381587724,True Robustness
art_0017,A14,A,Constraint Based,0.42395864909307823,0.4289192795196798,True Robustness
art_0017,A15,A,Constraint Based,0.43985433897210496,0.3823382254836558,True Robustness
art_0017,A16,A,Analytical Framing,0.43476231423103145,0.7020346897931955,Fragile
art_0017,A17,A,Analytical Framing,0.3208020754934599,0.6404769846564377,Unreliable
art_0017,A18,A,Analytical Framing,0.41736988872289654,0.27801867911941297,True Robustness
art_0017,A19,A,Analytical Framing,0.2676361783511109,0.6506337558372248,Unreliable
art_0017,A20,A,Output Format,0.42864387859072944,0.6862408272181454,Fragile
art_0017,A21,A,Output Format,0.29920156440801093,0.5979819879919946,Unreliable
art_0017,A22,A,Output Format,0.40509850970572897,0.5982988659106071,Fragile
art_0017,A23,A,Audience Perspective,0.41908231254977485,0.3156771180787191,True Robustness
art_0017,A24,A,Audience Perspective,0.5304075972073607,0.6773182121414276,Fragile
art_0017,A25,A,Audience Perspective,0.4299551213367118,0.5722314876584389,Fragile
art_0017,A26,A,Emphasis Focus,0.42548087155446407,0.431320880587058,True Robustness
art_0017,A27,A,Emphasis Focus,0.41263742979305484,0.47630086724482995,True Robustness
art_0017,A28,A,Emphasis Focus,0.2324223762171136,0.33582388258839224,Consistently Poor
art_0017,A29,A,Tone Register,0.4692571507145961,0.6429286190793863,Fragile
art_0017,A30,A,Tone Register,0.39357892645315995,0.3597231487658439,True Robustness
art_0017,A31,A,Tone Register,0.27922165101497537,0.6107905270180121,Unreliable
art_0017,A32,A,Tone Register,0.32477873816258374,0.5895763842561708,Unreliable
art_0017,A33,A,Completeness Framing,0.40937577986882795,0.6318045363575717,Fragile
art_0017,A34,A,Completeness Framing,0.442276806373977,0.35942294863242163,True Robustness
art_0017,A35,A,Completeness Framing,0.46548850052058693,0.306187458305537,True Robustness
art_0017,B01,B,Lexical Filter,0.4382543572147066,0.26364242828552364,True Robustness
art_0017,B02,B,Lexical Filter,0.49824527303377786,0.46514342895263505,True Robustness
art_0017,B03,B,Lexical Filter,0.44047277836749954,0.4959306204136091,True Robustness
art_0017,B04,B,Theme Isolation,0.12383221131232049,0.741711140760507,Unreliable
art_0017,B05,B,Theme Isolation,0.2222222222222222,0.7857571714476318,Unreliable
art_0017,B06,B,Theme Isolation,0.17914211253325144,0.6240160106737825,Unreliable
art_0017,B07,B,Theme Isolation,0.4314699094742536,0.53947631754503,Fragile
art_0017,B08,B,Theme Isolation,0.39604143152634297,0.5999332888592395,Fragile
art_0017,B09,B,Persona / Tone,0.18888888888888888,0.35120080053368913,Consistently Poor
art_0017,B10,B,Persona / Tone,0.34729178346137307,0.3918612408272182,Consistently Poor
art_0017,B11,B,Persona / Tone,0.4632815615584453,0.4765176784523015,True Robustness
art_0017,B12,B,Persona / Tone,0.1919174712523818,0.6449466310873916,Unreliable
art_0017,B13,B,Persona / Tone,0.3451717572700646,0.6022014676450967,Unreliable
art_0017,B14,B,Persona / Tone,0.16666666666666666,0.5478985990660441,Unreliable
art_0017,B15,B,Meta-reflection,0.2905779913016077,0.6649099399599734,Unreliable
art_0018,A01,A,Direct Command,0.40060939813653623,0.10883922615076717,True Robustness
art_0018,A02,A,Direct Command,0.4244581142129997,0.5109406270847231,Fragile
art_0018,A03,A,Direct Command,0.3946792628616094,0.17434956637758506,True Robustness
art_0018,A04,A,Direct Command,0.3788575187946359,0.20773849232821884,True Robustness
art_0018,A05,A,Question Form,0.3846708880116542,0.2041861240827218,True Robustness
art_0018,A06,A,Question Form,0.4079524129978381,0.1289859906604403,True Robustness
art_0018,A07,A,Question Form,0.39542565246423084,0.3379919946631087,True Robustness
art_0018,A08,A,Question Form,0.40366023527458306,0.3311374249499667,True Robustness
art_0018,A09,A,Role Based,0.3710689891129732,0.2661607738492328,True Robustness
art_0018,A10,A,Role Based,0.42747770802428325,0.15552034689793195,True Robustness
art_0018,A11,A,Role Based,0.34342458955943583,0.5611407605070047,Unreliable
art_0018,A12,A,Role Based,0.41064881533384323,0.30630420280186793,True Robustness
art_0018,A13,A,Constraint Based,0.3163272845248381,0.3173615743829219,Consistently Poor
art_0018,A14,A,Constraint Based,0.34048133703569566,0.19486324216144096,Consistently Poor
art_0018,A15,A,Constraint Based,0.362718387072285,0.5833222148098732,Fragile
art_0018,A16,A,Analytical Framing,0.3175019535856943,0.29619746497665106,Consistently Poor
art_0018,A17,A,Analytical Framing,0.3833333333333333,0.3011174116077385,True Robustness
art_0018,A18,A,Analytical Framing,0.33524379242832464,0.2185957304869913,Consistently Poor
art_0018,A19,A,Analytical Framing,0.41989449653774497,0.1442628418945964,True Robustness
art_0018,A20,A,Output Format,0.4002263175944487,0.24117745163442295,True Robustness
art_0018,A21,A,Output Format,0.31008836552500724,0.24072715143428955,Consistently Poor
art_0018,A22,A,Output Format,0.3752323987583319,0.41927951967978655,True Robustness
art_0018,A23,A,Audience Perspective,0.3554130792617798,0.5949799866577719,Unreliable
art_0018,A24,A,Audience Perspective,0.4114451438188553,0.28992661774516343,True Robustness
art_0018,A25,A,Audience Perspective,0.32931135427206754,0.5310040026684456,Unreliable
art_0018,A26,A,Emphasis Focus,0.31835297401218365,0.2137091394262842,Consistently Poor
art_0018,A27,A,Emphasis Focus,0.37855992556239165,0.371714476317545,True Robustness
art_0018,A28,A,Emphasis Focus,0.40285477258730684,0.1907605070046698,True Robustness
art_0018,A29,A,Tone Register,0.3518043289581934,0.28008672448298866,Consistently Poor
art_0018,A30,A,Tone Register,0.3410180846617246,0.36420947298198797,Consistently Poor
art_0018,A31,A,Tone Register,0.31402850557739537,0.4088892595063376,Consistently Poor
art_0018,A32,A,Tone Register,0.39673568295935785,0.510006671114076,Fragile
art_0018,A33,A,Completeness Framing,0.3872024989066025,0.4567878585723816,True Robustness
art_0018,A34,A,Completeness Framing,0.3797327233478427,0.17108072048032022,True Robustness
art_0018,A35,A,Completeness Framing,0.382014138251543,0.24746497665110073,True Robustness
art_0018,B01,B,Lexical Filter,0.3307324840997656,0.44337891927951967,Consistently Poor
art_0018,B02,B,Lexical Filter,0.39893805906176566,0.3563042028018679,True Robustness
art_0018,B03,B,Lexical Filter,0.38324124695112305,0.5011674449633089,Fragile
art_0018,B04,B,Theme Isolation,0.3400799040682614,0.637241494329553,Unreliable
art_0018,B05,B,Theme Isolation,0.31175858627539127,0.32228152101400936,Consistently Poor
art_0018,B06,B,Theme Isolation,0.369549828581512,0.6304369579719813,Fragile
art_0018,B07,B,Theme Isolation,0.3581874186793963,0.5104569713142094,Fragile
art_0018,B08,B,Theme Isolation,0.3734944589436054,0.47960306871247504,True Robustness
art_0018,B09,B,Persona / Tone,0.3668615532107651,0.41602735156771187,True Robustness
art_0018,B10,B,Persona / Tone,0.3055603587340253,0.16732821881254167,Consistently Poor
art_0018,B11,B,Persona / Tone,0.36440602863828336,0.2359573048699133,True Robustness
art_0018,B12,B,Persona / Tone,0.3296995708346367,0.4197631754503002,Consistently Poor
art_0018,B13,B,Persona / Tone,0.369617458122472,0.27491661107404936,True Robustness
art_0018,B14,B,Persona / Tone,0.26666666666666666,0.44224482988659103,Consistently Poor
art_0018,B15,B,Meta-reflection,0.34503699603180094,0.302901934623082,Consistently Poor
art_0019,A01,A,Direct Command,0.3456971794366836,0.266177451634423,Consistently Poor
art_0019,A02,A,Direct Command,0.4060532084355752,0.5357238158772515,Fragile
art_0019,A03,A,Direct Command,0.43019871524086706,0.47973649099399596,True Robustness
art_0019,A04,A,Direct Command,0.497494757451393,0.46350900600400263,True Robustness
art_0019,A05,A,Question Form,0.3335870520936118,0.3612908605737158,Consistently Poor
art_0019,A06,A,Question Form,0.44037172150004783,0.5085390260173449,Fragile
art_0019,A07,A,Question Form,0.37402294700344396,0.7900100066711141,Fragile
art_0019,A08,A,Question Form,0.2559017485904473,0.8470980653769179,Unreliable
art_0019,A09,A,Role Based,0.373235661122534,0.6379586390927284,Fragile
art_0019,A10,A,Role Based,0.4599576713862243,0.24643095396931286,True Robustness
art_0019,A11,A,Role Based,0.4412725766499837,0.6310707138092061,Fragile
art_0019,A12,A,Role Based,0.4254325613103531,0.6215143428952634,Fragile
art_0019,A13,A,Constraint Based,0.33031603197256715,0.0359739826551034,Consistently Poor
art_0019,A14,A,Constraint Based,0.5025337334308358,0.44401267511674447,True Robustness
art_0019,A15,A,Constraint Based,0.5016905011402236,0.5948465643762508,Fragile
art_0019,A16,A,Analytical Framing,0.46406936055670184,0.620513675783856,Fragile
art_0019,A17,A,Analytical Framing,0.36155344576885295,0.590143428952635,Fragile
art_0019,A18,A,Analytical Framing,0.5099650824235545,0.36622748498999336,True Robustness
art_0019,A19,A,Analytical Framing,0.32898782166065993,0.45882254836557695,Consistently Poor
art_0019,A20,A,Output Format,0.3781008815599812,0.4210807204803202,True Robustness
art_0019,A21,A,Output Format,0.3219279075662294,0.23929286190793864,Consistently Poor
art_0019,A22,A,Output Format,0.39889164462133686,0.22251501000667112,True Robustness
art_0019,A23,A,Audience Perspective,0.47739171964564814,0.5921447631754503,Fragile
art_0019,A24,A,Audience Perspective,0.41753882859592073,0.349733155436958,True Robustness
art_0019,A25,A,Audience Perspective,0.48408772713608217,0.536307538358906,Fragile
art_0019,A26,A,Emphasis Focus,0.422824603902107,0.5379419613075384,Fragile
art_0019,A27,A,Emphasis Focus,0.41100106622885774,0.4226817878585724,True Robustness
art_0019,A28,A,Emphasis Focus,0.192270762666508,0.8408939292861908,Unreliable
art_0019,A29,A,Tone Register,0.5172875711211452,0.6035023348899267,Fragile
art_0019,A30,A,Tone Register,0.43467786977136574,0.6500667111407605,Fragile
art_0019,A31,A,Tone Register,0.4602907632857009,0.6652935290193462,Fragile
art_0019,A32,A,Tone Register,0.36131656363054554,0.7899599733155437,Fragile
art_0019,A33,A,Completeness Framing,0.3856858885674564,0.6366911274182789,Fragile
art_0019,A34,A,Completeness Framing,0.4840894638112298,0.37199799866577715,True Robustness
art_0019,A35,A,Completeness Framing,0.45553767418971763,0.5555870580386925,Fragile
art_0019,B01,B,Lexical Filter,0.3230292147232427,0.6375750500333556,Unreliable
art_0019,B02,B,Lexical Filter,0.4267268961778394,0.37733488992661773,True Robustness
art_0019,B03,B,Lexical Filter,0.3297829102310869,0.5567378252168111,Unreliable
art_0019,B04,B,Theme Isolation,0.3297997112472162,0.9520346897931954,Unreliable
art_0019,B05,B,Theme Isolation,0.3275860041655876,0.6625583722481655,Unreliable
art_0019,B06,B,Theme Isolation,0.2910856270679721,0.5956137424949967,Unreliable
art_0019,B07,B,Theme Isolation,0.3690051640194185,0.7536357571714476,Fragile
art_0019,B08,B,Theme Isolation,0.5165206543687317,0.6700967311541027,Fragile
art_0019,B09,B,Persona / Tone,0.212962962962963,0.4850400266844563,Consistently Poor
art_0019,B10,B,Persona / Tone,0.3660698882131665,0.44226150767178113,True Robustness
art_0019,B11,B,Persona / Tone,0.5364864278170797,0.33502334889926616,True Robustness
art_0019,B12,B,Persona / Tone,0.3003577889667617,0.701717811874583,Unreliable
art_0019,B13,B,Persona / Tone,0.3786185863449376,0.5093062041360907,Fragile
art_0019,B14,B,Persona / Tone,0.13888888888888887,0.58420613742495,Unreliable
art_0019,B15,B,Meta-reflection,0.3016506436246413,0.6126084056037359,Unreliable
art_0020,A01,A,Direct Command,0.5774915077620082,0.37083055370246826,True Robustness
art_0020,A02,A,Direct Command,0.6219785826073753,0.5280687124749832,Fragile
art_0020,A03,A,Direct Command,0.5812977676590282,0.21989659773182124,True Robustness
art_0020,A04,A,Direct Command,0.4916788836320241,0.36355903935957307,True Robustness
art_0020,A05,A,Question Form,0.4586197154389487,0.5617244829886592,Fragile
art_0020,A06,A,Question Form,0.29856506797174615,0.7903268845897263,Unreliable
art_0020,A07,A,Question Form,0.47830611674322016,0.8396764509673115,Fragile
art_0020,A08,A,Question Form,0.42517625209358006,0.7508839226150767,Fragile
art_0020,A09,A,Role Based,0.6453464527924857,0.3665110073382255,True Robustness
art_0020,A10,A,Role Based,0.5157600873046452,0.45078385590393594,True Robustness
art_0020,A11,A,Role Based,0.4652269937925868,0.4727818545697131,True Robustness
art_0020,A12,A,Role Based,0.522037246161037,0.3219479653102068,True Robustness
art_0020,A13,A,Constraint Based,0.41900339722633356,0.19543028685790526,True Robustness
art_0020,A14,A,Constraint Based,0.46543315425515175,0.5078385590393597,Fragile
art_0020,A15,A,Constraint Based,0.5610265963607364,0.6179786524349566,Fragile
art_0020,A16,A,Analytical Framing,0.41574506016655094,0.39346230820547035,True Robustness
art_0020,A17,A,Analytical Framing,0.3373144987142748,0.7520847231487658,Unreliable
art_0020,A18,A,Analytical Framing,0.5896874806947179,0.5687291527685123,Fragile
art_0020,A19,A,Analytical Framing,0.3591254272808631,0.8697464976651101,Fragile
art_0020,A20,A,Output Format,0.581934315462907,0.2706804536357572,True Robustness
art_0020,A21,A,Output Format,0.5769943669438361,0.127368245496998,True Robustness
art_0020,A22,A,Output Format,0.5762578828467263,0.5692961974649766,Fragile
art_0020,A23,A,Audience Perspective,0.46508416905999184,0.604586390927285,Fragile
art_0020,A24,A,Audience Perspective,0.593777602745427,0.4018012008005337,True Robustness
art_0020,A25,A,Audience Perspective,0.5393041595816611,0.4589726484322882,True Robustness
art_0020,A26,A,Emphasis Focus,0.37865028175939286,0.7569212808539026,Fragile
art_0020,A27,A,Emphasis Focus,0.47246861002511453,0.7573215476984656,Fragile
art_0020,A28,A,Emphasis Focus,0.3505393546074629,0.7605737158105403,Unreliable
art_0020,A29,A,Tone Register,0.5177273750305176,0.4514009339559707,True Robustness
art_0020,A30,A,Tone Register,0.49290565318531465,0.46562708472314873,True Robustness
art_0020,A31,A,Tone Register,0.40794627327058053,0.4828552368245496,True Robustness
art_0020,A32,A,Tone Register,0.44799187034368515,0.5600400266844563,Fragile
art_0020,A33,A,Completeness Framing,0.5199259569247564,0.3399266177451634,True Robustness
art_0020,A34,A,Completeness Framing,0.5301014383633932,0.5032354903268845,Fragile
art_0020,A35,A,Completeness Framing,0.4415872734453943,0.5413442294863242,Fragile
art_0020,B01,B,Lexical Filter,0.5446495339274406,0.4379419613075384,True Robustness
art_0020,B02,B,Lexical Filter,0.5218852683901787,0.24319546364242828,True Robustness
art_0020,B03,B,Lexical Filter,0.4128450457420614,0.3683288859239493,True Robustness
art_0020,B04,B,Theme Isolation,0.425997175121059,0.9565710473649098,Fragile
art_0020,B05,B,Theme Isolation,0.38310065244634944,0.6240493662441629,Fragile
art_0020,B06,B,Theme Isolation,0.30600101066132385,0.762891927951968,Unreliable
art_0020,B07,B,Theme Isolation,0.49258139098270076,0.7447298198799199,Fragile
art_0020,B08,B,Theme Isolation,0.4642170415156417,0.7176450967311541,Fragile
art_0020,B09,B,Persona / Tone,0.2638888888888889,0.4379753168779186,Consistently Poor
art_0020,B10,B,Persona / Tone,0.43452253275447417,0.6944629753168781,Fragile
art_0020,B11,B,Persona / Tone,0.6545966540773711,0.2870413609072715,True Robustness
art_0020,B12,B,Persona / Tone,0.48635392884413403,0.22331554369579718,True Robustness
art_0020,B13,B,Persona / Tone,0.4087821782256167,0.5779186124082721,Fragile
art_0020,B14,B,Persona / Tone,0.2638888888888889,0.6693795863909273,Unreliable
art_0020,B15,B,Meta-reflection,0.3956660089186496,0.7551200800533691,Fragile
art_0021,A01,A,Direct Command,0.26963784893353776,0.25106737825216807,Consistently Poor
art_0021,A02,A,Direct Command,0.24337927798430126,0.37660106737825216,Consistently Poor
art_0021,A03,A,Direct Command,0.2664023949454228,0.25388592394929954,Consistently Poor
art_0021,A04,A,Direct Command,0.25747010403623183,0.2897098065376918,Consistently Poor
art_0021,A05,A,Question Form,0.16603330595729252,0.3305870580386925,Consistently Poor
art_0021,A06,A,Question Form,0.25,0.39267845230153436,Consistently Poor
art_0021,A07,A,Question Form,0.21009503357733292,0.7171614409606404,Unreliable
art_0021,A08,A,Question Form,0.16666666666666666,0.3127084723148766,Consistently Poor
art_0021,A09,A,Role Based,0.25502616676191486,0.4291194129419613,Consistently Poor
art_0021,A10,A,Role Based,0.21420037789891164,0.2400100066711141,Consistently Poor
art_0021,A11,A,Role Based,0.20977537610257666,0.27083055370246834,Consistently Poor
art_0021,A12,A,Role Based,0.22140468237921596,0.4086390927284857,Consistently Poor
art_0021,A13,A,Constraint Based,0.15851255171000958,0.4230153435623749,Consistently Poor
art_0021,A14,A,Constraint Based,0.22692703964809577,0.18925950633755836,Consistently Poor
art_0021,A15,A,Constraint Based,0.27066478996227183,0.5229319546364243,Unreliable
art_0021,A16,A,Analytical Framing,0.20974238477647303,0.3387925283522348,Consistently Poor
art_0021,A17,A,Analytical Framing,0.21666666666666665,0.6709472981987992,Unreliable
art_0021,A18,A,Analytical Framing,0.18333333333333332,0.20705470313542357,Consistently Poor
art_0021,A19,A,Analytical Framing,0.1336319023510441,0.4448298865910607,Consistently Poor
art_0021,A20,A,Output Format,0.2604230869561434,0.454469646430954,Consistently Poor
art_0021,A21,A,Output Format,0.19130416388312976,0.6923282188125417,Unreliable
art_0021,A22,A,Output Format,0.26552043184638024,0.34526350900600405,Consistently Poor
art_0021,A23,A,Audience Perspective,0.26686539718260366,0.523415610406938,Unreliable
art_0021,A24,A,Audience Perspective,0.2770595868428548,0.26292528352234823,Consistently Poor
art_0021,A25,A,Audience Perspective,0.29791175890713933,0.4369913275517011,Consistently Poor
art_0021,A26,A,Emphasis Focus,0.21214026659727095,0.4176117411607738,Consistently Poor
art_0021,A27,A,Emphasis Focus,0.2526865798048675,0.36422615076717807,Consistently Poor
art_0021,A28,A,Emphasis Focus,0.21178772293496875,0.5183955970647098,Unreliable
art_0021,A29,A,Tone Register,0.24290529371549685,0.22995330220146762,Consistently Poor
art_0021,A30,A,Tone Register,0.18944936251888675,0.48102068045363566,Consistently Poor
art_0021,A31,A,Tone Register,0.21666666666666665,0.6797865243495663,Unreliable
art_0021,A32,A,Tone Register,0.22222302875791985,0.6870580386924616,Unreliable
art_0021,A33,A,Completeness Framing,0.18490005355949204,0.6134089392928619,Unreliable
art_0021,A34,A,Completeness Framing,0.2694295654383798,0.4451467645096731,Consistently Poor
art_0021,A35,A,Completeness Framing,0.24691586022575696,0.308155436957972,Consistently Poor
art_0021,B01,B,Lexical Filter,0.2217290150622527,0.4045863909272848,Consistently Poor
art_0021,B02,B,Lexical Filter,0.26530656261990465,0.3131420947298199,Consistently Poor
art_0021,B03,B,Lexical Filter,0.24280561488121746,0.3015677118078719,Consistently Poor
art_0021,B04,B,Theme Isolation,0.21858323564132054,0.7364242828552368,Unreliable
art_0021,B05,B,Theme Isolation,0.2503411250266557,0.42536691127418275,Consistently Poor
art_0021,B06,B,Theme Isolation,0.11731445398181677,0.48612408272181457,Consistently Poor
art_0021,B07,B,Theme Isolation,0.26335951695218685,0.6936791194129418,Unreliable
art_0021,B08,B,Theme Isolation,0.3024597027959923,0.5272681787858572,Unreliable
art_0021,B09,B,Persona / Tone,0.19999999999999998,0.12638425617078053,Consistently Poor
art_0021,B10,B,Persona / Tone,0.21975698096212,0.30090060040026684,Consistently Poor
art_0021,B11,B,Persona / Tone,0.26700435963769753,0.4120413609072715,Consistently Poor
art_0021,B12,B,Persona / Tone,0.23310854639858009,0.595263509006004,Unreliable
art_0021,B13,B,Persona / Tone,0.20629657153428219,0.4613408939292861,Consistently Poor
art_0021,B14,B,Persona / Tone,0.15,0.4440460306871248,Consistently Poor
art_0021,B15,B,Meta-reflection,0.1487473518277208,0.5219479653102068,Unreliable
art_0022,A01,A,Direct Command,0.6664025286833445,0.01796197464976651,True Robustness
art_0022,A02,A,Direct Command,0.5363566552599272,0.8706304202801869,Fragile
art_0022,A03,A,Direct Command,0.6654095873236656,0.46442628418945975,True Robustness
art_0022,A04,A,Direct Command,0.6516494254271189,0.39167778519012675,True Robustness
art_0022,A05,A,Question Form,0.6165546476840973,0.4654936624416278,True Robustness
art_0022,A06,A,Question Form,0.5205760250488917,0.5271347565043363,Fragile
art_0022,A07,A,Question Form,0.3550041764974594,0.771314209472982,Unreliable
art_0022,A08,A,Question Form,0.31385344903295237,0.820263509006004,Unreliable
art_0022,A09,A,Role Based,0.7051560804247856,0.16287525016677784,True Robustness
art_0022,A10,A,Role Based,0.5928384823103746,0.45363575717144766,True Robustness
art_0022,A11,A,Role Based,0.5827249959111214,0.6092394929953302,Fragile
art_0022,A12,A,Role Based,0.6495030832787355,0.6816377585056704,Fragile
art_0022,A13,A,Constraint Based,0.2918014278014501,0.34224482988659105,Consistently Poor
art_0022,A14,A,Constraint Based,0.6224618231256803,0.20148432288192128,True Robustness
art_0022,A15,A,Constraint Based,0.6808823496103287,0.498165443629086,True Robustness
art_0022,A16,A,Analytical Framing,0.543455608189106,0.3220480320213476,True Robustness
art_0022,A17,A,Analytical Framing,0.4611083319177851,0.7991494329553035,Fragile
art_0022,A18,A,Analytical Framing,0.5095381705711285,0.5111741160773849,Fragile
art_0022,A19,A,Analytical Framing,0.5871327805022398,0.7966644429619747,Fragile
art_0022,A20,A,Output Format,0.640911053866148,0.4481821214142762,True Robustness
art_0022,A21,A,Output Format,0.4215606674551964,0.3996831220813876,True Robustness
art_0022,A22,A,Output Format,0.6346496492624283,0.557238158772515,Fragile
art_0022,A23,A,Audience Perspective,0.6158539298921824,0.7917945296864577,Fragile
art_0022,A24,A,Audience Perspective,0.6596038962403933,0.08260507004669781,True Robustness
art_0022,A25,A,Audience Perspective,0.6485362177093824,0.6615577051367578,Fragile
art_0022,A26,A,Emphasis Focus,0.5179316798845927,0.6976651100733823,Fragile
art_0022,A27,A,Emphasis Focus,0.4773620230456193,0.2912108072048032,True Robustness
art_0022,A28,A,Emphasis Focus,0.5077238144973913,0.7810373582388259,Fragile
art_0022,A29,A,Tone Register,0.6563838000098864,0.5090060040026685,Fragile
art_0022,A30,A,Tone Register,0.6384026433030764,0.49613075383589067,True Robustness
art_0022,A31,A,Tone Register,0.5580788676937422,0.460390260173449,True Robustness
art_0022,A32,A,Tone Register,0.6661687692006429,0.509072715143429,Fragile
art_0022,A33,A,Completeness Framing,0.42382202049096424,0.7991994663108739,Fragile
art_0022,A34,A,Completeness Framing,0.6361945532262325,0.2879086057371581,True Robustness
art_0022,A35,A,Completeness Framing,0.6352208914856116,0.5491494329553036,Fragile
art_0022,B01,B,Lexical Filter,0.4786972999572754,0.525133422281521,Fragile
art_0022,B02,B,Lexical Filter,0.6522935951749483,0.2130420280186791,True Robustness
art_0022,B03,B,Lexical Filter,0.6293393298983574,0.556204136090727,Fragile
art_0022,B04,B,Theme Isolation,0.22341021398703256,0.8843562374916611,Unreliable
art_0022,B05,B,Theme Isolation,0.5084882316490015,0.6336224149432955,Fragile
art_0022,B06,B,Theme Isolation,0.32062868525584537,0.6869913275517011,Unreliable
art_0022,B07,B,Theme Isolation,0.583755831544598,0.750383589059373,Fragile
art_0022,B08,B,Theme Isolation,0.5159979872405529,0.6245163442294862,Fragile
art_0022,B09,B,Persona / Tone,0.3125,0.4946464309539694,Consistently Poor
art_0022,B10,B,Persona / Tone,0.6305354001621405,0.5827551701134089,Fragile
art_0022,B11,B,Persona / Tone,0.6366288860638937,0.1984322881921281,True Robustness
art_0022,B12,B,Persona / Tone,0.5076010331511498,0.7521014009339559,Fragile
art_0022,B13,B,Persona / Tone,0.5098324116940299,0.6815376917945297,Fragile
art_0022,B14,B,Persona / Tone,0.3333333333333333,0.6034022681787858,Unreliable
art_0022,B15,B,Meta-reflection,0.38218022510409355,0.599349566377585,Fragile
art_0023,A01,A,Direct Command,0.3076012270190777,0.6043862575050033,Unreliable
art_0023,A02,A,Direct Command,0.32820627028838945,0.741977985323549,Unreliable
art_0023,A03,A,Direct Command,0.3279510767031939,0.3964142761841228,Consistently Poor
art_0023,A04,A,Direct Command,0.3520668361527033,0.5936290860573716,Unreliable
art_0023,A05,A,Question Form,0.26186626681532615,0.44921614409606403,Consistently Poor
art_0023,A06,A,Question Form,0.3146172251480703,0.5175950633755837,Unreliable
art_0023,A07,A,Question Form,0.23731655651369155,0.7965310206804536,Unreliable
art_0023,A08,A,Question Form,0.17779356794646728,0.6297698465643762,Unreliable
art_0023,A09,A,Role Based,0.36180379279913044,0.528552368245497,Fragile
art_0023,A10,A,Role Based,0.31863615449326926,0.5154769846564375,Unreliable
art_0023,A11,A,Role Based,0.3093037103326657,0.5975483655770514,Unreliable
art_0023,A12,A,Role Based,0.3220014715901552,0.6845730486991327,Unreliable
art_0023,A13,A,Constraint Based,0.24513598435964343,0.6561040693795865,Unreliable
art_0023,A14,A,Constraint Based,0.316705126219835,0.2769346230820547,Consistently Poor
art_0023,A15,A,Constraint Based,0.32440762527478045,0.5503002001334223,Unreliable
art_0023,A16,A,Analytical Framing,0.3372774640432535,0.6151767845230154,Unreliable
art_0023,A17,A,Analytical Framing,0.18758574266655326,0.8085223482321547,Unreliable
art_0023,A18,A,Analytical Framing,0.28818926888589674,0.4933955970647098,Consistently Poor
art_0023,A19,A,Analytical Framing,0.2685172982418384,0.5712808539026017,Unreliable
art_0023,A20,A,Output Format,0.3020864375508749,0.5338892595063376,Unreliable
art_0023,A21,A,Output Format,0.3046187144250442,0.4387424949966644,Consistently Poor
art_0023,A22,A,Output Format,0.296293405481638,0.6616410940627084,Unreliable
art_0023,A23,A,Audience Perspective,0.2938457482900375,0.6479152768512342,Unreliable
art_0023,A24,A,Audience Perspective,0.2974335492994541,0.4487491661107405,Consistently Poor
art_0023,A25,A,Audience Perspective,0.26925020755674595,0.6933288859239493,Unreliable
art_0023,A26,A,Emphasis Focus,0.3579820984473023,0.4399432955303536,Consistently Poor
art_0023,A27,A,Emphasis Focus,0.24748290115250993,0.4818212141427618,Consistently Poor
art_0023,A28,A,Emphasis Focus,0.1402925536609613,0.8643762508338892,Unreliable
art_0023,A29,A,Tone Register,0.3346989380721099,0.6562708472314875,Unreliable
art_0023,A30,A,Tone Register,0.2871412276648558,0.6947298198799199,Unreliable
art_0023,A31,A,Tone Register,0.2677932120665597,0.6232655103402268,Unreliable
art_0023,A32,A,Tone Register,0.30084860616196424,0.6327218145430288,Unreliable
art_0023,A33,A,Completeness Framing,0.2558701836910003,0.6479986657771847,Unreliable
art_0023,A34,A,Completeness Framing,0.3398545862485965,0.49309539693128746,Consistently Poor
art_0023,A35,A,Completeness Framing,0.3486873537588578,0.7169946631087393,Unreliable
art_0023,B01,B,Lexical Filter,0.25191551661835265,0.5366911274182787,Unreliable
art_0023,B02,B,Lexical Filter,0.2931594636577826,0.5280520346897932,Unreliable
art_0023,B03,B,Lexical Filter,0.2561322425563748,0.6327218145430287,Unreliable
art_0023,B04,B,Theme Isolation,0.18109059570512423,0.7915443629086057,Unreliable
art_0023,B05,B,Theme Isolation,0.19238875882150844,0.7626584389593062,Unreliable
art_0023,B06,B,Theme Isolation,0.21954736668759814,0.6975483655770514,Unreliable
art_0023,B07,B,Theme Isolation,0.28103081206791103,0.5566711140760506,Unreliable
art_0023,B08,B,Theme Isolation,0.22211718559265137,0.6112408272181454,Unreliable
art_0023,B09,B,Persona / Tone,0.1153846153846154,0.20667111407605068,Consistently Poor
art_0023,B10,B,Persona / Tone,0.18769206239197114,0.41872915276851236,Consistently Poor
art_0023,B11,B,Persona / Tone,0.3017862792580556,0.5237991994663109,Unreliable
art_0023,B12,B,Persona / Tone,0.25277284005513556,0.5861240827218145,Unreliable
art_0023,B13,B,Persona / Tone,0.24018346933343518,0.5014676450967311,Unreliable
art_0023,B14,B,Persona / Tone,0.17948717948717952,0.5769346230820547,Unreliable
art_0023,B15,B,Meta-reflection,0.24942291346498027,0.6223815877251502,Unreliable
art_0024,A01,A,Direct Command,0.24905356268088022,0.2980653769179453,Consistently Poor
art_0024,A02,A,Direct Command,0.2594208450367053,0.621180787191461,Unreliable
art_0024,A03,A,Direct Command,0.25468109423915547,0.40446964643095396,Consistently Poor
art_0024,A04,A,Direct Command,0.32372852725287277,0.37213142094729823,Consistently Poor
art_0024,A05,A,Question Form,0.21448838710784912,0.5718312208138759,Unreliable
art_0024,A06,A,Question Form,0.10768954548984766,0.6035690460306872,Unreliable
art_0024,A07,A,Question Form,0.19220169043789306,0.7544029352901934,Unreliable
art_0024,A08,A,Question Form,0.07480799620194982,0.6817378252168111,Unreliable
art_0024,A09,A,Role Based,0.273853683223327,0.5808539026017345,Unreliable
art_0024,A10,A,Role Based,0.30147551263992983,0.7016844563042028,Unreliable
art_0024,A11,A,Role Based,0.30137188111742336,0.503418945963976,Unreliable
art_0024,A12,A,Role Based,0.24255474284291267,0.6308705803869247,Unreliable
art_0024,A13,A,Constraint Based,0.11636538058519363,0.3931120747164776,Consistently Poor
art_0024,A14,A,Constraint Based,0.3383306562900543,0.2664609739826551,Consistently Poor
art_0024,A15,A,Constraint Based,0.2793311762313048,0.6645597064709807,Unreliable
art_0024,A16,A,Analytical Framing,0.25,0.35220146764509674,Consistently Poor
art_0024,A17,A,Analytical Framing,0.09935385640710592,0.5010840560373583,Unreliable
art_0024,A18,A,Analytical Framing,0.15497045762216052,0.6518178785857238,Unreliable
art_0024,A19,A,Analytical Framing,0.1253318403226634,0.7156270847231488,Unreliable
art_0024,A20,A,Output Format,0.2475426842768987,0.3133755837224817,Consistently Poor
art_0024,A21,A,Output Format,0.16827705564598242,0.2644429619746498,Consistently Poor
art_0024,A22,A,Output Format,0.29687902082999545,0.5787691794529686,Unreliable
art_0024,A23,A,Audience Perspective,0.2978668448825677,0.8421447631754503,Unreliable
art_0024,A24,A,Audience Perspective,0.23688766360282898,0.5677451634422949,Unreliable
art_0024,A25,A,Audience Perspective,0.22247849342723688,0.7655603735823883,Unreliable
art_0024,A26,A,Emphasis Focus,0.18793205016603073,0.7199132755170115,Unreliable
art_0024,A27,A,Emphasis Focus,0.3209114425505201,0.3389426284189459,Consistently Poor
art_0024,A28,A,Emphasis Focus,0.13268835780521235,0.6816544362908605,Unreliable
art_0024,A29,A,Tone Register,0.38739830317596596,0.5809706470980653,Fragile
art_0024,A30,A,Tone Register,0.2494530255595843,0.4262508338892595,Consistently Poor
art_0024,A31,A,Tone Register,0.25055121979676187,0.6737158105403603,Unreliable
art_0024,A32,A,Tone Register,0.24067954843242964,0.5582054703135423,Unreliable
art_0024,A33,A,Completeness Framing,0.15456859581172466,0.7111741160773849,Unreliable
art_0024,A34,A,Completeness Framing,0.3407727205194533,0.5350567044696464,Unreliable
art_0024,A35,A,Completeness Framing,0.2513687682027618,0.3998832555036691,Consistently Poor
art_0024,B01,B,Lexical Filter,0.2502120230346918,0.39481320880587056,Consistently Poor
art_0024,B02,B,Lexical Filter,0.2730458465715249,0.37695130086724477,Consistently Poor
art_0024,B03,B,Lexical Filter,0.22538373557229838,0.541577718478986,Unreliable
art_0024,B04,B,Theme Isolation,0.19949619037409624,0.9424616410940627,Unreliable
art_0024,B05,B,Theme Isolation,0.13713206257671118,0.619879919946631,Unreliable
art_0024,B06,B,Theme Isolation,0.14573493328255913,0.6968312208138758,Unreliable
art_0024,B07,B,Theme Isolation,0.23747546381006637,0.6784689793195464,Unreliable
art_0024,B08,B,Theme Isolation,0.28838714708884555,0.6542861907938625,Unreliable
art_0024,B09,B,Persona / Tone,0.10416666666666667,0.4359406270847231,Consistently Poor
art_0024,B10,B,Persona / Tone,0.18253903121997914,0.5111074049366244,Unreliable
art_0024,B11,B,Persona / Tone,0.36862125620245934,0.5254336224149433,Fragile
art_0024,B12,B,Persona / Tone,0.2067584440112114,0.3165443629086057,Consistently Poor
art_0024,B13,B,Persona / Tone,0.16686639484638968,0.2973815877251501,Consistently Poor
art_0024,B14,B,Persona / Tone,0.07291666666666667,0.5322548365577051,Unreliable
art_0024,B15,B,Meta-reflection,0.1259357170589889,0.45747164776517674,Consistently Poor
art_0025,A01,A,Direct Command,0.40840712491245496,0.3391427618412275,True Robustness
art_0025,A02,A,Direct Command,0.384162282659894,0.8430787191460974,Fragile
art_0025,A03,A,Direct Command,0.43765216515887356,0.3777184789859907,True Robustness
art_0025,A04,A,Direct Command,0.4004512932151556,0.6220647098065377,Fragile
art_0025,A05,A,Question Form,0.42814901364701136,0.28907605070046705,True Robustness
art_0025,A06,A,Question Form,0.36198111734397354,0.4296364242828552,True Robustness
art_0025,A07,A,Question Form,0.34254130377389846,0.7552868579052702,Unreliable
art_0025,A08,A,Question Form,0.3887281957348543,0.7262174783188793,Fragile
art_0025,A09,A,Role Based,0.44759178064053967,0.4765510340226818,True Robustness
art_0025,A10,A,Role Based,0.396273908693166,0.2089559706470981,True Robustness
art_0025,A11,A,Role Based,0.3731505200266838,0.7112074716477652,Fragile
art_0025,A12,A,Role Based,0.4175495926202053,0.4321881254169446,True Robustness
art_0025,A13,A,Constraint Based,0.37097879286323265,0.13569046030687124,True Robustness
art_0025,A14,A,Constraint Based,0.40011486956583603,0.37466644429619744,True Robustness
art_0025,A15,A,Constraint Based,0.40551458104025756,0.30728819212808534,True Robustness
art_0025,A16,A,Analytical Framing,0.38255679580782137,0.6501834556370913,Fragile
art_0025,A17,A,Analytical Framing,0.3531171385464924,0.6933455637091395,Unreliable
art_0025,A18,A,Analytical Framing,0.4081070043279657,0.5823549032688459,Fragile
art_0025,A19,A,Analytical Framing,0.368746174277649,0.7220313542361573,Fragile
art_0025,A20,A,Output Format,0.4057074739109901,0.40717144763175445,True Robustness
art_0025,A21,A,Output Format,0.41774594925698777,0.3954969979986658,True Robustness
art_0025,A22,A,Output Format,0.46150674759632065,0.5122915276851234,Fragile
art_0025,A23,A,Audience Perspective,0.35713815967374973,0.6347064709806538,Unreliable
art_0025,A24,A,Audience Perspective,0.4055828065389679,0.5743995997331555,Fragile
art_0025,A25,A,Audience Perspective,0.44126435883698006,0.4835056704469647,True Robustness
art_0025,A26,A,Emphasis Focus,0.42226857213037355,0.47183122081387585,True Robustness
art_0025,A27,A,Emphasis Focus,0.39396014383860994,0.5510840560373582,Fragile
art_0025,A28,A,Emphasis Focus,0.36143083630927975,0.8375583722481655,Fragile
art_0025,A29,A,Tone Register,0.44093744483377256,0.4313042028018679,True Robustness
art_0025,A30,A,Tone Register,0.3684557655249678,0.7991994663108739,Fragile
art_0025,A31,A,Tone Register,0.38284038485116545,0.39653102068045365,True Robustness
art_0025,A32,A,Tone Register,0.44307368417226134,0.6698298865910607,Fragile
art_0025,A33,A,Completeness Framing,0.4372792506501788,0.4619079386257505,True Robustness
art_0025,A34,A,Completeness Framing,0.40289102115535314,0.42838559039359575,True Robustness
art_0025,A35,A,Completeness Framing,0.41010476200885715,0.4730653769179453,True Robustness
art_0025,B01,B,Lexical Filter,0.2973564383352087,0.5150933955970647,Unreliable
art_0025,B02,B,Lexical Filter,0.42681165234673585,0.3316877918612408,True Robustness
art_0025,B03,B,Lexical Filter,0.39635510241524097,0.5408272181454303,Fragile
art_0025,B04,B,Theme Isolation,0.2759556670983632,0.8434456304202803,Unreliable
art_0025,B05,B,Theme Isolation,0.3333333333333333,0.5492995330220147,Unreliable
art_0025,B06,B,Theme Isolation,0.36983802925568027,0.7033022014676451,Fragile
art_0025,B07,B,Theme Isolation,0.3807789068669081,0.6929953302201467,Fragile
art_0025,B08,B,Theme Isolation,0.4408048573199526,0.7052368245496997,Fragile
art_0025,B09,B,Persona / Tone,0.3214285714285714,0.5023015343562375,Unreliable
art_0025,B10,B,Persona / Tone,0.32897506324973486,0.48462308205470317,Consistently Poor
art_0025,B11,B,Persona / Tone,0.46497791171783504,0.2874583055370246,True Robustness
art_0025,B12,B,Persona / Tone,0.38086768726685216,0.7825717144763176,Fragile
art_0025,B13,B,Persona / Tone,0.3776973207270549,0.41410940627084725,True Robustness
art_0025,B14,B,Persona / Tone,0.36904761904761907,0.4278685790527018,True Robustness
art_0025,B15,B,Meta-reflection,0.35303674837840454,0.5289859906604403,Unreliable
art_0026,A01,A,Direct Command,0.3871627233370587,0.4902768512341561,True Robustness
art_0026,A02,A,Direct Command,0.4678099334791855,0.6412108072048032,Fragile
art_0026,A03,A,Direct Command,0.49632726388948933,0.34071047364909934,True Robustness
art_0026,A04,A,Direct Command,0.5158258074963534,0.47810206804536354,True Robustness
art_0026,A05,A,Question Form,0.28606069184563776,0.36732821881254174,Consistently Poor
art_0026,A06,A,Question Form,0.3189923975237266,0.5112741827885257,Unreliable
art_0026,A07,A,Question Form,0.30293518166851113,0.6256504336224149,Unreliable
art_0026,A08,A,Question Form,0.21111457211965765,0.6233155436957972,Unreliable
art_0026,A09,A,Role Based,0.46451772956384546,0.603418945963976,Fragile
art_0026,A10,A,Role Based,0.4098763323768422,0.5342895263509007,Fragile
art_0026,A11,A,Role Based,0.4925763877453628,0.5175950633755837,Fragile
art_0026,A12,A,Role Based,0.39706782541341257,0.5466977985323549,Fragile
art_0026,A13,A,Constraint Based,0.3295012613137563,0.3510840560373582,Consistently Poor
art_0026,A14,A,Constraint Based,0.4736810461790473,0.5460306871247498,Fragile
art_0026,A15,A,Constraint Based,0.4651574528327695,0.6190960640426951,Fragile
art_0026,A16,A,Analytical Framing,0.33865159981090714,0.645513675783856,Unreliable
art_0026,A17,A,Analytical Framing,0.29117550735396364,0.7116744496330888,Unreliable
art_0026,A18,A,Analytical Framing,0.4376476955496602,0.48395597064709805,True Robustness
art_0026,A19,A,Analytical Framing,0.25440693143065324,0.7785857238158772,Unreliable
art_0026,A20,A,Output Format,0.37238769040063574,0.4824216144096064,True Robustness
art_0026,A21,A,Output Format,0.3316130516705689,0.3150433622414943,Consistently Poor
art_0026,A22,A,Output Format,0.4084130967104876,0.7233822548365578,Fragile
art_0026,A23,A,Audience Perspective,0.3976583420643928,0.6097398265510341,Fragile
art_0026,A24,A,Audience Perspective,0.4413085119039925,0.4549199466310875,True Robustness
art_0026,A25,A,Audience Perspective,0.3802782700707515,0.5774516344229486,Fragile
art_0026,A26,A,Emphasis Focus,0.2969070899955652,0.5164943295530353,Unreliable
art_0026,A27,A,Emphasis Focus,0.5329777042346971,0.4191794529686457,True Robustness
art_0026,A28,A,Emphasis Focus,0.23941408870396794,0.8659773182121414,Unreliable
art_0026,A29,A,Tone Register,0.5141064978584095,0.629603068712475,Fragile
art_0026,A30,A,Tone Register,0.3764150907044057,0.5432621747831888,Fragile
art_0026,A31,A,Tone Register,0.4450946732389706,0.6102901934623082,Fragile
art_0026,A32,A,Tone Register,0.4099710103538301,0.4836224149432955,True Robustness
art_0026,A33,A,Completeness Framing,0.3384577734050927,0.823432288192128,Unreliable
art_0026,A34,A,Completeness Framing,0.5367820823082218,0.5905770513675784,Fragile
art_0026,A35,A,Completeness Framing,0.45962899481808694,0.654086057371581,Fragile
art_0026,B01,B,Lexical Filter,0.4590028999028383,0.39771514342895264,True Robustness
art_0026,B02,B,Lexical Filter,0.5329411559634738,0.5476484322881922,Fragile
art_0026,B03,B,Lexical Filter,0.40778281705247027,0.5696797865243496,Fragile
art_0026,B04,B,Theme Isolation,0.2652358788720987,0.9087891927951968,Unreliable
art_0026,B05,B,Theme Isolation,0.398751436456762,0.7258172114743163,Fragile
art_0026,B06,B,Theme Isolation,0.18173635230158214,0.618295530353569,Unreliable
art_0026,B07,B,Theme Isolation,0.4018794509616715,0.5824049366244163,Fragile
art_0026,B08,B,Theme Isolation,0.4012141238760065,0.6586891260840562,Fragile
art_0026,B09,B,Persona / Tone,0.1851851851851852,0.4945296864576384,Consistently Poor
art_0026,B10,B,Persona / Tone,0.3241879985564285,0.3642261507671781,Consistently Poor
art_0026,B11,B,Persona / Tone,0.5639954195530327,0.5036524349566377,Fragile
art_0026,B12,B,Persona / Tone,0.3518974678383933,0.472498332221481,Consistently Poor
art_0026,B13,B,Persona / Tone,0.36223207690097675,0.44903268845897265,True Robustness
art_0026,B14,B,Persona / Tone,0.16666666666666666,0.6275517011340893,Unreliable
art_0026,B15,B,Meta-reflection,0.30185609614407577,0.5877751834556371,Unreliable
art_0027,A01,A,Direct Command,0.36748812596003216,0.22975316877918614,True Robustness
art_0027,A02,A,Direct Command,0.36615251128872234,0.4432121414276184,True Robustness
art_0027,A03,A,Direct Command,0.38870109369357425,0.38822548365577053,True Robustness
art_0027,A04,A,Direct Command,0.3801693469285965,0.26242494996664445,True Robustness
art_0027,A05,A,Question Form,0.33408059428135556,0.46125750500333557,Consistently Poor
art_0027,A06,A,Question Form,0.389603305918475,0.4382921947965311,True Robustness
art_0027,A07,A,Question Form,0.34041184807817143,0.7386757838559039,Unreliable
art_0027,A08,A,Question Form,0.2727996661948661,0.643545697131421,Unreliable
art_0027,A09,A,Role Based,0.3462068798641364,0.29608072048032025,Consistently Poor
art_0027,A10,A,Role Based,0.395144725839297,0.41927951967978655,True Robustness
art_0027,A11,A,Role Based,0.3054153509438038,0.39976651100733823,Consistently Poor
art_0027,A12,A,Role Based,0.40707193315029144,0.6206971314209474,Fragile
art_0027,A13,A,Constraint Based,0.3305661330620448,0.3301200800533689,Consistently Poor
art_0027,A14,A,Constraint Based,0.35242494692405063,0.24898265510340226,Consistently Poor
art_0027,A15,A,Constraint Based,0.37737669174869853,0.3570213475650434,True Robustness
art_0027,A16,A,Analytical Framing,0.26946287353833515,0.2880753835890594,Consistently Poor
art_0027,A17,A,Analytical Framing,0.3346310709603131,0.8262341561040695,Unreliable
art_0027,A18,A,Analytical Framing,0.3234852657963832,0.4078552368245497,Consistently Poor
art_0027,A19,A,Analytical Framing,0.3534176688020428,0.5955637091394262,Unreliable
art_0027,A20,A,Output Format,0.37385281299551326,0.5176117411607738,Fragile
art_0027,A21,A,Output Format,0.3082932972659667,0.3337224816544363,Consistently Poor
art_0027,A22,A,Output Format,0.37891553590695065,0.15788859239492997,True Robustness
art_0027,A23,A,Audience Perspective,0.3287163283675909,0.6890260173448967,Unreliable
art_0027,A24,A,Audience Perspective,0.3579198531806469,0.35405270180120085,Consistently Poor
art_0027,A25,A,Audience Perspective,0.4141513717671235,0.5176450967311541,Fragile
art_0027,A26,A,Emphasis Focus,0.35720053563515347,0.5664943295530354,Unreliable
art_0027,A27,A,Emphasis Focus,0.3858443672458331,0.33155436957971984,True Robustness
art_0027,A28,A,Emphasis Focus,0.27780706125001114,0.7841561040693795,Unreliable
art_0027,A29,A,Tone Register,0.42203247422973317,0.40478652434956636,True Robustness
art_0027,A30,A,Tone Register,0.33924767561256886,0.4540527018012008,Consistently Poor
art_0027,A31,A,Tone Register,0.3801883761771023,0.3577551701134089,True Robustness
art_0027,A32,A,Tone Register,0.3428530351569255,0.5545030020013342,Unreliable
art_0027,A33,A,Completeness Framing,0.3541709178437789,0.6534189459639761,Unreliable
art_0027,A34,A,Completeness Framing,0.38342279319961864,0.14989993328885926,True Robustness
art_0027,A35,A,Completeness Framing,0.3657784126698971,0.3590393595730487,True Robustness
art_0027,B01,B,Lexical Filter,0.23484342048565546,0.620647098065377,Unreliable
art_0027,B02,B,Lexical Filter,0.37468406682213146,0.31455970647098064,True Robustness
art_0027,B03,B,Lexical Filter,0.3467469395448764,0.4904102735156772,Consistently Poor
art_0027,B04,B,Theme Isolation,0.24571426088611284,0.8923615743829219,Unreliable
art_0027,B05,B,Theme Isolation,0.32572130983074504,0.7660940627084724,Unreliable
art_0027,B06,B,Theme Isolation,0.2766030135874947,0.6542861907938626,Unreliable
art_0027,B07,B,Theme Isolation,0.3182266251339267,0.5156437625083389,Unreliable
art_0027,B08,B,Theme Isolation,0.30747934617102146,0.4448465643762508,Consistently Poor
art_0027,B09,B,Persona / Tone,0.25276823062449694,0.3916944629753169,Consistently Poor
art_0027,B10,B,Persona / Tone,0.3113805220151941,0.33258839226150766,Consistently Poor
art_0027,B11,B,Persona / Tone,0.3582816372315089,0.12354903268845899,True Robustness
art_0027,B12,B,Persona / Tone,0.29460930079221725,0.5333055370246832,Unreliable
art_0027,B13,B,Persona / Tone,0.3032486276545872,0.39112741827885256,Consistently Poor
art_0027,B14,B,Persona / Tone,0.16666666666666666,0.5694963308872582,Unreliable
art_0027,B15,B,Meta-reflection,0.30941499800731737,0.4036524349566378,Consistently Poor
art_0028,A01,A,Direct Command,0.2976924275358518,0.35982321547698465,Consistently Poor
art_0028,A02,A,Direct Command,0.3203791228123009,0.7115076717811876,Unreliable
art_0028,A03,A,Direct Command,0.2913655438770851,0.3552368245496999,Consistently Poor
art_0028,A04,A,Direct Command,0.37732270545869445,0.5175617078052035,Fragile
art_0028,A05,A,Question Form,0.3247882319963537,0.3565376917945297,Consistently Poor
art_0028,A06,A,Question Form,0.3,0.17174783188792528,Consistently Poor
art_0028,A07,A,Question Form,0.3520082782798757,0.5533689126084056,Unreliable
art_0028,A08,A,Question Form,0.30447058918992603,0.4756337558372249,Consistently Poor
art_0028,A09,A,Role Based,0.300140568614006,0.5123582388258839,Unreliable
art_0028,A10,A,Role Based,0.3292928248954316,0.2481987991994663,Consistently Poor
art_0028,A11,A,Role Based,0.34713275482257205,0.5768012008005337,Unreliable
art_0028,A12,A,Role Based,0.37638457185433555,0.46159106070713807,True Robustness
art_0028,A13,A,Constraint Based,0.29777748212218286,0.33822548365577054,Consistently Poor
art_0028,A14,A,Constraint Based,0.41413817953628795,0.36310873915943964,True Robustness
art_0028,A15,A,Constraint Based,0.35432783588767053,0.4352234823215477,Consistently Poor
art_0028,A16,A,Analytical Framing,0.36582318699608246,0.6945630420280186,Fragile
art_0028,A17,A,Analytical Framing,0.3165818366998186,0.5600066711140761,Unreliable
art_0028,A18,A,Analytical Framing,0.2949868246292075,0.40810540360240155,Consistently Poor
art_0028,A19,A,Analytical Framing,0.3094308666884899,0.4949799866577719,Consistently Poor
art_0028,A20,A,Output Format,0.31209645755589005,0.4902768512341561,Consistently Poor
art_0028,A21,A,Output Format,0.3288313003877799,0.30425283522348234,Consistently Poor
art_0028,A22,A,Output Format,0.32435289522012073,0.494462975316878,Consistently Poor
art_0028,A23,A,Audience Perspective,0.34742348280366664,0.6680286857905271,Unreliable
art_0028,A24,A,Audience Perspective,0.30803309828042985,0.4121914609739826,Consistently Poor
art_0028,A25,A,Audience Perspective,0.3766341876238584,0.2655436957971981,True Robustness
art_0028,A26,A,Emphasis Focus,0.3300921481723587,0.4002334889926617,Consistently Poor
art_0028,A27,A,Emphasis Focus,0.3011088402631382,0.19172781854569712,Consistently Poor
art_0028,A28,A,Emphasis Focus,0.29442962364604075,0.5575717144763175,Unreliable
art_0028,A29,A,Tone Register,0.4108679351086417,0.45892261507671783,True Robustness
art_0028,A30,A,Tone Register,0.3313793410857519,0.6445296864576384,Unreliable
art_0028,A31,A,Tone Register,0.38802046952769165,0.6078719146097398,Fragile
art_0028,A32,A,Tone Register,0.2810973122405509,0.6114076050700468,Unreliable
art_0028,A33,A,Completeness Framing,0.3618588781605164,0.5795863909272849,Fragile
art_0028,A34,A,Completeness Framing,0.3509340894098083,0.5982655103402269,Unreliable
art_0028,A35,A,Completeness Framing,0.363082773067678,0.6243662441627752,Fragile
art_0028,B01,B,Lexical Filter,0.2906993861931066,0.769596397598399,Unreliable
art_0028,B02,B,Lexical Filter,0.32338442678252854,0.6917778519012675,Unreliable
art_0028,B03,B,Lexical Filter,0.31978812298427023,0.6151100733822549,Unreliable
art_0028,B04,B,Theme Isolation,0.2455967058738073,0.8332555036691127,Unreliable
art_0028,B05,B,Theme Isolation,0.26666666666666666,0.6190960640426951,Unreliable
art_0028,B06,B,Theme Isolation,0.31167627066509646,0.6298198799199468,Unreliable
art_0028,B07,B,Theme Isolation,0.3823277395218611,0.5546030687124749,Fragile
art_0028,B08,B,Theme Isolation,0.3,0.31357571714476323,Consistently Poor
art_0028,B09,B,Persona / Tone,0.3,0.3844896597731821,Consistently Poor
art_0028,B10,B,Persona / Tone,0.14835763772328694,0.5251834556370913,Unreliable
art_0028,B11,B,Persona / Tone,0.45285878653327627,0.354202801867912,True Robustness
art_0028,B12,B,Persona / Tone,0.2842590698599815,0.3196631087391594,Consistently Poor
art_0028,B13,B,Persona / Tone,0.3124713849509135,0.3789859906604403,Consistently Poor
art_0028,B14,B,Persona / Tone,0.2833333333333334,0.4904936624416277,Consistently Poor
art_0028,B15,B,Meta-reflection,0.3259044305421412,0.34064376250833894,Consistently Poor
art_0029,A01,A,Direct Command,0.32930073333092225,0.49838225483655774,Unreliable
art_0029,A02,A,Direct Command,0.35300453406018323,0.4734489659773182,Consistently Poor
art_0029,A03,A,Direct Command,0.3503531362765875,0.3618245496997998,Consistently Poor
art_0029,A04,A,Direct Command,0.3600984307913444,0.536057371581054,Fragile
art_0029,A05,A,Question Form,0.3004671899745097,0.2255170113408939,Consistently Poor
art_0029,A06,A,Question Form,0.3176727850581161,0.42748498999332885,Consistently Poor
art_0029,A07,A,Question Form,0.3060589500535757,0.8026350900600401,Unreliable
art_0029,A08,A,Question Form,0.17466658153212988,0.6485156771180787,Unreliable
art_0029,A09,A,Role Based,0.3699132311038482,0.45678785857238163,True Robustness
art_0029,A10,A,Role Based,0.34238472065100306,0.3721314209472982,Consistently Poor
art_0029,A11,A,Role Based,0.28957930675301796,0.6617244829886592,Unreliable
art_0029,A12,A,Role Based,0.3511912483626451,0.6853569046030689,Unreliable
art_0029,A13,A,Constraint Based,0.3190295905447923,0.4085056704469646,Consistently Poor
art_0029,A14,A,Constraint Based,0.3473157177750881,0.3219979986657772,Consistently Poor
art_0029,A15,A,Constraint Based,0.3153094650270083,0.49366244162775186,Consistently Poor
art_0029,A16,A,Analytical Framing,0.299832133624034,0.5569379586390927,Unreliable
art_0029,A17,A,Analytical Framing,0.2328271054997085,0.6045030020013342,Unreliable
art_0029,A18,A,Analytical Framing,0.3112371163920332,0.2523015343562375,Consistently Poor
art_0029,A19,A,Analytical Framing,0.27385834103318835,0.607121414276184,Unreliable
art_0029,A20,A,Output Format,0.2987806956546429,0.6162608405603736,Unreliable
art_0029,A21,A,Output Format,0.26629653725868613,0.11874583055370247,Consistently Poor
art_0029,A22,A,Output Format,0.32228112201660103,0.602101400933956,Unreliable
art_0029,A23,A,Audience Perspective,0.3317088565956324,0.7172781854569713,Unreliable
art_0029,A24,A,Audience Perspective,0.3164814373430533,0.22526684456304202,Consistently Poor
art_0029,A25,A,Audience Perspective,0.3357458372051135,0.6359739826551034,Unreliable
art_0029,A26,A,Emphasis Focus,0.31332186320557803,0.4928452301534356,Consistently Poor
art_0029,A27,A,Emphasis Focus,0.3311731364004887,0.5160773849232821,Unreliable
art_0029,A28,A,Emphasis Focus,0.2128739024196059,0.6158105403602402,Unreliable
art_0029,A29,A,Tone Register,0.3843457929025858,0.396697798532355,True Robustness
art_0029,A30,A,Tone Register,0.32484239191772085,0.7256504336224149,Unreliable
art_0029,A31,A,Tone Register,0.3379210316313383,0.554469646430954,Unreliable
art_0029,A32,A,Tone Register,0.3287103682851944,0.6368412274849901,Unreliable
art_0029,A33,A,Completeness Framing,0.2731844781874082,0.6811541027351568,Unreliable
art_0029,A34,A,Completeness Framing,0.307268083644792,0.3823048699132755,Consistently Poor
art_0029,A35,A,Completeness Framing,0.34276115125379497,0.6625583722481654,Unreliable
art_0029,B01,B,Lexical Filter,0.34092812760709185,0.7974816544362908,Unreliable
art_0029,B02,B,Lexical Filter,0.3400460474957258,0.2962975316877918,Consistently Poor
art_0029,B03,B,Lexical Filter,0.3156880393433265,0.5976817878585724,Unreliable
art_0029,B04,B,Theme Isolation,0.2724550688409438,0.8702468312208138,Unreliable
art_0029,B05,B,Theme Isolation,0.2925460077314757,0.5854569713142095,Unreliable
art_0029,B06,B,Theme Isolation,0.22403245179567677,0.7438959306204136,Unreliable
art_0029,B07,B,Theme Isolation,0.3042477512827668,0.662491661107405,Unreliable
art_0029,B08,B,Theme Isolation,0.34408141584255,0.6087725150100067,Unreliable
art_0029,B09,B,Persona / Tone,0.16666666666666666,0.5379586390927285,Unreliable
art_0029,B10,B,Persona / Tone,0.21969483901510756,0.36067378252168114,Consistently Poor
art_0029,B11,B,Persona / Tone,0.3974712220713114,0.2582388258839226,True Robustness
art_0029,B12,B,Persona / Tone,0.25767821996257856,0.15205136757838558,Consistently Poor
art_0029,B13,B,Persona / Tone,0.28470353605464477,0.56709472981988,Unreliable
art_0029,B14,B,Persona / Tone,0.24358974358974358,0.4701967978652435,Consistently Poor
art_0029,B15,B,Meta-reflection,0.22333412072979486,0.4491994663108739,Consistently Poor
