article_id,seed_id,pool,dimension,cs_mean,sensitivity,diagnosis
art_0000,A01,A,Direct Command,0.8794452872795936,0.4520791638870358,True Robustness
art_0000,A02,A,Direct Command,0.7907769783185078,0.7562374916611073,Fragile
art_0000,A03,A,Direct Command,0.864350852675927,0.5949744273960418,Fragile
art_0000,A04,A,Direct Command,0.8436476454520837,0.5883477874138314,Fragile
art_0000,A05,A,Question Form,0.6034223769719784,0.7945741605514787,Unreliable
art_0000,A06,A,Question Form,0.7944963083435327,0.7137647320435846,Fragile
art_0000,A07,A,Question Form,0.7647145868111879,0.6007115855014453,Fragile
art_0000,A08,A,Question Form,0.5669711300959954,0.6310429175005559,Unreliable
art_0000,A09,A,Role Based,0.8308242467733531,0.49023793640204577,True Robustness
art_0000,A10,A,Role Based,0.8523327585978385,0.33360017789637536,True Robustness
art_0000,A11,A,Role Based,0.6270731798349284,0.7985768289971091,Unreliable
art_0000,A12,A,Role Based,0.8285320405012522,0.7372470535912831,Fragile
art_0000,A13,A,Constraint Based,0.7940113177666297,0.05763842561707805,True Robustness
art_0000,A14,A,Constraint Based,0.8519229915661689,0.2877918612408272,True Robustness
art_0000,A15,A,Constraint Based,0.5208984292470492,0.6515010006671114,Unreliable
art_0000,A16,A,Analytical Framing,0.8328493413252708,0.5353791416499889,Fragile
art_0000,A17,A,Analytical Framing,0.6500873332604384,0.7922615076717812,Fragile
art_0000,A18,A,Analytical Framing,0.7745714634656906,0.8410940627084722,Fragile
art_0000,A19,A,Analytical Framing,0.5400543077251849,0.872893039804314,Unreliable
art_0000,A20,A,Output Format,0.8133300240987387,0.5538803646875695,Fragile
art_0000,A21,A,Output Format,0.7450815836588541,0.5415165665999555,Fragile
art_0000,A22,A,Output Format,0.7908693154652914,0.39146097398265506,True Robustness
art_0000,A23,A,Audience Perspective,0.5523676251371702,0.788303313319991,Unreliable
art_0000,A24,A,Audience Perspective,0.8029532508972365,0.7634422948632421,Fragile
art_0000,A25,A,Audience Perspective,0.650109738493577,0.632510562597287,Fragile
art_0000,A26,A,Emphasis Focus,0.7698554010727466,0.5854569713142095,Fragile
art_0000,A27,A,Emphasis Focus,0.8644137157079501,0.34516344229486323,True Robustness
art_0000,A28,A,Emphasis Focus,0.7502382134015743,0.9101623304425173,Fragile
art_0000,A29,A,Tone Register,0.8620703942500629,0.5465421392039137,Fragile
art_0000,A30,A,Tone Register,0.755828565129867,0.6905047809650878,Fragile
art_0000,A31,A,Tone Register,0.9172460089127222,0.20498109851011784,True Robustness
art_0000,A32,A,Tone Register,0.8272663156191508,0.5242161440960641,Fragile
art_0000,A33,A,Completeness Framing,0.7784055994871335,0.6984656437625083,Fragile
art_0000,A34,A,Completeness Framing,0.8755143663057915,0.5766066266399822,Fragile
art_0000,A35,A,Completeness Framing,0.8744568561132139,0.6795196797865243,Fragile
art_0000,B01,B,Lexical Filter,0.28594110390314686,0.6619079386257505,Unreliable
art_0000,B02,B,Lexical Filter,0.8735146793799524,0.6137869690905047,Fragile
art_0000,B03,B,Lexical Filter,0.8263079929046141,0.6235267956415388,Fragile
art_0000,B04,B,Theme Isolation,0.38187907521541303,0.8735156771180786,Unreliable
art_0000,B05,B,Theme Isolation,0.8017287666981038,0.5957304869913276,Fragile
art_0000,B06,B,Theme Isolation,0.6521739008334967,0.7076717811874582,Fragile
art_0000,B07,B,Theme Isolation,0.7835567264984816,0.42237046920168997,True Robustness
art_0000,B08,B,Theme Isolation,0.7194664547076592,0.524216144096064,Fragile
art_0000,B09,B,Persona / Tone,0.7813964596925639,0.4971758950411385,True Robustness
art_0000,B10,B,Persona / Tone,0.5118081302214891,0.3694907716255281,Consistently Poor
art_0000,B11,B,Persona / Tone,0.847908629056735,0.35410273515677115,True Robustness
art_0000,B12,B,Persona / Tone,0.5953935641508836,0.6163664665332443,Unreliable
art_0000,B13,B,Persona / Tone,0.7896995521508731,0.4416277518345563,True Robustness
art_0000,B14,B,Persona / Tone,0.6822511909099725,0.658038692461641,Fragile
art_0000,B15,B,Meta-reflection,0.7881760788269533,0.8899266177451634,Fragile
art_0001,A01,A,Direct Command,0.6075093724109508,0.45590393595730483,Consistently Poor
art_0001,A02,A,Direct Command,0.6335942507893951,0.5462308205470313,Unreliable
art_0001,A03,A,Direct Command,0.6536413337345476,0.5220813875917277,Fragile
art_0001,A04,A,Direct Command,0.6408469224417651,0.38385590393595725,Consistently Poor
art_0001,A05,A,Question Form,0.6004709628997026,0.3808316655548143,Consistently Poor
art_0001,A06,A,Question Form,0.6442014933736236,0.2478541249722037,Consistently Poor
art_0001,A07,A,Question Form,0.6151950199294973,0.6531020680453635,Unreliable
art_0001,A08,A,Question Form,0.6201849966137497,0.4153880364687569,Consistently Poor
art_0001,A09,A,Role Based,0.6107560517611327,0.3607293751389815,Consistently Poor
art_0001,A10,A,Role Based,0.6710077248237751,0.23397820769401823,True Robustness
art_0001,A11,A,Role Based,0.6254881410687058,0.47040249054925504,Consistently Poor
art_0001,A12,A,Role Based,0.6386149718805596,0.575138981543251,Unreliable
art_0001,A13,A,Constraint Based,0.5645316419778047,0.15179008227707358,Consistently Poor
art_0001,A14,A,Constraint Based,0.6989127728674146,0.3161663331109628,True Robustness
art_0001,A15,A,Constraint Based,0.6132916344536675,0.07551701134089393,Consistently Poor
art_0001,A16,A,Analytical Framing,0.6932878792285918,0.3418278852568379,True Robustness
art_0001,A17,A,Analytical Framing,0.6156877671126966,0.5276851234156104,Unreliable
art_0001,A18,A,Analytical Framing,0.6592011860123387,0.3742494996664443,True Robustness
art_0001,A19,A,Analytical Framing,0.6159773209580669,0.3707805203468979,Consistently Poor
art_0001,A20,A,Output Format,0.6503086785475413,0.4630642650655993,True Robustness
art_0001,A21,A,Output Format,0.6653737492031521,0.4787191460973982,True Robustness
art_0001,A22,A,Output Format,0.6601825262661333,0.3224371803424505,True Robustness
art_0001,A23,A,Audience Perspective,0.6444826275110245,0.40542583944852123,Consistently Poor
art_0001,A24,A,Audience Perspective,0.6082448782744231,0.5507671781187459,Unreliable
art_0001,A25,A,Audience Perspective,0.607555580911813,0.2880587058038692,Consistently Poor
art_0001,A26,A,Emphasis Focus,0.6909049048467918,0.5524127195908383,Fragile
art_0001,A27,A,Emphasis Focus,0.7874038749270968,0.11901267511674447,True Robustness
art_0001,A28,A,Emphasis Focus,0.6055052766093502,0.4471870135645986,Consistently Poor
art_0001,A29,A,Tone Register,0.6629476905972869,0.46457638425617076,True Robustness
art_0001,A30,A,Tone Register,0.6273289013791968,0.4699577496108516,Consistently Poor
art_0001,A31,A,Tone Register,0.7472875085141922,0.37669557482766286,True Robustness
art_0001,A32,A,Tone Register,0.667535861885106,0.3390704914387369,True Robustness
art_0001,A33,A,Completeness Framing,0.6152605248822106,0.5168779186124083,Unreliable
art_0001,A34,A,Completeness Framing,0.7167200440609897,0.32786301979097177,True Robustness
art_0001,A35,A,Completeness Framing,0.6731943350147319,0.16797865243495663,True Robustness
art_0001,B01,B,Lexical Filter,0.35179840138664953,0.3488103179897709,Consistently Poor
art_0001,B02,B,Lexical Filter,0.63828017755791,0.336446519902157,Consistently Poor
art_0001,B03,B,Lexical Filter,0.6762441313929027,0.489081609962197,True Robustness
art_0001,B04,B,Theme Isolation,0.5487465488689917,0.6596842339337337,Unreliable
art_0001,B05,B,Theme Isolation,0.628408204074259,0.5377362686235267,Unreliable
art_0001,B06,B,Theme Isolation,0.5837233480479982,0.4267289303980431,Consistently Poor
art_0001,B07,B,Theme Isolation,0.6248187064020722,0.4104514120524794,Consistently Poor
art_0001,B08,B,Theme Isolation,0.6382045149803162,0.41872359350678234,Consistently Poor
art_0001,B09,B,Persona / Tone,0.562411261929406,0.41596619968868126,Consistently Poor
art_0001,B10,B,Persona / Tone,0.579217690008658,0.24149432955303535,Consistently Poor
art_0001,B11,B,Persona / Tone,0.6317072113355001,0.14471870135645984,Consistently Poor
art_0001,B12,B,Persona / Tone,0.6667595545450846,0.5755392483878141,Fragile
art_0001,B13,B,Persona / Tone,0.6349145278886511,0.37051367578385586,Consistently Poor
art_0001,B14,B,Persona / Tone,0.610387318664127,0.35868356682232594,Consistently Poor
art_0001,B15,B,Meta-reflection,0.601930809793649,0.7833666889037135,Unreliable
art_0002,A01,A,Direct Command,0.8251549949248632,0.3333333333333333,True Robustness
art_0002,A02,A,Direct Command,0.6384718989332517,0.8432732933066488,Unreliable
art_0002,A03,A,Direct Command,0.8121718115666333,0.33102068045363575,True Robustness
art_0002,A04,A,Direct Command,0.8251571503340029,0.35748276628863684,True Robustness
art_0002,A05,A,Question Form,0.4901736802330204,0.4591505448076495,Consistently Poor
art_0002,A06,A,Question Form,0.5973534648324929,0.6183233266622192,Unreliable
art_0002,A07,A,Question Form,0.4769255390354232,0.501445408049811,Consistently Poor
art_0002,A08,A,Question Form,0.5386423591305228,0.6290860573715811,Unreliable
art_0002,A09,A,Role Based,0.851638314186358,0.5018012008005337,True Robustness
art_0002,A10,A,Role Based,0.7976099699735641,0.2613297754058261,True Robustness
art_0002,A11,A,Role Based,0.7748198456623975,0.524349566377585,Fragile
art_0002,A12,A,Role Based,0.8146128607731239,0.5737602846342006,Fragile
art_0002,A13,A,Constraint Based,0.7413284866248859,0.5358683566822325,Fragile
art_0002,A14,A,Constraint Based,0.6804284305841315,0.5294640871692239,Fragile
art_0002,A15,A,Constraint Based,0.7228723486848906,0.3582388258839226,True Robustness
art_0002,A16,A,Analytical Framing,0.6937271571334671,0.5101178563486768,Fragile
art_0002,A17,A,Analytical Framing,0.5922529016639672,0.6997553924838781,Unreliable
art_0002,A18,A,Analytical Framing,0.575877828633084,0.8261952412719591,Unreliable
art_0002,A19,A,Analytical Framing,0.4247404824869305,0.8654658661329775,Unreliable
art_0002,A20,A,Output Format,0.7705770903358272,0.5687347120302424,Fragile
art_0002,A21,A,Output Format,0.859489238729664,0.2566155214587503,True Robustness
art_0002,A22,A,Output Format,0.7497185877725189,0.568823660217923,Fragile
art_0002,A23,A,Audience Perspective,0.5312394767123111,0.8331331999110517,Unreliable
art_0002,A24,A,Audience Perspective,0.8436482352953331,0.35557038025350235,True Robustness
art_0002,A25,A,Audience Perspective,0.8066260502034543,0.5743829219479653,Fragile
art_0002,A26,A,Emphasis Focus,0.7148281271551169,0.6750277963086502,Fragile
art_0002,A27,A,Emphasis Focus,0.7054978030569413,0.3401823437847454,True Robustness
art_0002,A28,A,Emphasis Focus,0.7052592541657242,0.9351567711807871,Fragile
art_0002,A29,A,Tone Register,0.8148063321908315,0.5189682010229041,Fragile
art_0002,A30,A,Tone Register,0.7519149891301696,0.7892817433844784,Fragile
art_0002,A31,A,Tone Register,0.820873237415856,0.37598398932621746,True Robustness
art_0002,A32,A,Tone Register,0.8214453058499916,0.5115410273515677,Fragile
art_0002,A33,A,Completeness Framing,0.5554311921199163,0.6333555703802535,Unreliable
art_0002,A34,A,Completeness Framing,0.7821064091780606,0.5111407605070046,Fragile
art_0002,A35,A,Completeness Framing,0.8330673782848845,0.5287080275739382,Fragile
art_0002,B01,B,Lexical Filter,0.24108198095186084,0.4469646430953969,Consistently Poor
art_0002,B02,B,Lexical Filter,0.8516662924313079,0.4256170780520347,True Robustness
art_0002,B03,B,Lexical Filter,0.7943068184688978,0.4554147209250611,True Robustness
art_0002,B04,B,Theme Isolation,0.481477890967154,0.8503891483211029,Unreliable
art_0002,B05,B,Theme Isolation,0.6129776848589673,0.8578163219924393,Unreliable
art_0002,B06,B,Theme Isolation,0.37073682175547473,0.6868579052701801,Unreliable
art_0002,B07,B,Theme Isolation,0.7236099739869436,0.4390037802979764,True Robustness
art_0002,B08,B,Theme Isolation,0.46013225819550313,0.5878140982877473,Unreliable
art_0002,B09,B,Persona / Tone,0.5661723301106808,0.4123193239937736,Consistently Poor
art_0002,B10,B,Persona / Tone,0.5985485717069868,0.7249722036913497,Unreliable
art_0002,B11,B,Persona / Tone,0.7524605031106986,0.3807427173671336,True Robustness
art_0002,B12,B,Persona / Tone,0.6949540618587943,0.7474316210807205,Fragile
art_0002,B13,B,Persona / Tone,0.6378588482153181,0.5699355125639315,Unreliable
art_0002,B14,B,Persona / Tone,0.39900456763365694,0.5059372915276851,Unreliable
art_0002,B15,B,Meta-reflection,0.754501248107237,0.4820547031354236,True Robustness
art_0003,A01,A,Direct Command,0.7783875366051992,0.5211474316210807,Fragile
art_0003,A02,A,Direct Command,0.7908236126104992,0.8372692906382032,Fragile
art_0003,A03,A,Direct Command,0.8133009344339369,0.2551923504558595,True Robustness
art_0003,A04,A,Direct Command,0.8603745957215626,0.5700689348454525,Fragile
art_0003,A05,A,Question Form,0.632901789744695,0.6020458083166556,Unreliable
art_0003,A06,A,Question Form,0.7173893282810847,0.5279074938848121,Fragile
art_0003,A07,A,Question Form,0.5860463291406631,0.7775405826106293,Unreliable
art_0003,A08,A,Question Form,0.6072429170211157,0.6273515677118079,Unreliable
art_0003,A09,A,Role Based,0.7975912868976592,0.5152323771403158,Fragile
art_0003,A10,A,Role Based,0.8893538534641267,0.2568378919279519,True Robustness
art_0003,A11,A,Role Based,0.6664272139469782,0.551967978652435,Fragile
art_0003,A12,A,Role Based,0.7615697622299193,0.726439848788081,Fragile
art_0003,A13,A,Constraint Based,0.6298779914776484,0.14565265732710694,Consistently Poor
art_0003,A14,A,Constraint Based,0.7116179903348288,0.44420724927729593,True Robustness
art_0003,A15,A,Constraint Based,0.5907181938489278,0.4125416944629753,Consistently Poor
art_0003,A16,A,Analytical Framing,0.7866039206584294,0.7951523237714031,Fragile
art_0003,A17,A,Analytical Framing,0.6314192523558935,0.7674004892150321,Unreliable
art_0003,A18,A,Analytical Framing,0.7666657080252967,0.7692684011563264,Fragile
art_0003,A19,A,Analytical Framing,0.4813395430644352,0.7920391372025795,Unreliable
art_0003,A20,A,Output Format,0.8259227951367696,0.45203468979319544,True Robustness
art_0003,A21,A,Output Format,0.7281105885903041,0.2372248165443629,True Robustness
art_0003,A22,A,Output Format,0.8916136731704075,0.33826995774961083,True Robustness
art_0003,A23,A,Audience Perspective,0.6758251210053762,0.7040693795863909,Fragile
art_0003,A24,A,Audience Perspective,0.7326497425635655,0.47538358905937284,True Robustness
art_0003,A25,A,Audience Perspective,0.7784456928571065,0.6811652212586168,Fragile
art_0003,A26,A,Emphasis Focus,0.6750646114349365,0.8378919279519679,Fragile
art_0003,A27,A,Emphasis Focus,0.6795342276493708,0.30473649099399597,True Robustness
art_0003,A28,A,Emphasis Focus,0.593326265613238,0.9008672448298866,Unreliable
art_0003,A29,A,Tone Register,0.8578096191088359,0.5541027351567711,Fragile
art_0003,A30,A,Tone Register,0.7075990388790766,0.5270180120080052,Fragile
art_0003,A31,A,Tone Register,0.8582401672999064,0.549477429397376,Fragile
art_0003,A32,A,Tone Register,0.7481352329254151,0.5331999110518123,Fragile
art_0003,A33,A,Completeness Framing,0.6932161728541056,0.4688014231710028,True Robustness
art_0003,A34,A,Completeness Framing,0.887646280725797,0.349344007115855,True Robustness
art_0003,A35,A,Completeness Framing,0.8064261446396509,0.6767622859684234,Fragile
art_0003,B01,B,Lexical Filter,0.43369602560997017,0.41018456748943743,Consistently Poor
art_0003,B02,B,Lexical Filter,0.8695755491654077,0.6463420057816321,Fragile
art_0003,B03,B,Lexical Filter,0.6803512414296469,0.5635757171447632,Fragile
art_0003,B04,B,Theme Isolation,0.4653252730766932,0.7526795641538803,Unreliable
art_0003,B05,B,Theme Isolation,0.660838199655215,0.5875917278185456,Fragile
art_0003,B06,B,Theme Isolation,0.4708434745669365,0.775405826106293,Unreliable
art_0003,B07,B,Theme Isolation,0.7358883718649546,0.5886146319768735,Fragile
art_0003,B08,B,Theme Isolation,0.5587721168994905,0.9269290638203246,Unreliable
art_0003,B09,B,Persona / Tone,0.6140698363383611,0.6333555703802535,Unreliable
art_0003,B10,B,Persona / Tone,0.5895212133725485,0.4196575494774294,Consistently Poor
art_0003,B11,B,Persona / Tone,0.8123664985100428,0.5478318879252835,Fragile
art_0003,B12,B,Persona / Tone,0.7173163878917693,0.4189014898821436,True Robustness
art_0003,B13,B,Persona / Tone,0.7575668503840766,0.6004447409384034,Fragile
art_0003,B14,B,Persona / Tone,0.6362903962532679,0.7813653546808983,Unreliable
art_0003,B15,B,Meta-reflection,0.7100649019082388,0.6199688681343117,Fragile
art_0004,A01,A,Direct Command,0.6262521059849323,0.520124527462753,Unreliable
art_0004,A02,A,Direct Command,0.5509441706996698,0.784878808094285,Unreliable
art_0004,A03,A,Direct Command,0.6549911124584002,0.4762285968423393,True Robustness
art_0004,A04,A,Direct Command,0.633434391174561,0.5492550589281743,Unreliable
art_0004,A05,A,Question Form,0.42517695021935004,0.8591060707138092,Unreliable
art_0004,A06,A,Question Form,0.5527660686236161,0.8186346453191016,Unreliable
art_0004,A07,A,Question Form,0.30055868205351705,0.7693128752501667,Unreliable
art_0004,A08,A,Question Form,0.36742285390694934,0.7468089837669557,Unreliable
art_0004,A09,A,Role Based,0.6954822983497229,0.37175895041138535,True Robustness
art_0004,A10,A,Role Based,0.5868398738213075,0.521992439404047,Unreliable
art_0004,A11,A,Role Based,0.6321356663337121,0.5834556370913943,Unreliable
art_0004,A12,A,Role Based,0.6900181223948797,0.4873471203024238,True Robustness
art_0004,A13,A,Constraint Based,0.4846392124891281,0.29086057371581053,Consistently Poor
art_0004,A14,A,Constraint Based,0.6223367922581159,0.4462530575939515,Consistently Poor
art_0004,A15,A,Constraint Based,0.46414256325134867,0.33675783855903935,Consistently Poor
art_0004,A16,A,Analytical Framing,0.6000965604415306,0.7160773849232822,Unreliable
art_0004,A17,A,Analytical Framing,0.4575621034854498,0.6327329330664887,Unreliable
art_0004,A18,A,Analytical Framing,0.47251568276148576,0.8081832332666221,Unreliable
art_0004,A19,A,Analytical Framing,0.30836290006454176,0.7197687347120302,Unreliable
art_0004,A20,A,Output Format,0.6535502297756,0.45768289971091836,True Robustness
art_0004,A21,A,Output Format,0.5160118838151296,0.4308650211251946,Consistently Poor
art_0004,A22,A,Output Format,0.5424052740518864,0.27404936624416276,Consistently Poor
art_0004,A23,A,Audience Perspective,0.4943072604827392,0.7440515899488548,Unreliable
art_0004,A24,A,Audience Perspective,0.6743309035515174,0.31069601956860127,True Robustness
art_0004,A25,A,Audience Perspective,0.5633394152690203,0.6069379586390927,Unreliable
art_0004,A26,A,Emphasis Focus,0.4986835882449762,0.5912386035134534,Unreliable
art_0004,A27,A,Emphasis Focus,0.542487369515957,0.13533466755614854,Consistently Poor
art_0004,A28,A,Emphasis Focus,0.4122951749043587,0.5661552145875027,Unreliable
art_0004,A29,A,Tone Register,0.6665558303013825,0.4577273738047587,True Robustness
art_0004,A30,A,Tone Register,0.6462476222943038,0.6139648654658661,Fragile
art_0004,A31,A,Tone Register,0.6040016332497964,0.4620858350011118,Consistently Poor
art_0004,A32,A,Tone Register,0.5835366547107697,0.5729597509450745,Unreliable
art_0004,A33,A,Completeness Framing,0.3709540160802695,0.7841227484989993,Unreliable
art_0004,A34,A,Completeness Framing,0.6365705105738763,0.5414720925061152,Unreliable
art_0004,A35,A,Completeness Framing,0.6283665322340451,0.7226595508116522,Unreliable
art_0004,B01,B,Lexical Filter,0.3555999360023401,0.47453858127640647,Consistently Poor
art_0004,B02,B,Lexical Filter,0.6149390240510305,0.6678229931065154,Unreliable
art_0004,B03,B,Lexical Filter,0.5521232810540077,0.7981765621525461,Unreliable
art_0004,B04,B,Theme Isolation,0.49637306309663326,0.5067378252168112,Unreliable
art_0004,B05,B,Theme Isolation,0.470703111627163,0.39190571492105847,Consistently Poor
art_0004,B06,B,Theme Isolation,0.32773474565683264,0.6416722259283967,Unreliable
art_0004,B07,B,Theme Isolation,0.5977025104638858,0.49779853235490323,Consistently Poor
art_0004,B08,B,Theme Isolation,0.5610765753648219,0.5837669557482766,Unreliable
art_0004,B09,B,Persona / Tone,0.48850035247130275,0.5126973537914165,Unreliable
art_0004,B10,B,Persona / Tone,0.4336465669748111,0.26889037135868354,Consistently Poor
art_0004,B11,B,Persona / Tone,0.7039522861058894,0.5244385145652657,Fragile
art_0004,B12,B,Persona / Tone,0.5059636106857887,0.5694018234378474,Unreliable
art_0004,B13,B,Persona / Tone,0.6160147556891807,0.5070491438736935,Unreliable
art_0004,B14,B,Persona / Tone,0.42322152088849974,0.6764064932177006,Unreliable
art_0004,B15,B,Meta-reflection,0.5869626013132242,0.6086724482988659,Unreliable
art_0005,A01,A,Direct Command,0.8333900603983139,0.5326662219257282,Fragile
art_0005,A02,A,Direct Command,0.8127138333188163,0.4049366244162775,True Robustness
art_0005,A03,A,Direct Command,0.822222403354115,0.48138759172781853,True Robustness
art_0005,A04,A,Direct Command,0.8296141972144445,0.5260395819435179,Fragile
art_0005,A05,A,Question Form,0.6671788725588056,0.4652434956637759,True Robustness
art_0005,A06,A,Question Form,0.769684609439638,0.4163664665332444,True Robustness
art_0005,A07,A,Question Form,0.5732743276490105,0.5452079163887036,Unreliable
art_0005,A08,A,Question Form,0.8368878761927286,0.1106070713809206,True Robustness
art_0005,A09,A,Role Based,0.82471082939042,0.2743162108072048,True Robustness
art_0005,A10,A,Role Based,0.7978652069965998,0.39564153880364683,True Robustness
art_0005,A11,A,Role Based,0.7568095525105796,0.5839003780297976,Fragile
art_0005,A12,A,Role Based,0.7897124422921076,0.4345563709139426,True Robustness
art_0005,A13,A,Constraint Based,0.6019618362188339,0.2765843895930621,Consistently Poor
art_0005,A14,A,Constraint Based,0.7952070633570353,0.4973537914164998,True Robustness
art_0005,A15,A,Constraint Based,0.816386275821262,0.5168779186124083,Fragile
art_0005,A16,A,Analytical Framing,0.8520648131767908,0.3640204580831665,True Robustness
art_0005,A17,A,Analytical Framing,0.7478799190786151,0.352501667778519,True Robustness
art_0005,A18,A,Analytical Framing,0.6844861110051471,0.38919279519679784,True Robustness
art_0005,A19,A,Analytical Framing,0.675601914525032,0.5745163442294863,Fragile
art_0005,A20,A,Output Format,0.74285916156239,0.44607516121859014,True Robustness
art_0005,A21,A,Output Format,0.6315480139520434,0.37851901267511673,Consistently Poor
art_0005,A22,A,Output Format,0.7716901352008184,0.2763620191238603,True Robustness
art_0005,A23,A,Audience Perspective,0.7945526606506772,0.37923059817656213,True Robustness
art_0005,A24,A,Audience Perspective,0.8175650437672934,0.30638203246608847,True Robustness
art_0005,A25,A,Audience Perspective,0.8464707185824712,0.44011563264398484,True Robustness
art_0005,A26,A,Emphasis Focus,0.8475305785735449,0.4463420057816322,True Robustness
art_0005,A27,A,Emphasis Focus,0.8271735144986048,0.35997331554369577,True Robustness
art_0005,A28,A,Emphasis Focus,0.8123618877596326,0.33159884367356013,True Robustness
art_0005,A29,A,Tone Register,0.8579456673728095,0.39292861907938625,True Robustness
art_0005,A30,A,Tone Register,0.8246968256102668,0.5559706470980653,Fragile
art_0005,A31,A,Tone Register,0.8445082555214564,0.3261285301311985,True Robustness
art_0005,A32,A,Tone Register,0.8231890747944514,0.4659550811652212,True Robustness
art_0005,A33,A,Completeness Framing,0.6681929926077523,0.5093173226595508,Fragile
art_0005,A34,A,Completeness Framing,0.8129128813743592,0.3185234600845008,True Robustness
art_0005,A35,A,Completeness Framing,0.858865037560463,0.15850567044696465,True Robustness
art_0005,B01,B,Lexical Filter,0.4472659246789084,0.6306871247498331,Unreliable
art_0005,B02,B,Lexical Filter,0.8352700803014969,0.36611074049366243,True Robustness
art_0005,B03,B,Lexical Filter,0.8742970724900564,0.23922615076717813,True Robustness
art_0005,B04,B,Theme Isolation,0.5054195847155319,0.7919057149210584,Unreliable
art_0005,B05,B,Theme Isolation,0.6374900589386622,0.5237269290638203,Unreliable
art_0005,B06,B,Theme Isolation,0.5827679518196317,0.5930620413609072,Unreliable
art_0005,B07,B,Theme Isolation,0.8085399882660972,0.4272181454302868,True Robustness
art_0005,B08,B,Theme Isolation,0.842050087120798,0.5900822770736046,Fragile
art_0005,B09,B,Persona / Tone,0.7919162462155024,0.5104736490993995,Fragile
art_0005,B10,B,Persona / Tone,0.8145552045769162,0.34458527907493886,True Robustness
art_0005,B11,B,Persona / Tone,0.7963010188606051,0.25310206804536356,True Robustness
art_0005,B12,B,Persona / Tone,0.6209738612174988,0.6343784745385812,Unreliable
art_0005,B13,B,Persona / Tone,0.7742985635995865,0.3075828329997776,True Robustness
art_0005,B14,B,Persona / Tone,0.7288006246089936,0.1946186346453191,True Robustness
art_0005,B15,B,Meta-reflection,0.7385813113715912,0.5792750722704024,Fragile
art_0006,A01,A,Direct Command,0.42723308503627777,0.428285523682455,Consistently Poor
art_0006,A02,A,Direct Command,0.5108638959271566,0.527774071603291,Unreliable
art_0006,A03,A,Direct Command,0.41949803169284544,0.33360017789637536,Consistently Poor
art_0006,A04,A,Direct Command,0.482499183643432,0.40555926173004225,Consistently Poor
art_0006,A05,A,Question Form,0.3885730412744341,0.49432955303535686,Consistently Poor
art_0006,A06,A,Question Form,0.5433517027468908,0.2331331999110518,Consistently Poor
art_0006,A07,A,Question Form,0.3876938777310508,0.6297976428730264,Unreliable
art_0006,A08,A,Question Form,0.4145491747629075,0.5816321992439404,Unreliable
art_0006,A09,A,Role Based,0.5262171370642527,0.37651767845230155,Consistently Poor
art_0006,A10,A,Role Based,0.5623225828721409,0.33880364687569486,Consistently Poor
art_0006,A11,A,Role Based,0.5592640134550276,0.5031354236157437,Unreliable
art_0006,A12,A,Role Based,0.41429453023842405,0.5337780742717367,Unreliable
art_0006,A13,A,Constraint Based,0.465139114785762,0.7305314654213919,Unreliable
art_0006,A14,A,Constraint Based,0.4633445118864377,0.39355125639315097,Consistently Poor
art_0006,A15,A,Constraint Based,0.45262847485996427,0.5044696464309539,Unreliable
art_0006,A16,A,Analytical Framing,0.620814197475002,0.5490771625528129,Unreliable
art_0006,A17,A,Analytical Framing,0.5168458560392971,0.5178118745830553,Unreliable
art_0006,A18,A,Analytical Framing,0.6192625278518314,0.25728263286635533,Consistently Poor
art_0006,A19,A,Analytical Framing,0.4547861669035185,0.5992884144985545,Unreliable
art_0006,A20,A,Output Format,0.4425169144357954,0.4909495219034912,Consistently Poor
art_0006,A21,A,Output Format,0.3851884319668724,0.11718923726929063,Consistently Poor
art_0006,A22,A,Output Format,0.4837967639877683,0.47320435846119635,Consistently Poor
art_0006,A23,A,Audience Perspective,0.48743167484090444,0.4922837447187013,Consistently Poor
art_0006,A24,A,Audience Perspective,0.44779081500711904,0.18327774071603292,Consistently Poor
art_0006,A25,A,Audience Perspective,0.4877536775810378,0.5377362686235267,Unreliable
art_0006,A26,A,Emphasis Focus,0.5740346340906053,0.5329330664887703,Unreliable
art_0006,A27,A,Emphasis Focus,0.4968505171792848,0.6271736713364465,Unreliable
art_0006,A28,A,Emphasis Focus,0.4275379539245651,0.5682010229041583,Unreliable
art_0006,A29,A,Tone Register,0.4901325071141833,0.37278185456971313,Consistently Poor
art_0006,A30,A,Tone Register,0.501026050675483,0.6187235935067823,Unreliable
art_0006,A31,A,Tone Register,0.5821677652143297,0.5149210584834334,Unreliable
art_0006,A32,A,Tone Register,0.4763012819346928,0.3925283522348232,Consistently Poor
art_0006,A33,A,Completeness Framing,0.4024146933640753,0.5523237714031576,Unreliable
art_0006,A34,A,Completeness Framing,0.556662686523937,0.3984878808094285,Consistently Poor
art_0006,A35,A,Completeness Framing,0.5276635626242274,0.3613075383589059,Consistently Poor
art_0006,B01,B,Lexical Filter,0.16952403138081232,0.4914387369357349,Consistently Poor
art_0006,B02,B,Lexical Filter,0.5229941237540472,0.42801867911941294,Consistently Poor
art_0006,B03,B,Lexical Filter,0.43572220809402923,0.5960418056482099,Unreliable
art_0006,B04,B,Theme Isolation,0.4886684041647684,0.5372025794974428,Unreliable
art_0006,B05,B,Theme Isolation,0.43059656272331875,0.5004225038914831,Consistently Poor
art_0006,B06,B,Theme Isolation,0.41275314277126673,0.5735823882588392,Unreliable
art_0006,B07,B,Theme Isolation,0.4973793551325798,0.3982210362463865,Consistently Poor
art_0006,B08,B,Theme Isolation,0.5471863335087185,0.45955081165221257,Consistently Poor
art_0006,B09,B,Persona / Tone,0.4102474397846631,0.3344451856793417,Consistently Poor
art_0006,B10,B,Persona / Tone,0.43524468796593796,0.4509673115410273,Consistently Poor
art_0006,B11,B,Persona / Tone,0.5804312988406136,0.3408049810985101,Consistently Poor
art_0006,B12,B,Persona / Tone,0.43972564339637754,0.6251723371136313,Unreliable
art_0006,B13,B,Persona / Tone,0.3707509342403639,0.317633978207694,Consistently Poor
art_0006,B14,B,Persona / Tone,0.3772826308295841,0.35441405381365354,Consistently Poor
art_0006,B15,B,Meta-reflection,0.3641561471990176,0.40409161663331106,Consistently Poor
art_0007,A01,A,Direct Command,0.8359932099227553,0.403024238381143,True Robustness
art_0007,A02,A,Direct Command,0.8113773641762911,0.5288859239492995,Fragile
art_0007,A03,A,Direct Command,0.8513686425156064,0.2980209028241049,True Robustness
art_0007,A04,A,Direct Command,0.8389928556150861,0.5167000222370469,Fragile
art_0007,A05,A,Question Form,0.7256610415599963,0.597776295307983,Fragile
art_0007,A06,A,Question Form,0.6707943534409558,0.49384033800311317,True Robustness
art_0007,A07,A,Question Form,0.44158968881324473,0.7789637536135201,Unreliable
art_0007,A08,A,Question Form,0.7049028454003509,0.3509895485879475,True Robustness
art_0007,A09,A,Role Based,0.7952455983117774,0.5597064709806537,Fragile
art_0007,A10,A,Role Based,0.8112665000889038,0.2575939515232377,True Robustness
art_0007,A11,A,Role Based,0.7946963205381675,0.695530353569046,Fragile
art_0007,A12,A,Role Based,0.823112255997128,0.6502557260395819,Fragile
art_0007,A13,A,Constraint Based,0.6792383442322412,0.16646653324438515,True Robustness
art_0007,A14,A,Constraint Based,0.7886701827799832,0.21120747164776518,True Robustness
art_0007,A15,A,Constraint Based,0.764917223541825,0.5391149655325773,Fragile
art_0007,A16,A,Analytical Framing,0.8229131858657907,0.5519235045585946,Fragile
art_0007,A17,A,Analytical Framing,0.7128983736038208,0.5376028463420057,Fragile
art_0007,A18,A,Analytical Framing,0.7467336632587291,0.4080498109851012,True Robustness
art_0007,A19,A,Analytical Framing,0.6885115923704923,0.5482321547698465,Fragile
art_0007,A20,A,Output Format,0.8143953388487851,0.36962419390704915,True Robustness
art_0007,A21,A,Output Format,0.8936081158894079,0.44465199021569934,True Robustness
art_0007,A22,A,Output Format,0.8106666124529309,0.2482099177229264,True Robustness
art_0007,A23,A,Audience Perspective,0.7051336980528301,0.5470758283299978,Fragile
art_0007,A24,A,Audience Perspective,0.8453054163191055,0.5353346675561486,Fragile
art_0007,A25,A,Audience Perspective,0.8018826014465756,0.485256837891928,True Robustness
art_0007,A26,A,Emphasis Focus,0.7354672435257169,0.5058928174338447,Fragile
art_0007,A27,A,Emphasis Focus,0.7991366187731425,0.38203246608850344,True Robustness
art_0007,A28,A,Emphasis Focus,0.6101391221638078,0.7324438514565266,Unreliable
art_0007,A29,A,Tone Register,0.8446894845476858,0.3316877918612408,True Robustness
art_0007,A30,A,Tone Register,0.7617085973421732,0.3331999110518123,True Robustness
art_0007,A31,A,Tone Register,0.797276739720945,0.42397153657994213,True Robustness
art_0007,A32,A,Tone Register,0.7657308269430091,0.45955081165221257,True Robustness
art_0007,A33,A,Completeness Framing,0.6852872515166246,0.8052479430731598,Fragile
art_0007,A34,A,Completeness Framing,0.8048988183339437,0.48169891038470086,True Robustness
art_0007,A35,A,Completeness Framing,0.8122241259725005,0.19724260618189904,True Robustness
art_0007,B01,B,Lexical Filter,0.41405615320912115,0.4956193017567267,Consistently Poor
art_0007,B02,B,Lexical Filter,0.8951838452506949,0.447765176784523,True Robustness
art_0007,B03,B,Lexical Filter,0.7659241540564431,0.4822770736046253,True Robustness
art_0007,B04,B,Theme Isolation,0.5666689130443113,0.7980876139648654,Unreliable
art_0007,B05,B,Theme Isolation,0.7372748233653881,0.3257282632866355,True Robustness
art_0007,B06,B,Theme Isolation,0.5751599840543887,0.6778741383144318,Unreliable
art_0007,B07,B,Theme Isolation,0.7748195782855705,0.34538581276406494,True Robustness
art_0007,B08,B,Theme Isolation,0.7852396462802534,0.5962197020235712,Fragile
art_0007,B09,B,Persona / Tone,0.6319035308228599,0.5054480764954413,Unreliable
art_0007,B10,B,Persona / Tone,0.6548529620523804,0.42268178785857236,True Robustness
art_0007,B11,B,Persona / Tone,0.8232658113594408,0.616188570157883,Fragile
art_0007,B12,B,Persona / Tone,0.728675541612837,0.48837002446075156,True Robustness
art_0007,B13,B,Persona / Tone,0.7684084436407796,0.29948854792083607,True Robustness
art_0007,B14,B,Persona / Tone,0.5613600849001495,0.5339114965532576,Unreliable
art_0007,B15,B,Meta-reflection,0.8215093033181297,0.47195908383366686,True Robustness
art_0008,A01,A,Direct Command,0.6869025727113088,0.2940182343784745,True Robustness
art_0008,A02,A,Direct Command,0.5508156195282936,0.7877696241939071,Unreliable
art_0008,A03,A,Direct Command,0.6475552568833033,0.5087836335334667,Fragile
art_0008,A04,A,Direct Command,0.6549336165189743,0.3352457193684678,True Robustness
art_0008,A05,A,Question Form,0.648933673898379,0.5564598621303091,Fragile
art_0008,A06,A,Question Form,0.575057198603948,0.6317545030020013,Unreliable
art_0008,A07,A,Question Form,0.5918870518604914,0.8031131865688236,Unreliable
art_0008,A08,A,Question Form,0.5212627400954565,0.6957971981320881,Unreliable
art_0008,A09,A,Role Based,0.6965903292099634,0.31429842116966866,True Robustness
art_0008,A10,A,Role Based,0.6364846577246984,0.41098510117856346,Consistently Poor
art_0008,A11,A,Role Based,0.657358705997467,0.4895708249944407,True Robustness
art_0008,A12,A,Role Based,0.6628923714160919,0.4467422726261952,True Robustness
art_0008,A13,A,Constraint Based,0.6678959329922994,0.09566377585056704,True Robustness
art_0008,A14,A,Constraint Based,0.6313584645589193,0.26399822103624637,Consistently Poor
art_0008,A15,A,Constraint Based,0.4590634008248647,0.48908160996219696,Consistently Poor
art_0008,A16,A,Analytical Framing,0.6420173545678457,0.5862575050033355,Unreliable
art_0008,A17,A,Analytical Framing,0.5081240733464559,0.7077162552812986,Unreliable
art_0008,A18,A,Analytical Framing,0.6593223611513773,0.32052479430731595,True Robustness
art_0008,A19,A,Analytical Framing,0.5972567101319631,0.5249277295975094,Unreliable
art_0008,A20,A,Output Format,0.6743485232194265,0.2532354903268846,True Robustness
art_0008,A21,A,Output Format,0.6885912170012792,0.2455414720925061,True Robustness
art_0008,A22,A,Output Format,0.6685198893149694,0.15307983099844338,True Robustness
art_0008,A23,A,Audience Perspective,0.491796113550663,0.8413609072715142,Unreliable
art_0008,A24,A,Audience Perspective,0.6010264108578364,0.6276628863686903,Unreliable
art_0008,A25,A,Audience Perspective,0.5571739822626114,0.6952190349121636,Unreliable
art_0008,A26,A,Emphasis Focus,0.59100574751695,0.691972426061819,Unreliable
art_0008,A27,A,Emphasis Focus,0.6315195510784785,0.2847676228596842,Consistently Poor
art_0008,A28,A,Emphasis Focus,0.5557946960131327,0.6055147876362019,Unreliable
art_0008,A29,A,Tone Register,0.6626527458429337,0.5075383589059372,Fragile
art_0008,A30,A,Tone Register,0.5804357081651688,0.7152768512341561,Unreliable
art_0008,A31,A,Tone Register,0.6903341362873713,0.2901934623082055,True Robustness
art_0008,A32,A,Tone Register,0.7038400620222092,0.5456081832332665,Fragile
art_0008,A33,A,Completeness Framing,0.5663907676935196,0.8161440960640427,Unreliable
art_0008,A34,A,Completeness Framing,0.6625402470429739,0.3734489659773182,True Robustness
art_0008,A35,A,Completeness Framing,0.6407467176516851,0.30709361796753387,Consistently Poor
art_0008,B01,B,Lexical Filter,0.38585414985815686,0.33911496553257725,Consistently Poor
art_0008,B02,B,Lexical Filter,0.6360814422369003,0.6524794307315989,Unreliable
art_0008,B03,B,Lexical Filter,0.6586755116780599,0.3867022459417389,True Robustness
art_0008,B04,B,Theme Isolation,0.43056953450043994,0.8048476762285968,Unreliable
art_0008,B05,B,Theme Isolation,0.6035534292459488,0.42873026462085834,Consistently Poor
art_0008,B06,B,Theme Isolation,0.5325128684441248,0.8492328218812542,Unreliable
art_0008,B07,B,Theme Isolation,0.604774052898089,0.2551923504558595,Consistently Poor
art_0008,B08,B,Theme Isolation,0.5916167149941126,0.7062486101845674,Unreliable
art_0008,B09,B,Persona / Tone,0.5964227666457494,0.6144985545919501,Unreliable
art_0008,B10,B,Persona / Tone,0.46491708358128864,0.530531465421392,Unreliable
art_0008,B11,B,Persona / Tone,0.6362229535977045,0.32555036691127415,Consistently Poor
art_0008,B12,B,Persona / Tone,0.6806340157985687,0.4354903268845897,True Robustness
art_0008,B13,B,Persona / Tone,0.6038645307223002,0.5142984211696686,Unreliable
art_0008,B14,B,Persona / Tone,0.5037006686131159,0.6870358016455415,Unreliable
art_0008,B15,B,Meta-reflection,0.6003908415635427,0.7747831887925283,Unreliable
art_0009,A01,A,Direct Command,0.8042111552896954,0.21209695352457192,True Robustness
art_0009,A02,A,Direct Command,0.717702336254574,0.8895263509006004,Fragile
art_0009,A03,A,Direct Command,0.7995954858405251,0.26724482988659104,True Robustness
art_0009,A04,A,Direct Command,0.8196601378066201,0.364732043584612,True Robustness
art_0009,A05,A,Question Form,0.7377088445992697,0.9240382477207026,Fragile
art_0009,A06,A,Question Form,0.4423116268146606,0.70527018012008,Unreliable
art_0009,A07,A,Question Form,0.7822678443931399,0.78816989103847,Fragile
art_0009,A08,A,Question Form,0.4454586647805712,0.8314431843451189,Unreliable
art_0009,A09,A,Role Based,0.8207140373332161,0.3224371803424505,True Robustness
art_0009,A10,A,Role Based,0.7910165744168419,0.5011785634867689,True Robustness
art_0009,A11,A,Role Based,0.8222124938453947,0.30669335112297086,True Robustness
art_0009,A12,A,Role Based,0.8175782029117857,0.6135201245274627,Fragile
art_0009,A13,A,Constraint Based,0.6380331729139601,0.0005559261730042251,Consistently Poor
art_0009,A14,A,Constraint Based,0.785008823587781,0.26924616410940627,True Robustness
art_0009,A15,A,Constraint Based,0.5035652667284012,0.3627751834556371,Consistently Poor
art_0009,A16,A,Analytical Framing,0.7907749620221911,0.5092283744718701,Fragile
art_0009,A17,A,Analytical Framing,0.4229348685060228,0.8420724927729597,Unreliable
art_0009,A18,A,Analytical Framing,0.7794578529539563,0.511185234600845,Fragile
art_0009,A19,A,Analytical Framing,0.5402615198067257,0.7749610851678896,Unreliable
art_0009,A20,A,Output Format,0.8105245289348422,0.32568378919279517,True Robustness
art_0009,A21,A,Output Format,0.8962904612223307,0.17811874583055368,True Robustness
art_0009,A22,A,Output Format,0.7972736912114281,0.41632199243940404,True Robustness
art_0009,A23,A,Audience Perspective,0.5311965360527947,0.7179897709584167,Unreliable
art_0009,A24,A,Audience Perspective,0.8070760972443082,0.32341561040693795,True Robustness
art_0009,A25,A,Audience Perspective,0.7954632945003964,0.4958861463197687,True Robustness
art_0009,A26,A,Emphasis Focus,0.687411482135455,0.5513453413386702,Fragile
art_0009,A27,A,Emphasis Focus,0.7308659418707805,0.552901934623082,Fragile
art_0009,A28,A,Emphasis Focus,0.5886876646961484,0.7885701578830331,Unreliable
art_0009,A29,A,Tone Register,0.8088590708516894,0.37794084945519235,True Robustness
art_0009,A30,A,Tone Register,0.6026931703090669,0.7712252612853012,Unreliable
art_0009,A31,A,Tone Register,0.8208132946775074,0.22010229041583274,True Robustness
art_0009,A32,A,Tone Register,0.8550461211374828,0.501445408049811,True Robustness
art_0009,A33,A,Completeness Framing,0.7542158159471694,0.7582832999777629,Fragile
art_0009,A34,A,Completeness Framing,0.8193528758628029,0.45158994885479203,True Robustness
art_0009,A35,A,Completeness Framing,0.7868656324488777,0.5771847898599066,Fragile
art_0009,B01,B,Lexical Filter,0.4614041064466748,0.5249722036913498,Unreliable
art_0009,B02,B,Lexical Filter,0.8303129282735644,0.3593951523237714,True Robustness
art_0009,B03,B,Lexical Filter,0.8116289533319928,0.3441850122303758,True Robustness
art_0009,B04,B,Theme Isolation,0.3377936991109025,0.9848343340004446,Unreliable
art_0009,B05,B,Theme Isolation,0.6235384639529956,0.3924394040471425,Consistently Poor
art_0009,B06,B,Theme Isolation,0.4265634105319068,0.7291527685123416,Unreliable
art_0009,B07,B,Theme Isolation,0.7216098365329562,0.6291305314654213,Fragile
art_0009,B08,B,Theme Isolation,0.523572217850458,0.673960418056482,Unreliable
art_0009,B09,B,Persona / Tone,0.6660321227141789,0.5099844340671559,Fragile
art_0009,B10,B,Persona / Tone,0.47925213334106265,0.13978207694018235,Consistently Poor
art_0009,B11,B,Persona / Tone,0.814022795075462,0.33573493440071156,True Robustness
art_0009,B12,B,Persona / Tone,0.7914992681571416,0.62632866355348,Fragile
art_0009,B13,B,Persona / Tone,0.7680412935359139,0.38252168112074714,True Robustness
art_0009,B14,B,Persona / Tone,0.5679789838336763,0.6111629975539248,Unreliable
art_0009,B15,B,Meta-reflection,0.6692590876704171,0.7226595508116522,Fragile
art_0010,A01,A,Direct Command,0.7620295052017485,0.17473871469868799,True Robustness
art_0010,A02,A,Direct Command,0.7107356850590025,0.6021347565043362,Fragile
art_0010,A03,A,Direct Command,0.699554267383757,0.21845674894374026,True Robustness
art_0010,A04,A,Direct Command,0.711990394053005,0.35645986213030906,True Robustness
art_0010,A05,A,Question Form,0.6856812763781774,0.6285968423393373,Fragile
art_0010,A06,A,Question Form,0.5901442709423247,0.5289303980431398,Unreliable
art_0010,A07,A,Question Form,0.6778000188725336,0.7102957527240382,Fragile
art_0010,A08,A,Question Form,0.6090032245431627,0.8083166555481431,Unreliable
art_0010,A09,A,Role Based,0.8024253029198875,0.38470091171892373,True Robustness
art_0010,A10,A,Role Based,0.6845785166536059,0.5282632866355348,Fragile
art_0010,A11,A,Role Based,0.7431152626162484,0.1732265955081165,True Robustness
art_0010,A12,A,Role Based,0.7673943021467755,0.6146319768734712,Fragile
art_0010,A13,A,Constraint Based,0.6859683266707829,0.001267511674449633,True Robustness
art_0010,A14,A,Constraint Based,0.7256079131648655,0.38581276406493215,True Robustness
art_0010,A15,A,Constraint Based,0.6483119016601927,0.5284856571047365,Fragile
art_0010,A16,A,Analytical Framing,0.7502897417261488,0.6741827885256837,Fragile
art_0010,A17,A,Analytical Framing,0.5584135630301067,0.825661552145875,Unreliable
art_0010,A18,A,Analytical Framing,0.7738915923095885,0.5118968201022904,Fragile
art_0010,A19,A,Analytical Framing,0.6179015125547137,0.8928619079386257,Unreliable
art_0010,A20,A,Output Format,0.7669459893589928,0.030064487436068488,True Robustness
art_0010,A21,A,Output Format,0.7179830223321915,0.3678007560595952,True Robustness
art_0010,A22,A,Output Format,0.7642684394405003,0.14520791638870356,True Robustness
art_0010,A23,A,Audience Perspective,0.7369999466907412,0.6882366021792305,Fragile
art_0010,A24,A,Audience Perspective,0.7573331942160925,0.4076495441405381,True Robustness
art_0010,A25,A,Audience Perspective,0.8338685440165655,0.49575272403824766,True Robustness
art_0010,A26,A,Emphasis Focus,0.7572929206348601,0.5224816544362908,Fragile
art_0010,A27,A,Emphasis Focus,0.6931727869170053,0.41214142761841227,True Robustness
art_0010,A28,A,Emphasis Focus,0.6884348463444483,0.6850344674227262,Fragile
art_0010,A29,A,Tone Register,0.7728145143815449,0.44149432955303536,True Robustness
art_0010,A30,A,Tone Register,0.7121867431061609,0.5359128307760729,Fragile
art_0010,A31,A,Tone Register,0.8278106273639771,0.349210584834334,True Robustness
art_0010,A32,A,Tone Register,0.8400661555074511,0.30420280186791193,True Robustness
art_0010,A33,A,Completeness Framing,0.6884770464329493,0.3706915721592173,True Robustness
art_0010,A34,A,Completeness Framing,0.7552929683810189,0.43006448743606845,True Robustness
art_0010,A35,A,Completeness Framing,0.7004307707150778,0.5079386257505003,Fragile
art_0010,B01,B,Lexical Filter,0.27113693455855054,0.5686457638425617,Unreliable
art_0010,B02,B,Lexical Filter,0.7128811279932658,0.44803202134756503,True Robustness
art_0010,B03,B,Lexical Filter,0.7274897361085529,0.35370246831220814,True Robustness
art_0010,B04,B,Theme Isolation,0.5622068735815231,0.883299977762953,Unreliable
art_0010,B05,B,Theme Isolation,0.6834584545521509,0.47267066933511226,True Robustness
art_0010,B06,B,Theme Isolation,0.63603623069468,0.7178563486768956,Unreliable
art_0010,B07,B,Theme Isolation,0.6885363736322949,0.521325327996442,Fragile
art_0010,B08,B,Theme Isolation,0.6853286425272623,0.6671558816989104,Fragile
art_0010,B09,B,Persona / Tone,0.6877428754454568,0.31758950411385367,True Robustness
art_0010,B10,B,Persona / Tone,0.7713861217101415,0.43388925950633755,True Robustness
art_0010,B11,B,Persona / Tone,0.7718127135719571,0.36517678452301533,True Robustness
art_0010,B12,B,Persona / Tone,0.7624891860144478,0.7078052034689792,Fragile
art_0010,B13,B,Persona / Tone,0.6600712700968697,0.3761174116077385,True Robustness
art_0010,B14,B,Persona / Tone,0.6028844678685779,0.5606849010451411,Unreliable
art_0010,B15,B,Meta-reflection,0.6861008554697037,0.7678007560595952,Fragile
art_0011,A01,A,Direct Command,0.8046325892210008,0.34218367800756055,True Robustness
art_0011,A02,A,Direct Command,0.7200537208053802,0.4048032021347565,True Robustness
art_0011,A03,A,Direct Command,0.7491980228159164,0.3991994663108739,True Robustness
art_0011,A04,A,Direct Command,0.8550458219316271,0.2913053146542139,True Robustness
art_0011,A05,A,Question Form,0.6902419328689575,0.5511229708694685,Fragile
art_0011,A06,A,Question Form,0.6664188404877981,0.3560151211919057,True Robustness
art_0011,A07,A,Question Form,0.5936229311757618,0.7670891705581498,Unreliable
art_0011,A08,A,Question Form,0.5598866525623535,0.5384478541249722,Unreliable
art_0011,A09,A,Role Based,0.6689947661426331,0.5763842561707805,Fragile
art_0011,A10,A,Role Based,0.7550099508629904,0.30998443406715587,True Robustness
art_0011,A11,A,Role Based,0.7486500839392346,0.6140538136535467,Fragile
art_0011,A12,A,Role Based,0.6732598245143891,0.7321770068934845,Fragile
art_0011,A13,A,Constraint Based,0.5406767974297205,0.2164998888147654,Consistently Poor
art_0011,A14,A,Constraint Based,0.7758246444993548,0.4600845007782966,True Robustness
art_0011,A15,A,Constraint Based,0.6303979108730952,0.38358905937291526,Consistently Poor
art_0011,A16,A,Analytical Framing,0.7640049093299441,0.479475205692684,True Robustness
art_0011,A17,A,Analytical Framing,0.5853883143928315,0.4616855681565488,Consistently Poor
art_0011,A18,A,Analytical Framing,0.7316180517276129,0.49081609962197015,True Robustness
art_0011,A19,A,Analytical Framing,0.7041850686073303,0.597642873026462,Fragile
art_0011,A20,A,Output Format,0.7116139613919786,0.11781187458305536,True Robustness
art_0011,A21,A,Output Format,0.5607403102848264,0.26150767178118745,Consistently Poor
art_0011,A22,A,Output Format,0.7242380198505188,0.26653324438514564,True Robustness
art_0011,A23,A,Audience Perspective,0.7649984392854902,0.4932177006893484,True Robustness
art_0011,A24,A,Audience Perspective,0.7990358306301966,0.4175672670669335,True Robustness
art_0011,A25,A,Audience Perspective,0.7955110437340208,0.346186346453191,True Robustness
art_0011,A26,A,Emphasis Focus,0.7284628467427359,0.3835001111852346,True Robustness
art_0011,A27,A,Emphasis Focus,0.7092213382323583,0.32083611296419834,True Robustness
art_0011,A28,A,Emphasis Focus,0.7513582193189198,0.24456304202801868,True Robustness
art_0011,A29,A,Tone Register,0.7796384013361402,0.5146986880142317,Fragile
art_0011,A30,A,Tone Register,0.7468943612443076,0.5338670224594173,Fragile
art_0011,A31,A,Tone Register,0.7815508660342959,0.2199243940404714,True Robustness
art_0011,A32,A,Tone Register,0.6673957357803982,0.46586613297754054,True Robustness
art_0011,A33,A,Completeness Framing,0.5744442343711852,0.4318879252835223,Consistently Poor
art_0011,A34,A,Completeness Framing,0.8198525773154365,0.476184122748499,True Robustness
art_0011,A35,A,Completeness Framing,0.7173521684275733,0.23415610406937956,True Robustness
art_0011,B01,B,Lexical Filter,0.399400130742126,0.2610184567489437,Consistently Poor
art_0011,B02,B,Lexical Filter,0.7690345313813952,0.4303313319991105,True Robustness
art_0011,B03,B,Lexical Filter,0.7692425747712455,0.3111407605070047,True Robustness
art_0011,B04,B,Theme Isolation,0.468623018099202,0.6051145207916389,Unreliable
art_0011,B05,B,Theme Isolation,0.7397680795854993,0.4579497442739604,True Robustness
art_0011,B06,B,Theme Isolation,0.6877767228417927,0.8017344896597731,Fragile
art_0011,B07,B,Theme Isolation,0.7252639283736548,0.49103847009117185,True Robustness
art_0011,B08,B,Theme Isolation,0.724624150329166,0.6619079386257505,Fragile
art_0011,B09,B,Persona / Tone,0.5144827597671086,0.6332666221925727,Unreliable
art_0011,B10,B,Persona / Tone,0.7282539423969059,0.22561707805203468,True Robustness
art_0011,B11,B,Persona / Tone,0.7754016137785382,0.2580831665554814,True Robustness
art_0011,B12,B,Persona / Tone,0.5586004217465719,0.5569935512563932,Unreliable
art_0011,B13,B,Persona / Tone,0.5593860513634151,0.5138536802312652,Unreliable
art_0011,B14,B,Persona / Tone,0.6113921867476569,0.5282188125416944,Unreliable
art_0011,B15,B,Meta-reflection,0.5877154403262668,0.5048254391816767,Unreliable
art_0012,A01,A,Direct Command,0.7498288473912648,0.460395819435179,True Robustness
art_0012,A02,A,Direct Command,0.7242213196697689,0.7205692684011562,Fragile
art_0012,A03,A,Direct Command,0.7200123539992741,0.3697131420947298,True Robustness
art_0012,A04,A,Direct Command,0.7370629133213135,0.3709139426284189,True Robustness
art_0012,A05,A,Question Form,0.6698865542809168,0.45674894374027125,True Robustness
art_0012,A06,A,Question Form,0.660560456769807,0.6328663553480098,Fragile
art_0012,A07,A,Question Form,0.6685287257035574,0.4563042028018679,True Robustness
art_0012,A08,A,Question Form,0.5921033961432322,0.5093617967533911,Unreliable
art_0012,A09,A,Role Based,0.723045574767249,0.32928619079386257,True Robustness
art_0012,A10,A,Role Based,0.7636067200274694,0.48734712030242383,True Robustness
art_0012,A11,A,Role Based,0.6879276079790931,0.45754947742939733,True Robustness
art_0012,A12,A,Role Based,0.7023114895536785,0.5766511007338225,Fragile
art_0012,A13,A,Constraint Based,0.6749843983423142,0.1730931732265955,True Robustness
art_0012,A14,A,Constraint Based,0.7010064820448557,0.4072937513898154,True Robustness
art_0012,A15,A,Constraint Based,0.7137744497685204,0.2641316433177674,True Robustness
art_0012,A16,A,Analytical Framing,0.8266124484084902,0.5038025350233488,Fragile
art_0012,A17,A,Analytical Framing,0.5645920343342282,0.5308872581721147,Unreliable
art_0012,A18,A,Analytical Framing,0.6563461671272913,0.685390260173449,Fragile
art_0012,A19,A,Analytical Framing,0.6018970012664795,0.8183678007560595,Unreliable
art_0012,A20,A,Output Format,0.7078414899962288,0.36410940627084726,True Robustness
art_0012,A21,A,Output Format,0.6874591999110722,0.3111407605070047,True Robustness
art_0012,A22,A,Output Format,0.6724550560826347,0.3856793417834111,True Robustness
art_0012,A23,A,Audience Perspective,0.7092488422280266,0.6699577496108516,Fragile
art_0012,A24,A,Audience Perspective,0.7519351811636062,0.31429842116966866,True Robustness
art_0012,A25,A,Audience Perspective,0.753498470499402,0.36482099177229266,True Robustness
art_0012,A26,A,Emphasis Focus,0.6705048722880228,0.5904825439181677,Fragile
art_0012,A27,A,Emphasis Focus,0.6833399889015017,0.42299310651545474,True Robustness
art_0012,A28,A,Emphasis Focus,0.6435035403285708,0.6403824772070269,Unreliable
art_0012,A29,A,Tone Register,0.7865964770317078,0.5580164554147209,Fragile
art_0012,A30,A,Tone Register,0.6983161107415244,0.5154102735156771,Fragile
art_0012,A31,A,Tone Register,0.8542457655781792,0.20653769179452966,True Robustness
art_0012,A32,A,Tone Register,0.7139821506681896,0.5194574160551478,Fragile
art_0012,A33,A,Completeness Framing,0.6804827373652231,0.43540137869690904,True Robustness
art_0012,A34,A,Completeness Framing,0.741254490046274,0.4104514120524794,True Robustness
art_0012,A35,A,Completeness Framing,0.7276563062554313,0.5378252168112074,Fragile
art_0012,B01,B,Lexical Filter,0.33923228510788506,0.19106070713809203,Consistently Poor
art_0012,B02,B,Lexical Filter,0.7357249380577179,0.43179897709584164,True Robustness
art_0012,B03,B,Lexical Filter,0.684285554857481,0.5467200355792751,Fragile
art_0012,B04,B,Theme Isolation,0.34725657956940786,0.993818100956193,Unreliable
art_0012,B05,B,Theme Isolation,0.6557233262629736,0.5459195018901489,Fragile
art_0012,B06,B,Theme Isolation,0.5891382389125369,0.7084723148765844,Unreliable
art_0012,B07,B,Theme Isolation,0.6833459720725105,0.4452301534356237,True Robustness
art_0012,B08,B,Theme Isolation,0.6909901194629215,0.623037580609295,Fragile
art_0012,B09,B,Persona / Tone,0.6008362848134268,0.4578163219924394,Consistently Poor
art_0012,B10,B,Persona / Tone,0.5886193137793314,0.2608405603735824,Consistently Poor
art_0012,B11,B,Persona / Tone,0.7622342116775966,0.3763397820769402,True Robustness
art_0012,B12,B,Persona / Tone,0.6605105374540601,0.5106515454747609,Fragile
art_0012,B13,B,Persona / Tone,0.583826156599181,0.5035356904603069,Unreliable
art_0012,B14,B,Persona / Tone,0.7006500817480541,0.33457860796086275,True Robustness
art_0012,B15,B,Meta-reflection,0.6390168581690108,0.5190571492105849,Unreliable
art_0013,A01,A,Direct Command,0.6540074078809648,0.2999332888592395,True Robustness
art_0013,A02,A,Direct Command,0.625712411744254,0.667645096731154,Unreliable
art_0013,A03,A,Direct Command,0.6388044832717805,0.28961529908828104,Consistently Poor
art_0013,A04,A,Direct Command,0.6524264308668318,0.5429397376028463,Fragile
art_0013,A05,A,Question Form,0.6534975043364933,0.6030242383811429,Fragile
art_0013,A06,A,Question Form,0.6547333825202214,0.7005559261730042,Fragile
art_0013,A07,A,Question Form,0.6624621124494643,0.6373582388258838,Fragile
art_0013,A08,A,Question Form,0.5361742944944472,0.6578163219924393,Unreliable
art_0013,A09,A,Role Based,0.6739504834016165,0.38532354903268845,True Robustness
art_0013,A10,A,Role Based,0.5784385601679484,0.5564153880364687,Unreliable
art_0013,A11,A,Role Based,0.6042435722691671,0.5744273960418056,Unreliable
art_0013,A12,A,Role Based,0.6152095056715466,0.8275739381810095,Unreliable
art_0013,A13,A,Constraint Based,0.5616449472450075,0.7319991105181232,Unreliable
art_0013,A14,A,Constraint Based,0.695650671919187,0.49615299088281073,True Robustness
art_0013,A15,A,Constraint Based,0.5726796615691413,0.3154102735156771,Consistently Poor
art_0013,A16,A,Analytical Framing,0.7320075042191005,0.5763842561707805,Fragile
art_0013,A17,A,Analytical Framing,0.5869292340108326,0.5364909939959973,Unreliable
art_0013,A18,A,Analytical Framing,0.6121105665252321,0.4656437625083389,Consistently Poor
art_0013,A19,A,Analytical Framing,0.5927582255431584,0.6996219702023571,Unreliable
art_0013,A20,A,Output Format,0.5900008167539325,0.36522125861685567,Consistently Poor
art_0013,A21,A,Output Format,0.6180006741058259,0.44153880364687564,Consistently Poor
art_0013,A22,A,Output Format,0.5746957290740241,0.46315321325327996,Consistently Poor
art_0013,A23,A,Audience Perspective,0.6293356730824424,0.4571492105848343,Consistently Poor
art_0013,A24,A,Audience Perspective,0.6230662642490297,0.5663775850567044,Unreliable
art_0013,A25,A,Audience Perspective,0.6161107477687654,0.438425617078052,Consistently Poor
art_0013,A26,A,Emphasis Focus,0.6716589260668981,0.5193017567267066,Fragile
art_0013,A27,A,Emphasis Focus,0.6755718645595369,0.4711585501445408,True Robustness
art_0013,A28,A,Emphasis Focus,0.5741210476983161,0.6419835445852791,Unreliable
art_0013,A29,A,Tone Register,0.7364558903943924,0.4428285523682455,True Robustness
art_0013,A30,A,Tone Register,0.5374536031768435,0.5749166110740493,Unreliable
art_0013,A31,A,Tone Register,0.7029223449173427,0.3447631754503002,True Robustness
art_0013,A32,A,Tone Register,0.6057314028342565,0.5890148988214364,Unreliable
art_0013,A33,A,Completeness Framing,0.6797190620785667,0.5118078719146097,Fragile
art_0013,A34,A,Completeness Framing,0.6986500698895681,0.4370913942628419,True Robustness
art_0013,A35,A,Completeness Framing,0.6204546924148286,0.5440960640426951,Unreliable
art_0013,B01,B,Lexical Filter,0.3565663688239597,0.3148321102957527,Consistently Poor
art_0013,B02,B,Lexical Filter,0.6458624196904047,0.49299533022014674,True Robustness
art_0013,B03,B,Lexical Filter,0.6202352522384552,0.5226150767178118,Unreliable
art_0013,B04,B,Theme Isolation,0.5790814870879764,0.7198576828997109,Unreliable
art_0013,B05,B,Theme Isolation,0.4823245250043415,0.565665999555259,Unreliable
art_0013,B06,B,Theme Isolation,0.5898556482224236,0.6155659328441182,Unreliable
art_0013,B07,B,Theme Isolation,0.5895142054983548,0.4825883922615076,Consistently Poor
art_0013,B08,B,Theme Isolation,0.6089888108628138,0.5599288414498554,Unreliable
art_0013,B09,B,Persona / Tone,0.5572103581258229,0.5651767845230153,Unreliable
art_0013,B10,B,Persona / Tone,0.473195554245086,0.4403824772070269,Consistently Poor
art_0013,B11,B,Persona / Tone,0.7372916574989047,0.5269290638203246,Fragile
art_0013,B12,B,Persona / Tone,0.6210919993264336,0.6104958861463198,Unreliable
art_0013,B13,B,Persona / Tone,0.5029100020016942,0.5678452301534356,Unreliable
art_0013,B14,B,Persona / Tone,0.5418347673756736,0.48961529908828105,Consistently Poor
art_0013,B15,B,Meta-reflection,0.5992288561094374,0.536713364465199,Unreliable
art_0014,A01,A,Direct Command,0.7039533640657153,0.3462308205470313,True Robustness
art_0014,A02,A,Direct Command,0.6515914205284347,0.8097843006448743,Fragile
art_0014,A03,A,Direct Command,0.515870906767391,0.38345563709139424,Consistently Poor
art_0014,A04,A,Direct Command,0.5823238506203605,0.3935957304869913,Consistently Poor
art_0014,A05,A,Question Form,0.387478137300128,0.5549032688458972,Unreliable
art_0014,A06,A,Question Form,0.6011613749322436,0.5198132088058706,Unreliable
art_0014,A07,A,Question Form,0.39821152814796984,0.6687569490771625,Unreliable
art_0014,A08,A,Question Form,0.3809035214639845,0.6362019123860351,Unreliable
art_0014,A09,A,Role Based,0.5958548975842339,0.5311985768289971,Unreliable
art_0014,A10,A,Role Based,0.7120162986573719,0.30402490549255057,True Robustness
art_0014,A11,A,Role Based,0.5741826246182123,0.6161440960640426,Unreliable
art_0014,A12,A,Role Based,0.4917634349493753,0.46644429619746497,Consistently Poor
art_0014,A13,A,Constraint Based,0.33811989426612854,0.3156771180787191,Consistently Poor
art_0014,A14,A,Constraint Based,0.6299127510615757,0.48098732488325546,Consistently Poor
art_0014,A15,A,Constraint Based,0.5637945681810379,0.3371136313097621,Consistently Poor
art_0014,A16,A,Analytical Framing,0.6912474525826319,0.42419390704914384,True Robustness
art_0014,A17,A,Analytical Framing,0.41116368415809806,0.7329330664887702,Unreliable
art_0014,A18,A,Analytical Framing,0.6370284564438321,0.7063820324660884,Unreliable
art_0014,A19,A,Analytical Framing,0.41456945950076696,0.832377140315766,Unreliable
art_0014,A20,A,Output Format,0.49162649327800384,0.47840782744051585,Consistently Poor
art_0014,A21,A,Output Format,0.488933177930968,0.17242606181899042,Consistently Poor
art_0014,A22,A,Output Format,0.5572992719355083,0.4521236379808761,Consistently Poor
art_0014,A23,A,Audience Perspective,0.5075805471056983,0.7102957527240382,Unreliable
art_0014,A24,A,Audience Perspective,0.44977769681385577,0.18016455414720925,Consistently Poor
art_0014,A25,A,Audience Perspective,0.523998730239414,0.5294196130753835,Unreliable
art_0014,A26,A,Emphasis Focus,0.6466182243256341,0.559083833666889,Fragile
art_0014,A27,A,Emphasis Focus,0.7000073485431217,0.32710696019568597,True Robustness
art_0014,A28,A,Emphasis Focus,0.4062164865788958,0.6644429619746497,Unreliable
art_0014,A29,A,Tone Register,0.6966143129836945,0.47240382477207027,True Robustness
art_0014,A30,A,Tone Register,0.4815778001433327,0.7389815432510561,Unreliable
art_0014,A31,A,Tone Register,0.7304979576950982,0.4329553035356904,True Robustness
art_0014,A32,A,Tone Register,0.6405775199333826,0.3779853235490327,Consistently Poor
art_0014,A33,A,Completeness Framing,0.43529931207497913,0.8273515677118078,Unreliable
art_0014,A34,A,Completeness Framing,0.7031162913356508,0.43286635534800977,True Robustness
art_0014,A35,A,Completeness Framing,0.7355047031527474,0.6420724927729597,Fragile
art_0014,B01,B,Lexical Filter,0.37261425881158733,0.29410718256615515,Consistently Poor
art_0014,B02,B,Lexical Filter,0.7023700362160094,0.36984656437625085,True Robustness
art_0014,B03,B,Lexical Filter,0.5903923695995693,0.5703357794084944,Unreliable
art_0014,B04,B,Theme Isolation,0.16287064540111237,0.8267289303980431,Unreliable
art_0014,B05,B,Theme Isolation,0.5592717343852633,0.6264620858350011,Unreliable
art_0014,B06,B,Theme Isolation,0.4122746480362755,0.45132310429175004,Consistently Poor
art_0014,B07,B,Theme Isolation,0.5426336622663906,0.7681120747164776,Unreliable
art_0014,B08,B,Theme Isolation,0.5920578305210386,0.7877251501000667,Unreliable
art_0014,B09,B,Persona / Tone,0.4461545266565821,0.6056037358238826,Unreliable
art_0014,B10,B,Persona / Tone,0.5072655259143738,0.6007560595952858,Unreliable
art_0014,B11,B,Persona / Tone,0.7668768430039997,0.2798309984434067,True Robustness
art_0014,B12,B,Persona / Tone,0.4866754131657737,0.543829219479653,Unreliable
art_0014,B13,B,Persona / Tone,0.6114148611114139,0.2607516121859017,Consistently Poor
art_0014,B14,B,Persona / Tone,0.5162729918956758,0.4608850344674227,Consistently Poor
art_0014,B15,B,Meta-reflection,0.39645876664490926,0.7984434067155881,Unreliable
art_0015,A01,A,Direct Command,0.5633213122685751,0.4343340004447409,Consistently Poor
art_0015,A02,A,Direct Command,0.6289092848698298,0.448165443629086,Consistently Poor
art_0015,A03,A,Direct Command,0.579307367404302,0.27044696464309537,Consistently Poor
art_0015,A04,A,Direct Command,0.6462263464927673,0.4631087391594396,True Robustness
art_0015,A05,A,Question Form,0.5243923713763555,0.4518567934178341,Consistently Poor
art_0015,A06,A,Question Form,0.5815557390451431,0.5271959083833666,Unreliable
art_0015,A07,A,Question Form,0.5327873925367991,0.4248610184567489,Consistently Poor
art_0015,A08,A,Question Form,0.5685552755991617,0.6013786969090504,Unreliable
art_0015,A09,A,Role Based,0.648418257633845,0.3289748721369802,True Robustness
art_0015,A10,A,Role Based,0.6920256018638611,0.25697131420947295,True Robustness
art_0015,A11,A,Role Based,0.5745394031206766,0.2605292417167,Consistently Poor
art_0015,A12,A,Role Based,0.537234162290891,0.3942628418945964,Consistently Poor
art_0015,A13,A,Constraint Based,0.5071128457784653,0.05941738937069157,Consistently Poor
art_0015,A14,A,Constraint Based,0.5453685422738394,0.26644429619746496,Consistently Poor
art_0015,A15,A,Constraint Based,0.6096640874942144,0.49112741827885253,Consistently Poor
art_0015,A16,A,Analytical Framing,0.6768725713094076,0.6222815210140094,Fragile
art_0015,A17,A,Analytical Framing,0.5375374952952067,0.5006004002668445,Consistently Poor
art_0015,A18,A,Analytical Framing,0.5636177162329356,0.29312875250166776,Consistently Poor
art_0015,A19,A,Analytical Framing,0.5421275546153387,0.33933733600177896,Consistently Poor
art_0015,A20,A,Output Format,0.5386125097672144,0.06880142317100288,Consistently Poor
art_0015,A21,A,Output Format,0.5471056401729584,0.23833666889037133,Consistently Poor
art_0015,A22,A,Output Format,0.5516548107067744,0.30669335112297086,Consistently Poor
art_0015,A23,A,Audience Perspective,0.6243711759646734,0.34605292417167,Consistently Poor
art_0015,A24,A,Audience Perspective,0.5548206716775894,0.22615076717811874,Consistently Poor
art_0015,A25,A,Audience Perspective,0.6589522262414297,0.209472981987992,True Robustness
art_0015,A26,A,Emphasis Focus,0.6685374875863394,0.44607516121859014,True Robustness
art_0015,A27,A,Emphasis Focus,0.6034895529349645,0.6223259951078496,Unreliable
art_0015,A28,A,Emphasis Focus,0.5452567239602407,0.4603068712474983,Consistently Poor
art_0015,A29,A,Tone Register,0.679028699795405,0.31816766733377805,True Robustness
art_0015,A30,A,Tone Register,0.6150855273008347,0.4582610629308428,Consistently Poor
art_0015,A31,A,Tone Register,0.7032109349966049,0.3588614631976873,True Robustness
art_0015,A32,A,Tone Register,0.632822667558988,0.4094285078941517,Consistently Poor
art_0015,A33,A,Completeness Framing,0.5467106352249781,0.49010451412052475,Consistently Poor
art_0015,A34,A,Completeness Framing,0.7169171422719955,0.36179675339114964,True Robustness
art_0015,A35,A,Completeness Framing,0.5904218157132467,0.479208361129642,Consistently Poor
art_0015,B01,B,Lexical Filter,0.4405719538529714,0.43918167667333774,Consistently Poor
art_0015,B02,B,Lexical Filter,0.6094672034184138,0.37064709806537693,Consistently Poor
art_0015,B03,B,Lexical Filter,0.5967858880758286,0.30771625528129865,Consistently Poor
art_0015,B04,B,Theme Isolation,0.5464512060085932,0.6379808761396486,Unreliable
art_0015,B05,B,Theme Isolation,0.5360548496246338,0.3696241939070491,Consistently Poor
art_0015,B06,B,Theme Isolation,0.5092169046401978,0.5827885256837891,Unreliable
art_0015,B07,B,Theme Isolation,0.5913927753766378,0.5949744273960418,Unreliable
art_0015,B08,B,Theme Isolation,0.5519541005293528,0.3692684011563264,Consistently Poor
art_0015,B09,B,Persona / Tone,0.5193968911965688,0.3898599066044029,Consistently Poor
art_0015,B10,B,Persona / Tone,0.5027355452378591,0.5860796086279741,Unreliable
art_0015,B11,B,Persona / Tone,0.7078958004713058,0.3372025794974427,True Robustness
art_0015,B12,B,Persona / Tone,0.5085640251636505,0.43522348232154767,Consistently Poor
art_0015,B13,B,Persona / Tone,0.5309586177269617,0.3080720480320213,Consistently Poor
art_0015,B14,B,Persona / Tone,0.47826587160428363,0.6637758505670447,Unreliable
art_0015,B15,B,Meta-reflection,0.5245395650466284,0.3486768957082499,Consistently Poor
art_0016,A01,A,Direct Command,0.46900791994162966,0.56842339337336,Unreliable
art_0016,A02,A,Direct Command,0.5137678739570436,0.6561263064265065,Unreliable
art_0016,A03,A,Direct Command,0.5451160094567707,0.5586390927284857,Unreliable
art_0016,A04,A,Direct Command,0.6052452879292624,0.4214809873248832,Consistently Poor
art_0016,A05,A,Question Form,0.34744213308606825,0.7930620413609072,Unreliable
art_0016,A06,A,Question Form,0.4003013649157115,0.6663553480097842,Unreliable
art_0016,A07,A,Question Form,0.4073651958079565,0.7917278185456971,Unreliable
art_0016,A08,A,Question Form,0.3584459963298979,0.4547476095174561,Consistently Poor
art_0016,A09,A,Role Based,0.5445330987373987,0.41240827218145426,Consistently Poor
art_0016,A10,A,Role Based,0.5188327722606204,0.5509006004002668,Unreliable
art_0016,A11,A,Role Based,0.6329914934578396,0.6198354458527907,Unreliable
art_0016,A12,A,Role Based,0.43927583524159014,0.5395597064709806,Unreliable
art_0016,A13,A,Constraint Based,0.4357592037745884,0.004136090727151435,Consistently Poor
art_0016,A14,A,Constraint Based,0.4753559373673939,0.4370913942628419,Consistently Poor
art_0016,A15,A,Constraint Based,0.4835769477344695,0.4845452523904825,Consistently Poor
art_0016,A16,A,Analytical Framing,0.6347412431523912,0.67369357349344,Unreliable
art_0016,A17,A,Analytical Framing,0.37569970318249296,0.49690905047809647,Consistently Poor
art_0016,A18,A,Analytical Framing,0.5478460001094001,0.4674672003557927,Consistently Poor
art_0016,A19,A,Analytical Framing,0.30935208570389516,0.7324438514565265,Unreliable
art_0016,A20,A,Output Format,0.41454763284751345,0.5573938181009561,Unreliable
art_0016,A21,A,Output Format,0.4305539010536103,0.26244162775183455,Consistently Poor
art_0016,A22,A,Output Format,0.4650541607822691,0.23073159884367356,Consistently Poor
art_0016,A23,A,Audience Perspective,0.48082706048375085,0.5714031576606626,Unreliable
art_0016,A24,A,Audience Perspective,0.47021794390110744,0.11705581498776961,Consistently Poor
art_0016,A25,A,Audience Perspective,0.5196672883771715,0.49579719813208806,Consistently Poor
art_0016,A26,A,Emphasis Focus,0.3599490764595213,0.7762953079830998,Unreliable
art_0016,A27,A,Emphasis Focus,0.7808725166888465,0.31919057149210583,True Robustness
art_0016,A28,A,Emphasis Focus,0.38264181926136925,0.5934623082054703,Unreliable
art_0016,A29,A,Tone Register,0.6276989671446028,0.4948187680676006,Consistently Poor
art_0016,A30,A,Tone Register,0.49665724663507377,0.6087613964865465,Unreliable
art_0016,A31,A,Tone Register,0.6985115749495369,0.5674894374027128,Fragile
art_0016,A32,A,Tone Register,0.525768213328861,0.5530798309984434,Unreliable
art_0016,A33,A,Completeness Framing,0.4082824985186259,0.7260840560373583,Unreliable
art_0016,A34,A,Completeness Framing,0.6426898695173718,0.4672893039804314,Consistently Poor
art_0016,A35,A,Completeness Framing,0.5832259413741884,0.7628641316433177,Unreliable
art_0016,B01,B,Lexical Filter,0.4088923547949109,0.19866577718478984,Consistently Poor
art_0016,B02,B,Lexical Filter,0.6385918060938517,0.6045808316655548,Unreliable
art_0016,B03,B,Lexical Filter,0.6092093203748975,0.4900155659328441,Consistently Poor
art_0016,B04,B,Theme Isolation,0.36278117128780907,0.763042028018679,Unreliable
art_0016,B05,B,Theme Isolation,0.34218616499787285,0.6696909050478096,Unreliable
art_0016,B06,B,Theme Isolation,0.31539156323387507,0.7088725817211474,Unreliable
art_0016,B07,B,Theme Isolation,0.4745690467811767,0.6661774516344229,Unreliable
art_0016,B08,B,Theme Isolation,0.43044583712305334,0.6473649099399599,Unreliable
art_0016,B09,B,Persona / Tone,0.37058706652550466,0.5783855903935957,Unreliable
art_0016,B10,B,Persona / Tone,0.48389356193088345,0.5258616855681565,Unreliable
art_0016,B11,B,Persona / Tone,0.6667358513389315,0.41787858572381587,True Robustness
art_0016,B12,B,Persona / Tone,0.4588690868445805,0.4032021347565043,Consistently Poor
art_0016,B13,B,Persona / Tone,0.6601925712256205,0.5209695352457193,Fragile
art_0016,B14,B,Persona / Tone,0.4746970647857303,0.6032021347565043,Unreliable
art_0016,B15,B,Meta-reflection,0.42975684716587975,0.45790527018012,Consistently Poor
art_0017,A01,A,Direct Command,0.7951287815968197,0.24082721814543026,True Robustness
art_0017,A02,A,Direct Command,0.7636035819848379,0.6594618634645318,Fragile
art_0017,A03,A,Direct Command,0.7803146978219351,0.4892595063375584,True Robustness
art_0017,A04,A,Direct Command,0.7855771323045095,0.5671781187458305,Fragile
art_0017,A05,A,Question Form,0.7263361427519057,0.6211251945741605,Fragile
art_0017,A06,A,Question Form,0.7019914769464068,0.6094729819879919,Fragile
art_0017,A07,A,Question Form,0.7164044393433465,0.7650878363353346,Fragile
art_0017,A08,A,Question Form,0.6796483248472214,0.6850789415165666,Fragile
art_0017,A09,A,Role Based,0.7182171059979332,0.505136757838559,Fragile
art_0017,A10,A,Role Based,0.7579983452955882,0.6217923059817656,Fragile
art_0017,A11,A,Role Based,0.5600718335972892,0.7043806982432732,Unreliable
art_0017,A12,A,Role Based,0.7780039797226589,0.5046920169001556,Fragile
art_0017,A13,A,Constraint Based,0.5530669341484705,0.33809206137424946,Consistently Poor
art_0017,A14,A,Constraint Based,0.7607341001431148,0.260662663998221,True Robustness
art_0017,A15,A,Constraint Based,0.7509440862470202,0.3251056259728708,True Robustness
art_0017,A16,A,Analytical Framing,0.7521373569965363,0.5005114520791638,True Robustness
art_0017,A17,A,Analytical Framing,0.6754339589012993,0.5890593729152769,Fragile
art_0017,A18,A,Analytical Framing,0.742208226190673,0.6217033577940849,Fragile
art_0017,A19,A,Analytical Framing,0.5546815279457303,0.8334889926617745,Unreliable
art_0017,A20,A,Output Format,0.7974780688683193,0.24732043584611962,True Robustness
art_0017,A21,A,Output Format,0.7006616529491212,0.7152323771403157,Fragile
art_0017,A22,A,Output Format,0.7957573076089224,0.27200355792750724,True Robustness
art_0017,A23,A,Audience Perspective,0.7496866673231125,0.651456526573271,Fragile
art_0017,A24,A,Audience Perspective,0.7823447773853939,0.6701801200800533,Fragile
art_0017,A25,A,Audience Perspective,0.7699125200510025,0.4342005781632199,True Robustness
art_0017,A26,A,Emphasis Focus,0.7775463504923715,0.6861018456748943,Fragile
art_0017,A27,A,Emphasis Focus,0.738784342010816,0.6238381142984211,Fragile
art_0017,A28,A,Emphasis Focus,0.654296123650339,0.4944629753168779,True Robustness
art_0017,A29,A,Tone Register,0.7895540833473206,0.426195241271959,True Robustness
art_0017,A30,A,Tone Register,0.7598020765516492,0.623037580609295,Fragile
art_0017,A31,A,Tone Register,0.7838233351707459,0.40898376695574823,True Robustness
art_0017,A32,A,Tone Register,0.584845456149843,0.5127418278852568,Unreliable
art_0017,A33,A,Completeness Framing,0.593601096007559,0.7216366466533244,Unreliable
art_0017,A34,A,Completeness Framing,0.7917407542467118,0.33760284634200577,True Robustness
art_0017,A35,A,Completeness Framing,0.7679168820381165,0.35632643984878803,True Robustness
art_0017,B01,B,Lexical Filter,0.30264932413895923,0.36775628196575494,Consistently Poor
art_0017,B02,B,Lexical Filter,0.7792003240850236,0.6237491661107405,Fragile
art_0017,B03,B,Lexical Filter,0.7700180742475721,0.5867911941294196,Fragile
art_0017,B04,B,Theme Isolation,0.5221541310350101,0.8018234378474538,Unreliable
art_0017,B05,B,Theme Isolation,0.5562012798256344,0.6090727151434289,Unreliable
art_0017,B06,B,Theme Isolation,0.461299960149659,0.6781854569713142,Unreliable
art_0017,B07,B,Theme Isolation,0.6905071251922185,0.5685123415610407,Fragile
art_0017,B08,B,Theme Isolation,0.5893451793326272,0.8353124305092283,Unreliable
art_0017,B09,B,Persona / Tone,0.6812067485517925,0.5674004892150322,Fragile
art_0017,B10,B,Persona / Tone,0.7392464703983731,0.5711363130976206,Fragile
art_0017,B11,B,Persona / Tone,0.7647236377000809,0.4368690237936402,True Robustness
art_0017,B12,B,Persona / Tone,0.49348417719205206,0.854881031798977,Unreliable
art_0017,B13,B,Persona / Tone,0.7082290265295241,0.4443851456526573,True Robustness
art_0017,B14,B,Persona / Tone,0.5071652008427513,0.6285968423393372,Unreliable
art_0017,B15,B,Meta-reflection,0.7034352236323885,0.5661996886813431,Fragile
art_0018,A01,A,Direct Command,0.6855790644884109,0.12608405603735823,True Robustness
art_0018,A02,A,Direct Command,0.6622838854789733,0.4488325550366911,True Robustness
art_0018,A03,A,Direct Command,0.689748270312945,0.07351567711807871,True Robustness
art_0018,A04,A,Direct Command,0.6831581821044286,0.07707360462530574,True Robustness
art_0018,A05,A,Question Form,0.6528220554192861,0.2954414053813654,True Robustness
art_0018,A06,A,Question Form,0.6583548814058303,0.20124527462752945,True Robustness
art_0018,A07,A,Question Form,0.6776790797710418,0.37055814987769625,True Robustness
art_0018,A08,A,Question Form,0.6488508562246958,0.16299755392483878,True Robustness
art_0018,A09,A,Role Based,0.6863914509614308,0.19524127195908383,True Robustness
art_0018,A10,A,Role Based,0.6941589107116063,0.10922837447187013,True Robustness
art_0018,A11,A,Role Based,0.6310077289740245,0.2770736046253057,Consistently Poor
art_0018,A12,A,Role Based,0.7150776048501332,0.2181454302868579,True Robustness
art_0018,A13,A,Constraint Based,0.6235078394412995,0.16072937513898153,Consistently Poor
art_0018,A14,A,Constraint Based,0.6535181581974029,0.13911496553257727,True Robustness
art_0018,A15,A,Constraint Based,0.6266338656346003,0.32866355348009785,Consistently Poor
art_0018,A16,A,Analytical Framing,0.6845119734605154,0.2637313764732043,True Robustness
art_0018,A17,A,Analytical Framing,0.6653983990351359,0.3200800533689126,True Robustness
art_0018,A18,A,Analytical Framing,0.6673470020294189,0.09317322659550811,True Robustness
art_0018,A19,A,Analytical Framing,0.6806992749373117,0.2999332888592395,True Robustness
art_0018,A20,A,Output Format,0.6903306821982066,0.07413831443184345,True Robustness
art_0018,A21,A,Output Format,0.6340532253185908,0.323949299533022,Consistently Poor
art_0018,A22,A,Output Format,0.7153455903132756,0.08610184567489437,True Robustness
art_0018,A23,A,Audience Perspective,0.6053833246231078,0.39577496108516785,Consistently Poor
art_0018,A24,A,Audience Perspective,0.686356587211291,0.1589059372915277,True Robustness
art_0018,A25,A,Audience Perspective,0.6505627860625585,0.31879030464754277,True Robustness
art_0018,A26,A,Emphasis Focus,0.6756638169288635,0.3201690015565932,True Robustness
art_0018,A27,A,Emphasis Focus,0.6800705522298812,0.25915054480764954,True Robustness
art_0018,A28,A,Emphasis Focus,0.709758327404658,0.31767845230153435,True Robustness
art_0018,A29,A,Tone Register,0.6795275936524073,0.1537914164998888,True Robustness
art_0018,A30,A,Tone Register,0.6547762334346771,0.35316877918612405,True Robustness
art_0018,A31,A,Tone Register,0.6534942666689555,0.0969090504780965,True Robustness
art_0018,A32,A,Tone Register,0.6824665447076161,0.18376695574827662,True Robustness
art_0018,A33,A,Completeness Framing,0.6836551159620284,0.33324438514565263,True Robustness
art_0018,A34,A,Completeness Framing,0.6742923786242803,0.19871025127863018,True Robustness
art_0018,A35,A,Completeness Framing,0.6805615365505218,0.23962641761174114,True Robustness
art_0018,B01,B,Lexical Filter,0.4837379117806752,0.4042695130086724,Consistently Poor
art_0018,B02,B,Lexical Filter,0.6722073882818221,0.15236824549699798,True Robustness
art_0018,B03,B,Lexical Filter,0.6741615315278371,0.21596619968868133,True Robustness
art_0018,B04,B,Theme Isolation,0.6946152398983637,0.3957304869913275,True Robustness
art_0018,B05,B,Theme Isolation,0.6186824818452199,0.26462085835001115,Consistently Poor
art_0018,B06,B,Theme Isolation,0.7013150493303936,0.46128530131198575,True Robustness
art_0018,B07,B,Theme Isolation,0.6276831607023875,0.37625083388925945,Consistently Poor
art_0018,B08,B,Theme Isolation,0.6978376189867656,0.2839226150767178,True Robustness
art_0018,B09,B,Persona / Tone,0.6909861663977305,0.18074271736713365,True Robustness
art_0018,B10,B,Persona / Tone,0.6101739943027497,0.18123193239937735,Consistently Poor
art_0018,B11,B,Persona / Tone,0.6719710210959117,0.1296864576384256,True Robustness
art_0018,B12,B,Persona / Tone,0.6761943268775941,0.5896375361352012,Fragile
art_0018,B13,B,Persona / Tone,0.6587030579646429,0.15610406937958637,True Robustness
art_0018,B14,B,Persona / Tone,0.6192728598912557,0.3030464754280631,Consistently Poor
art_0018,B15,B,Meta-reflection,0.6419407308101653,0.15210140093395597,Consistently Poor
art_0019,A01,A,Direct Command,0.7320962377168514,0.25274627529464083,True Robustness
art_0019,A02,A,Direct Command,0.7519687993658914,0.6349566377585056,Fragile
art_0019,A03,A,Direct Command,0.778479368046478,0.3173226595508116,True Robustness
art_0019,A04,A,Direct Command,0.7160514869071818,0.33511229708694684,True Robustness
art_0019,A05,A,Question Form,0.5706159891905607,0.6117856348676896,Unreliable
art_0019,A06,A,Question Form,0.7008323862596795,0.730798309984434,Fragile
art_0019,A07,A,Question Form,0.5405459315688521,0.7537024683122081,Unreliable
art_0019,A08,A,Question Form,0.4910986969868341,0.4528352234823215,Consistently Poor
art_0019,A09,A,Role Based,0.6558654716721287,0.5569046030687125,Fragile
art_0019,A10,A,Role Based,0.855711531859857,0.2712474983322215,True Robustness
art_0019,A11,A,Role Based,0.8013349423805872,0.46844563042028015,True Robustness
art_0019,A12,A,Role Based,0.7130013704299927,0.5537024683122082,Fragile
art_0019,A13,A,Constraint Based,0.5946520489675028,0.5208361129641983,Unreliable
art_0019,A14,A,Constraint Based,0.8150770763556162,0.4272626195241272,True Robustness
art_0019,A15,A,Constraint Based,0.8428368441484593,0.46364242828552366,True Robustness
art_0019,A16,A,Analytical Framing,0.783605107554683,0.5508116522125861,Fragile
art_0019,A17,A,Analytical Framing,0.5581486909477799,0.6817878585723816,Unreliable
art_0019,A18,A,Analytical Framing,0.6664741414564627,0.7227929730931733,Fragile
art_0019,A19,A,Analytical Framing,0.630133506876451,0.8187680676006226,Unreliable
art_0019,A20,A,Output Format,0.7161649636648318,0.4390037802979764,True Robustness
art_0019,A21,A,Output Format,0.5889726358431356,0.48596842339337337,Consistently Poor
art_0019,A22,A,Output Format,0.6974846295736454,0.5276851234156104,Fragile
art_0019,A23,A,Audience Perspective,0.750904608103964,0.6017789637536135,Fragile
art_0019,A24,A,Audience Perspective,0.7683303113336915,0.39332888592394927,True Robustness
art_0019,A25,A,Audience Perspective,0.7716853403382831,0.43553480097843,True Robustness
art_0019,A26,A,Emphasis Focus,0.5803391480887378,0.44723148765843895,Consistently Poor
art_0019,A27,A,Emphasis Focus,0.8127656363778645,0.2743162108072048,True Robustness
art_0019,A28,A,Emphasis Focus,0.6045057337593148,0.6483433400044474,Unreliable
art_0019,A29,A,Tone Register,0.7071364400563417,0.5360462530575939,Fragile
art_0019,A30,A,Tone Register,0.7377555342736066,0.6346453191016233,Fragile
art_0019,A31,A,Tone Register,0.7767881734503641,0.5191016233044251,Fragile
art_0019,A32,A,Tone Register,0.6042223423719406,0.5298198799199466,Unreliable
art_0019,A33,A,Completeness Framing,0.6009003751807741,0.730664887702913,Unreliable
art_0019,A34,A,Completeness Framing,0.8363312974020287,0.47160329108294413,True Robustness
art_0019,A35,A,Completeness Framing,0.6846055868599149,0.5457416055147876,Fragile
art_0019,B01,B,Lexical Filter,0.40584014411325814,0.4969090504780965,Consistently Poor
art_0019,B02,B,Lexical Filter,0.82788358076855,0.44313987102512786,True Robustness
art_0019,B03,B,Lexical Filter,0.7171786272967302,0.7258616855681566,Fragile
art_0019,B04,B,Theme Isolation,0.6031048005377804,0.8459417389370691,Unreliable
art_0019,B05,B,Theme Isolation,0.48684355782137967,0.5766511007338225,Unreliable
art_0019,B06,B,Theme Isolation,0.5224411851829952,0.6512786301979097,Unreliable
art_0019,B07,B,Theme Isolation,0.6809664727361113,0.7813653546808983,Fragile
art_0019,B08,B,Theme Isolation,0.8219866548423415,0.5496997998665777,Fragile
art_0019,B09,B,Persona / Tone,0.5999788503955911,0.33324438514565263,Consistently Poor
art_0019,B10,B,Persona / Tone,0.7539289924833511,0.5317322659550812,Fragile
art_0019,B11,B,Persona / Tone,0.8181706153684193,0.49864354013786966,True Robustness
art_0019,B12,B,Persona / Tone,0.5470319396919674,0.5741160773849232,Unreliable
art_0019,B13,B,Persona / Tone,0.5737689485152563,0.5011340893929286,Consistently Poor
art_0019,B14,B,Persona / Tone,0.49282716269846305,0.5262619524127196,Unreliable
art_0019,B15,B,Meta-reflection,0.5715407922312066,0.6289081609962197,Unreliable
art_0020,A01,A,Direct Command,0.8711551378170651,0.5158105403602401,Fragile
art_0020,A02,A,Direct Command,0.8317633825871681,0.8021347565043362,Fragile
art_0020,A03,A,Direct Command,0.8741443802913031,0.28605737158105404,True Robustness
art_0020,A04,A,Direct Command,0.8267757594585419,0.45483655770513676,True Robustness
art_0020,A05,A,Question Form,0.7073433465427822,0.8571936846786746,Fragile
art_0020,A06,A,Question Form,0.4986403915617201,0.7838114298421169,Unreliable
art_0020,A07,A,Question Form,0.6136599961254331,0.670669335112297,Unreliable
art_0020,A08,A,Question Form,0.6351525733868281,0.9066488770291304,Unreliable
art_0020,A09,A,Role Based,0.793353334069252,0.3563709139426284,True Robustness
art_0020,A10,A,Role Based,0.9164700027969149,0.4082277073604625,True Robustness
art_0020,A11,A,Role Based,0.7524806145164701,0.5006893484545252,True Robustness
art_0020,A12,A,Role Based,0.7852972282303704,0.6625305759395151,Fragile
art_0020,A13,A,Constraint Based,0.7098417662911944,0.37033577940849455,True Robustness
art_0020,A14,A,Constraint Based,0.7613861146900388,0.5753613520124528,Fragile
art_0020,A15,A,Constraint Based,0.8247366332345538,0.40555926173004225,True Robustness
art_0020,A16,A,Analytical Framing,0.8051909903685254,0.5064265065599288,Fragile
art_0020,A17,A,Analytical Framing,0.49104393521944684,0.7654881031798977,Unreliable
art_0020,A18,A,Analytical Framing,0.810189758737882,0.8275294640871692,Fragile
art_0020,A19,A,Analytical Framing,0.5330884721544052,0.9733600177896375,Unreliable
art_0020,A20,A,Output Format,0.8725835829973222,0.17998665777184789,True Robustness
art_0020,A21,A,Output Format,0.8054532259702682,0.4016455414720925,True Robustness
art_0020,A22,A,Output Format,0.8253496239582697,0.27271514342895264,True Robustness
art_0020,A23,A,Audience Perspective,0.8104058090183469,0.5523237714031577,Fragile
art_0020,A24,A,Audience Perspective,0.8384645813041264,0.21494329553035355,True Robustness
art_0020,A25,A,Audience Perspective,0.7862685604227911,0.47676228596842335,True Robustness
art_0020,A26,A,Emphasis Focus,0.675802621576521,0.9299533022014677,Fragile
art_0020,A27,A,Emphasis Focus,0.6706274267699982,0.889081609962197,Fragile
art_0020,A28,A,Emphasis Focus,0.6703021112415525,0.937380475872804,Fragile
art_0020,A29,A,Tone Register,0.8316571149561142,0.5164776517678452,Fragile
art_0020,A30,A,Tone Register,0.7516731437709595,0.571447631754503,Fragile
art_0020,A31,A,Tone Register,0.7697460949420929,0.36522125861685567,True Robustness
art_0020,A32,A,Tone Register,0.7787566598918702,0.40862797420502556,True Robustness
art_0020,A33,A,Completeness Framing,0.6849898215797211,0.7994663108739158,Fragile
art_0020,A34,A,Completeness Framing,0.821810374657313,0.49744273960418056,True Robustness
art_0020,A35,A,Completeness Framing,0.8189307964510388,0.5664665332443851,Fragile
art_0020,B01,B,Lexical Filter,0.604869137207667,0.44385145652657326,Consistently Poor
art_0020,B02,B,Lexical Filter,0.8621993528472053,0.4399822103624639,True Robustness
art_0020,B03,B,Lexical Filter,0.7832932488785849,0.49730931732265954,True Robustness
art_0020,B04,B,Theme Isolation,0.5052112841771709,0.9262619524127196,Unreliable
art_0020,B05,B,Theme Isolation,0.5961538089646232,0.6265955081165221,Unreliable
art_0020,B06,B,Theme Isolation,0.5386620379156536,0.7507227040249055,Unreliable
art_0020,B07,B,Theme Isolation,0.6981203084190688,0.5300422503891483,Fragile
art_0020,B08,B,Theme Isolation,0.6929469009240469,0.9445408049810984,Fragile
art_0020,B09,B,Persona / Tone,0.7129451168908013,0.49312875250166777,True Robustness
art_0020,B10,B,Persona / Tone,0.7426982770363488,0.3277740716032911,True Robustness
art_0020,B11,B,Persona / Tone,0.8693019847075146,0.2598176562152546,True Robustness
art_0020,B12,B,Persona / Tone,0.6351639409859975,0.6773404491883478,Unreliable
art_0020,B13,B,Persona / Tone,0.7766293005810844,0.6459862130309094,Fragile
art_0020,B14,B,Persona / Tone,0.5418291439612706,0.5604180564820991,Unreliable
art_0020,B15,B,Meta-reflection,0.7113582260078855,0.8024460751612186,Fragile
art_0021,A01,A,Direct Command,0.5576962649822236,0.3166110740493662,Consistently Poor
art_0021,A02,A,Direct Command,0.5914073089758555,0.562775183455637,Unreliable
art_0021,A03,A,Direct Command,0.5471595495939255,0.27467200355792754,Consistently Poor
art_0021,A04,A,Direct Command,0.5381846110026042,0.2868579052701801,Consistently Poor
art_0021,A05,A,Question Form,0.4466240167617798,0.4804536357571714,Consistently Poor
art_0021,A06,A,Question Form,0.5707658171653748,0.28450077829664216,Consistently Poor
art_0021,A07,A,Question Form,0.436808662613233,0.746319768734712,Unreliable
art_0021,A08,A,Question Form,0.4615602384010951,0.35957304869913276,Consistently Poor
art_0021,A09,A,Role Based,0.5799588084220887,0.2251723371136313,Consistently Poor
art_0021,A10,A,Role Based,0.5349074522654216,0.2847676228596842,Consistently Poor
art_0021,A11,A,Role Based,0.49551194856564207,0.5258616855681565,Unreliable
art_0021,A12,A,Role Based,0.5094070037206014,0.5578830331331999,Unreliable
art_0021,A13,A,Constraint Based,0.4991438706715902,0.2853457860796086,Consistently Poor
art_0021,A14,A,Constraint Based,0.5011933118104935,0.08178785857238158,Consistently Poor
art_0021,A15,A,Constraint Based,0.5448609828948975,0.4715143428952635,Consistently Poor
art_0021,A16,A,Analytical Framing,0.5152122447888057,0.20244607516121857,Consistently Poor
art_0021,A17,A,Analytical Framing,0.47159873346487685,0.5098065376917945,Unreliable
art_0021,A18,A,Analytical Framing,0.5665974100430806,0.3902601734489659,Consistently Poor
art_0021,A19,A,Analytical Framing,0.4095808535814285,0.6727596175227929,Unreliable
art_0021,A20,A,Output Format,0.5584679067134858,0.2004892150322437,Consistently Poor
art_0021,A21,A,Output Format,0.4811186005671819,0.2942406048476762,Consistently Poor
art_0021,A22,A,Output Format,0.5430388867855073,0.19510784967756278,Consistently Poor
art_0021,A23,A,Audience Perspective,0.5759423335393269,0.49610851678897044,Consistently Poor
art_0021,A24,A,Audience Perspective,0.55769289235274,0.1598843673560151,Consistently Poor
art_0021,A25,A,Audience Perspective,0.5854967733224233,0.28000889481876806,Consistently Poor
art_0021,A26,A,Emphasis Focus,0.4489010751247406,0.54080498109851,Unreliable
art_0021,A27,A,Emphasis Focus,0.5901467363039652,0.21974649766511006,Consistently Poor
art_0021,A28,A,Emphasis Focus,0.533888108531634,0.594218367800756,Unreliable
art_0021,A29,A,Tone Register,0.5693579852581023,0.31776740048921504,Consistently Poor
art_0021,A30,A,Tone Register,0.5256834656000137,0.590927284856571,Unreliable
art_0021,A31,A,Tone Register,0.5892804513374964,0.39208361129641983,Consistently Poor
art_0021,A32,A,Tone Register,0.5648461163043975,0.2615521458750278,Consistently Poor
art_0021,A33,A,Completeness Framing,0.47888473371664686,0.6531910162330442,Unreliable
art_0021,A34,A,Completeness Framing,0.5524331818024318,0.19853235490326884,Consistently Poor
art_0021,A35,A,Completeness Framing,0.6189701775709788,0.1413831443184345,Consistently Poor
art_0021,B01,B,Lexical Filter,0.31549456268548964,0.2895708249944407,Consistently Poor
art_0021,B02,B,Lexical Filter,0.6366233299175899,0.12577273738047587,Consistently Poor
art_0021,B03,B,Lexical Filter,0.5440636605024337,0.27742939737602845,Consistently Poor
art_0021,B04,B,Theme Isolation,0.46130006810029345,0.517233711363131,Unreliable
art_0021,B05,B,Theme Isolation,0.48076401005188624,0.49161663331109623,Consistently Poor
art_0021,B06,B,Theme Isolation,0.4098785688479742,0.647765176784523,Unreliable
art_0021,B07,B,Theme Isolation,0.5952102561791738,0.39412941961307535,Consistently Poor
art_0021,B08,B,Theme Isolation,0.635695747534434,0.37540582610629303,Consistently Poor
art_0021,B09,B,Persona / Tone,0.5322098602851232,0.23046475428063154,Consistently Poor
art_0021,B10,B,Persona / Tone,0.4432666212320328,0.3156771180787191,Consistently Poor
art_0021,B11,B,Persona / Tone,0.5778348128000895,0.11647765176784522,Consistently Poor
art_0021,B12,B,Persona / Tone,0.5087187266349792,0.44469646430953963,Consistently Poor
art_0021,B13,B,Persona / Tone,0.5103263924519221,0.3341338670224594,Consistently Poor
art_0021,B14,B,Persona / Tone,0.4250617643197378,0.33079830998443405,Consistently Poor
art_0021,B15,B,Meta-reflection,0.4417236814896266,0.41623304425172336,Consistently Poor
art_0022,A01,A,Direct Command,0.8816430320342382,0.3749610851678897,True Robustness
art_0022,A02,A,Direct Command,0.7783651947975159,0.7986657771847898,Fragile
art_0022,A03,A,Direct Command,0.9047573159138361,0.32821881254169444,True Robustness
art_0022,A04,A,Direct Command,0.8965899646282196,0.41507671781187455,True Robustness
art_0022,A05,A,Question Form,0.6314238905906677,0.8634200578163219,Unreliable
art_0022,A06,A,Question Form,0.7275920957326889,0.6740048921503224,Fragile
art_0022,A07,A,Question Form,0.5884532282749811,0.8429175005559261,Unreliable
art_0022,A08,A,Question Form,0.676315983136495,0.7644651990215698,Fragile
art_0022,A09,A,Role Based,0.8687921563784281,0.5616188570157883,Fragile
art_0022,A10,A,Role Based,0.8489576478799185,0.43028685790527016,True Robustness
art_0022,A11,A,Role Based,0.7927717218796412,0.580386924616411,Fragile
art_0022,A12,A,Role Based,0.8498866260051727,0.6779186124082721,Fragile
art_0022,A13,A,Constraint Based,0.5775304585695267,0.46795641538803645,Consistently Poor
art_0022,A14,A,Constraint Based,0.8848114709059397,0.314076050700467,True Robustness
art_0022,A15,A,Constraint Based,0.8961839526891708,0.5367578385590394,Fragile
art_0022,A16,A,Analytical Framing,0.8389059553543726,0.5338225483655771,Fragile
art_0022,A17,A,Analytical Framing,0.6830910940965017,0.6939292861907939,Fragile
art_0022,A18,A,Analytical Framing,0.7959285875161489,0.7061596619968867,Fragile
art_0022,A19,A,Analytical Framing,0.7010028287768364,0.9084723148765843,Fragile
art_0022,A20,A,Output Format,0.8655458688735962,0.4228152101400934,True Robustness
art_0022,A21,A,Output Format,0.635527049501737,0.4474538581276406,Consistently Poor
art_0022,A22,A,Output Format,0.8767345001300176,0.14636424282855237,True Robustness
art_0022,A23,A,Audience Perspective,0.8923235932985941,0.6611296419835446,Fragile
art_0022,A24,A,Audience Perspective,0.9116056760152181,0.32341561040693795,True Robustness
art_0022,A25,A,Audience Perspective,0.9147515147924423,0.5628196575494774,Fragile
art_0022,A26,A,Emphasis Focus,0.7548974404732386,0.505803869246164,Fragile
art_0022,A27,A,Emphasis Focus,0.83561110496521,0.1248832555036691,True Robustness
art_0022,A28,A,Emphasis Focus,0.7388127148151398,0.785145652657327,Fragile
art_0022,A29,A,Tone Register,0.8767024377981821,0.5004225038914831,True Robustness
art_0022,A30,A,Tone Register,0.8840495347976685,0.610006671114076,Fragile
art_0022,A31,A,Tone Register,0.8839787294467291,0.3470758283299977,True Robustness
art_0022,A32,A,Tone Register,0.7268624653418859,0.6223259951078497,Fragile
art_0022,A33,A,Completeness Framing,0.5704627881447474,0.8125861685568156,Unreliable
art_0022,A34,A,Completeness Framing,0.9014763782421747,0.3329330664887703,True Robustness
art_0022,A35,A,Completeness Framing,0.8540569444497427,0.4872581721147431,True Robustness
art_0022,B01,B,Lexical Filter,0.4500977595647176,0.42957527240382476,Consistently Poor
art_0022,B02,B,Lexical Filter,0.8739267786343893,0.49103847009117185,True Robustness
art_0022,B03,B,Lexical Filter,0.8975360741217931,0.3314654213920391,True Robustness
art_0022,B04,B,Theme Isolation,0.280101257065932,0.8888592394929953,Unreliable
art_0022,B05,B,Theme Isolation,0.7194322993357977,0.6118745830553702,Fragile
art_0022,B06,B,Theme Isolation,0.6347474629680315,0.7773182121414276,Unreliable
art_0022,B07,B,Theme Isolation,0.7961985220511755,0.6594173893706915,Fragile
art_0022,B08,B,Theme Isolation,0.6880764812231064,0.6285078941516566,Fragile
art_0022,B09,B,Persona / Tone,0.7745472093423208,0.34836557705136756,True Robustness
art_0022,B10,B,Persona / Tone,0.8993386775255203,0.36522125861685567,True Robustness
art_0022,B11,B,Persona / Tone,0.8056559612353643,0.422637313764732,True Robustness
art_0022,B12,B,Persona / Tone,0.6154544174671173,0.7671781187458305,Unreliable
art_0022,B13,B,Persona / Tone,0.7695884158213934,0.7244385145652656,Fragile
art_0022,B14,B,Persona / Tone,0.6830175270636877,0.5211474316210807,Fragile
art_0022,B15,B,Meta-reflection,0.7792932838201523,0.6038692461641093,Fragile
art_0023,A01,A,Direct Command,0.6435831097456125,0.4818768067600622,Consistently Poor
art_0023,A02,A,Direct Command,0.6408268847526647,0.6566155214587502,Unreliable
art_0023,A03,A,Direct Command,0.6178908256384043,0.24011563264398486,Consistently Poor
art_0023,A04,A,Direct Command,0.6504571399627587,0.1959083833666889,True Robustness
art_0023,A05,A,Question Form,0.5843762847093436,0.7510340226817879,Unreliable
art_0023,A06,A,Question Form,0.616788271528024,0.4494107182566155,Consistently Poor
art_0023,A07,A,Question Form,0.48733350099661416,0.6336668890371359,Unreliable
art_0023,A08,A,Question Form,0.47213613528471726,0.6281965754947743,Unreliable
art_0023,A09,A,Role Based,0.678033240712606,0.5251501000667111,Fragile
art_0023,A10,A,Role Based,0.676841968527207,0.3672670669335112,True Robustness
art_0023,A11,A,Role Based,0.6456744930683037,0.29290638203246605,Consistently Poor
art_0023,A12,A,Role Based,0.6544779313680452,0.5184789859906604,Fragile
art_0023,A13,A,Constraint Based,0.45916728598949236,0.2997109183900378,Consistently Poor
art_0023,A14,A,Constraint Based,0.6362150785250541,0.3066488770291305,Consistently Poor
art_0023,A15,A,Constraint Based,0.6178441991408666,0.34440738269957744,Consistently Poor
art_0023,A16,A,Analytical Framing,0.6545254794450907,0.4695130086724483,True Robustness
art_0023,A17,A,Analytical Framing,0.5190317002244483,0.7765176784523015,Unreliable
art_0023,A18,A,Analytical Framing,0.6099950678837605,0.6518123193239937,Unreliable
art_0023,A19,A,Analytical Framing,0.5184736618628869,0.708027573938181,Unreliable
art_0023,A20,A,Output Format,0.6388404934834211,0.2973093173226595,Consistently Poor
art_0023,A21,A,Output Format,0.6866522805813031,0.31919057149210583,True Robustness
art_0023,A22,A,Output Format,0.6488883606134316,0.34293973760284635,True Robustness
art_0023,A23,A,Audience Perspective,0.5408107267740445,0.6869913275517011,Unreliable
art_0023,A24,A,Audience Perspective,0.6405308449115509,0.428285523682455,Consistently Poor
art_0023,A25,A,Audience Perspective,0.6494965373705596,0.32412719590838335,True Robustness
art_0023,A26,A,Emphasis Focus,0.6263377169768015,0.7074049366244163,Unreliable
art_0023,A27,A,Emphasis Focus,0.6028540489765314,0.3366244162775183,Consistently Poor
art_0023,A28,A,Emphasis Focus,0.5103640231566552,0.8103624638647987,Unreliable
art_0023,A29,A,Tone Register,0.6466108728677799,0.5814098287747387,Fragile
art_0023,A30,A,Tone Register,0.6481235535481037,0.45688236602179233,True Robustness
art_0023,A31,A,Tone Register,0.6663257407072263,0.29837669557482766,True Robustness
art_0023,A32,A,Tone Register,0.6498879511386919,0.43655770513675785,True Robustness
art_0023,A33,A,Completeness Framing,0.5584320846276406,0.4752946408716922,Consistently Poor
art_0023,A34,A,Completeness Framing,0.6542938924752749,0.5659773182121414,Fragile
art_0023,A35,A,Completeness Framing,0.6209324113069435,0.2104069379586391,Consistently Poor
art_0023,B01,B,Lexical Filter,0.30711725583443267,0.17980876139648652,Consistently Poor
art_0023,B02,B,Lexical Filter,0.6241542104727182,0.33048699132755166,Consistently Poor
art_0023,B03,B,Lexical Filter,0.614832287033399,0.6016455414720925,Unreliable
art_0023,B04,B,Theme Isolation,0.4867788037428489,0.6623082054703135,Unreliable
art_0023,B05,B,Theme Isolation,0.4930023166995783,0.537513898154325,Unreliable
art_0023,B06,B,Theme Isolation,0.527427994287931,0.695130086724483,Unreliable
art_0023,B07,B,Theme Isolation,0.5952040167191089,0.2854792083611296,Consistently Poor
art_0023,B08,B,Theme Isolation,0.5104623352869962,0.8611518790304648,Unreliable
art_0023,B09,B,Persona / Tone,0.45886972164496403,0.6437180342450523,Unreliable
art_0023,B10,B,Persona / Tone,0.46864488759101963,0.5854124972203691,Unreliable
art_0023,B11,B,Persona / Tone,0.5619512983621696,0.29415165665999554,Consistently Poor
art_0023,B12,B,Persona / Tone,0.6005031140951009,0.6973537914164999,Unreliable
art_0023,B13,B,Persona / Tone,0.5313174327214559,0.549477429397376,Unreliable
art_0023,B14,B,Persona / Tone,0.49221912504006654,0.6758728040916167,Unreliable
art_0023,B15,B,Meta-reflection,0.46586571633815765,0.619479653102068,Unreliable
art_0024,A01,A,Direct Command,0.4961098829905192,0.5616188570157883,Unreliable
art_0024,A02,A,Direct Command,0.5766487220923106,0.6935290193462308,Unreliable
art_0024,A03,A,Direct Command,0.5076295385758082,0.37033577940849455,Consistently Poor
art_0024,A04,A,Direct Command,0.6327697038650513,0.31287525016677786,Consistently Poor
art_0024,A05,A,Question Form,0.4504969964424769,0.6414943295530353,Unreliable
art_0024,A06,A,Question Form,0.43459194898605347,0.7981765621525461,Unreliable
art_0024,A07,A,Question Form,0.4229949538906415,0.8820102290415832,Unreliable
art_0024,A08,A,Question Form,0.37794216722249985,0.6842339337336002,Unreliable
art_0024,A09,A,Role Based,0.5860762943824133,0.5787858572381588,Unreliable
art_0024,A10,A,Role Based,0.6317541201909384,0.5004225038914831,Consistently Poor
art_0024,A11,A,Role Based,0.5351546357075373,0.5217255948410051,Unreliable
art_0024,A12,A,Role Based,0.492977574467659,0.539604180564821,Unreliable
art_0024,A13,A,Constraint Based,0.3624192426602046,0.1798977095841672,Consistently Poor
art_0024,A14,A,Constraint Based,0.6375078658262888,0.41129641983544585,Consistently Poor
art_0024,A15,A,Constraint Based,0.5716936141252518,0.4200133422281521,Consistently Poor
art_0024,A16,A,Analytical Framing,0.7949007699886957,0.5726039581943517,Fragile
art_0024,A17,A,Analytical Framing,0.4200852910677592,0.7186568823660218,Unreliable
art_0024,A18,A,Analytical Framing,0.4630551189184189,0.5315988436735601,Unreliable
art_0024,A19,A,Analytical Framing,0.4505319992701213,0.8615076717811875,Unreliable
art_0024,A20,A,Output Format,0.5312024801969528,0.45603735823882585,Consistently Poor
art_0024,A21,A,Output Format,0.49566612641016644,0.20217923059817655,Consistently Poor
art_0024,A22,A,Output Format,0.505994975566864,0.5600622637313765,Unreliable
art_0024,A23,A,Audience Perspective,0.5757466604312261,0.580787191460974,Unreliable
art_0024,A24,A,Audience Perspective,0.5414344221353531,0.610673782521681,Unreliable
art_0024,A25,A,Audience Perspective,0.541716476281484,0.2780965087836335,Consistently Poor
art_0024,A26,A,Emphasis Focus,0.598795215288798,0.6414943295530353,Unreliable
art_0024,A27,A,Emphasis Focus,0.8040432085593542,0.2993551256393151,True Robustness
art_0024,A28,A,Emphasis Focus,0.4910418192545573,0.6798309984434067,Unreliable
art_0024,A29,A,Tone Register,0.727953220407168,0.40627084723148765,True Robustness
art_0024,A30,A,Tone Register,0.5751625597476959,0.5392928619079386,Unreliable
art_0024,A31,A,Tone Register,0.5629862646261851,0.5179452968645764,Unreliable
art_0024,A32,A,Tone Register,0.49915261566638947,0.4080498109851011,Consistently Poor
art_0024,A33,A,Completeness Framing,0.4061557973424594,0.7216811207471647,Unreliable
art_0024,A34,A,Completeness Framing,0.6198609073956808,0.38145430286857906,Consistently Poor
art_0024,A35,A,Completeness Framing,0.5011347830295563,0.2802312652879697,Consistently Poor
art_0024,B01,B,Lexical Filter,0.4549773633480072,0.49659773182121414,Consistently Poor
art_0024,B02,B,Lexical Filter,0.5645785182714462,0.5488992661774517,Unreliable
art_0024,B03,B,Lexical Filter,0.5003530333439509,0.26399822103624637,Consistently Poor
art_0024,B04,B,Theme Isolation,0.46778844576328993,0.988436735601512,Unreliable
art_0024,B05,B,Theme Isolation,0.45508313179016113,0.546586613297754,Unreliable
art_0024,B06,B,Theme Isolation,0.41323380172252655,0.5406715588169891,Unreliable
art_0024,B07,B,Theme Isolation,0.534277468919754,0.46333110962864127,Consistently Poor
art_0024,B08,B,Theme Isolation,0.6970557471116384,0.7412052479430731,Fragile
art_0024,B09,B,Persona / Tone,0.4729018956422806,0.5232377140315766,Unreliable
art_0024,B10,B,Persona / Tone,0.5221684674421946,0.5208361129641983,Unreliable
art_0024,B11,B,Persona / Tone,0.6672887653112411,0.32434956637758505,True Robustness
art_0024,B12,B,Persona / Tone,0.49444875717163084,0.6918834778741383,Unreliable
art_0024,B13,B,Persona / Tone,0.4993455608685811,0.6876584389593061,Unreliable
art_0024,B14,B,Persona / Tone,0.42503095666567486,0.5475650433622414,Unreliable
art_0024,B15,B,Meta-reflection,0.4565885017315547,0.5113631309762063,Unreliable
art_0025,A01,A,Direct Command,0.8011295646429062,0.2552812986435401,True Robustness
art_0025,A02,A,Direct Command,0.7472098164615177,0.804358461196353,Fragile
art_0025,A03,A,Direct Command,0.7566784293878647,0.5498332221480987,Fragile
art_0025,A04,A,Direct Command,0.773690965913591,0.4809428507894151,True Robustness
art_0025,A05,A,Question Form,0.6505126917646046,0.7413831443184344,Fragile
art_0025,A06,A,Question Form,0.6375006834665934,0.7169668668000889,Unreliable
art_0025,A07,A,Question Form,0.618205459877139,0.9667778519012674,Unreliable
art_0025,A08,A,Question Form,0.6114551921685537,0.9036691127418279,Unreliable
art_0025,A09,A,Role Based,0.7654360433419547,0.601067378252168,Fragile
art_0025,A10,A,Role Based,0.8714770759854998,0.6693795863909272,Fragile
art_0025,A11,A,Role Based,0.6252841885600771,0.9215032243718033,Unreliable
art_0025,A12,A,Role Based,0.7237836441823416,0.8032910829441849,Fragile
art_0025,A13,A,Constraint Based,0.7121917761507488,0.5154102735156771,Fragile
art_0025,A14,A,Constraint Based,0.7416040762549355,0.3979986657771848,True Robustness
art_0025,A15,A,Constraint Based,0.7515069707518532,0.5609517456081832,Fragile
art_0025,A16,A,Analytical Framing,0.6679484148820242,0.6244162775183455,Fragile
art_0025,A17,A,Analytical Framing,0.5347864961340314,0.8704469646430953,Unreliable
art_0025,A18,A,Analytical Framing,0.6758741260994049,0.731065154547476,Fragile
art_0025,A19,A,Analytical Framing,0.5922176500871068,0.8419390704914387,Unreliable
art_0025,A20,A,Output Format,0.8275588757935025,0.4651990215699355,True Robustness
art_0025,A21,A,Output Format,0.6806853520018713,0.6155659328441183,Fragile
art_0025,A22,A,Output Format,0.8672690859862736,0.45839448521236376,True Robustness
art_0025,A23,A,Audience Perspective,0.6579087667521976,0.8080053368912609,Fragile
art_0025,A24,A,Audience Perspective,0.7247112457241331,0.40275739381810094,True Robustness
art_0025,A25,A,Audience Perspective,0.719523881872495,0.5623304425172336,Fragile
art_0025,A26,A,Emphasis Focus,0.6562236199776331,0.8678229931065155,Fragile
art_0025,A27,A,Emphasis Focus,0.6485918923502877,0.6485657104736491,Fragile
art_0025,A28,A,Emphasis Focus,0.6453662454372361,0.8321547698465643,Unreliable
art_0025,A29,A,Tone Register,0.7526220494792576,0.6021347565043362,Fragile
art_0025,A30,A,Tone Register,0.6756720869314102,0.5735379141649989,Fragile
art_0025,A31,A,Tone Register,0.7859805730127153,0.43322214809873244,True Robustness
art_0025,A32,A,Tone Register,0.7038916860307967,0.6576384256170781,Fragile
art_0025,A33,A,Completeness Framing,0.7566969841718674,0.5323993773626862,Fragile
art_0025,A34,A,Completeness Framing,0.8085731722059704,0.6257505003335557,Fragile
art_0025,A35,A,Completeness Framing,0.7294545698733558,0.7476984656437624,Fragile
art_0025,B01,B,Lexical Filter,0.40740721779210226,0.50131198576829,Consistently Poor
art_0025,B02,B,Lexical Filter,0.8294025020939965,0.5647320435846119,Fragile
art_0025,B03,B,Lexical Filter,0.7653783311446508,0.4641761174116077,True Robustness
art_0025,B04,B,Theme Isolation,0.30644736119679045,0.8915721592172559,Unreliable
art_0025,B05,B,Theme Isolation,0.5992641764737311,0.6018234378474538,Unreliable
art_0025,B06,B,Theme Isolation,0.5586974705968584,0.7524571936846786,Unreliable
art_0025,B07,B,Theme Isolation,0.6382812541865167,0.5571269735379142,Unreliable
art_0025,B08,B,Theme Isolation,0.6557118601742246,0.8787191460973983,Fragile
art_0025,B09,B,Persona / Tone,0.6675971494544121,0.6122748498999332,Fragile
art_0025,B10,B,Persona / Tone,0.6239911431357973,0.3046475428063153,Consistently Poor
art_0025,B11,B,Persona / Tone,0.7587982331003462,0.422770736046253,True Robustness
art_0025,B12,B,Persona / Tone,0.7171524158545903,0.7602401601067378,Fragile
art_0025,B13,B,Persona / Tone,0.6573101044410752,0.6705803869246164,Fragile
art_0025,B14,B,Persona / Tone,0.6661706339745295,0.5831443184345119,Fragile
art_0025,B15,B,Meta-reflection,0.7076997253156846,0.6266399822103624,Fragile
art_0026,A01,A,Direct Command,0.7719735083756621,0.4569268401156326,True Robustness
art_0026,A02,A,Direct Command,0.6525801478160752,0.771981320880587,Fragile
art_0026,A03,A,Direct Command,0.8232863760656781,0.5629086057371581,Fragile
art_0026,A04,A,Direct Command,0.7991740344851105,0.4257060262397154,True Robustness
art_0026,A05,A,Question Form,0.4832512603865729,0.8344229486324215,Unreliable
art_0026,A06,A,Question Form,0.6056566111467502,0.6519012675116744,Unreliable
art_0026,A07,A,Question Form,0.4967050323331797,0.8304202801867911,Unreliable
art_0026,A08,A,Question Form,0.4922609290590992,0.6628863686902379,Unreliable
art_0026,A09,A,Role Based,0.7414467516872617,0.5933288859239493,Fragile
art_0026,A10,A,Role Based,0.7725086366688764,0.47080275739381805,True Robustness
art_0026,A11,A,Role Based,0.6967475199037129,0.6575939515232376,Fragile
art_0026,A12,A,Role Based,0.712223008275032,0.7080720480320214,Fragile
art_0026,A13,A,Constraint Based,0.591214116524767,0.25999555259061596,Consistently Poor
art_0026,A14,A,Constraint Based,0.7092101270401919,0.6148988214365132,Fragile
art_0026,A15,A,Constraint Based,0.7019956945269197,0.5351122970869469,Fragile
art_0026,A16,A,Analytical Framing,0.6894498014891588,0.5091394262841894,Fragile
art_0026,A17,A,Analytical Framing,0.548225059001534,0.7403602401601067,Unreliable
art_0026,A18,A,Analytical Framing,0.7003425597040742,0.7090060040026684,Fragile
art_0026,A19,A,Analytical Framing,0.5457813579727101,0.7855459195018901,Unreliable
art_0026,A20,A,Output Format,0.7121646288368435,0.539737602846342,Fragile
art_0026,A21,A,Output Format,0.6274976018402313,0.32239270624861016,Consistently Poor
art_0026,A22,A,Output Format,0.712677702859596,0.4654658661329775,True Robustness
art_0026,A23,A,Audience Perspective,0.6415557016928991,0.7882588392261507,Unreliable
art_0026,A24,A,Audience Perspective,0.7643513166242176,0.6301089615299088,Fragile
art_0026,A25,A,Audience Perspective,0.7440162792249962,0.524482988659106,Fragile
art_0026,A26,A,Emphasis Focus,0.576014170492137,0.8529686457638426,Unreliable
art_0026,A27,A,Emphasis Focus,0.8124977554436082,0.4208583500111185,True Robustness
art_0026,A28,A,Emphasis Focus,0.5905324507642675,0.8443851456526573,Unreliable
art_0026,A29,A,Tone Register,0.8412639730506474,0.5210584834334,Fragile
art_0026,A30,A,Tone Register,0.6857158916967886,0.734489659773182,Fragile
art_0026,A31,A,Tone Register,0.7880719204743705,0.3087391594396264,True Robustness
art_0026,A32,A,Tone Register,0.7189927840674365,0.4252612853013119,True Robustness
art_0026,A33,A,Completeness Framing,0.605720422886036,0.6168112074716477,Unreliable
art_0026,A34,A,Completeness Framing,0.8587707076911574,0.4289971091839003,True Robustness
art_0026,A35,A,Completeness Framing,0.7442233148548337,0.6188570157883033,Fragile
art_0026,B01,B,Lexical Filter,0.33886275937159854,0.8574160551478763,Unreliable
art_0026,B02,B,Lexical Filter,0.7675909929805331,0.46008450077829666,True Robustness
art_0026,B03,B,Lexical Filter,0.7124301697368974,0.44723148765843895,True Robustness
art_0026,B04,B,Theme Isolation,0.698022922983876,0.5916388703580164,Fragile
art_0026,B05,B,Theme Isolation,0.5629979272683462,0.6408716922392705,Unreliable
art_0026,B06,B,Theme Isolation,0.4534690468399613,0.6205915054480764,Unreliable
art_0026,B07,B,Theme Isolation,0.6402318450035872,0.526840115632644,Unreliable
art_0026,B08,B,Theme Isolation,0.7920622030893961,0.3878585723815877,True Robustness
art_0026,B09,B,Persona / Tone,0.5645701129127431,0.4344229486324216,Consistently Poor
art_0026,B10,B,Persona / Tone,0.6204360370282773,0.5804758728040915,Unreliable
art_0026,B11,B,Persona / Tone,0.8068448161637342,0.5483211029575272,Fragile
art_0026,B12,B,Persona / Tone,0.6070604125658672,0.7284856571047365,Unreliable
art_0026,B13,B,Persona / Tone,0.6218514894997632,0.489081609962197,Consistently Poor
art_0026,B14,B,Persona / Tone,0.4798688786449255,0.5387146986880141,Unreliable
art_0026,B15,B,Meta-reflection,0.649117428947378,0.8541249722036913,Fragile
art_0027,A01,A,Direct Command,0.6213543762763342,0.47525016677785187,Consistently Poor
art_0027,A02,A,Direct Command,0.6121674006183943,0.8260618189904381,Unreliable
art_0027,A03,A,Direct Command,0.6162089159091314,0.48850344674227264,Consistently Poor
art_0027,A04,A,Direct Command,0.6225045373042425,0.3660662663998221,Consistently Poor
art_0027,A05,A,Question Form,0.5809770673513412,0.651589948854792,Unreliable
art_0027,A06,A,Question Form,0.5962730596462885,0.324482988659106,Consistently Poor
art_0027,A07,A,Question Form,0.5857962171236674,0.5978652434956637,Unreliable
art_0027,A08,A,Question Form,0.5436258539557457,0.7203468979319546,Unreliable
art_0027,A09,A,Role Based,0.6137857586145401,0.3151879030464754,Consistently Poor
art_0027,A10,A,Role Based,0.6105527877807617,0.6872136980209028,Unreliable
art_0027,A11,A,Role Based,0.6031560550133387,0.5986657771847899,Unreliable
art_0027,A12,A,Role Based,0.6295017302036285,0.6843673560151211,Unreliable
art_0027,A13,A,Constraint Based,0.6148412823677063,0.1452523904825439,Consistently Poor
art_0027,A14,A,Constraint Based,0.5394775221745173,0.3997331554369579,Consistently Poor
art_0027,A15,A,Constraint Based,0.6030964851379395,0.4086724482988659,Consistently Poor
art_0027,A16,A,Analytical Framing,0.5392435689767202,0.3425394707582833,Consistently Poor
art_0027,A17,A,Analytical Framing,0.44728386277953786,0.7571714476317545,Unreliable
art_0027,A18,A,Analytical Framing,0.5912443101406097,0.6273960418056481,Unreliable
art_0027,A19,A,Analytical Framing,0.5221347088615099,0.7312875250166777,Unreliable
art_0027,A20,A,Output Format,0.6155886203050613,0.1515677118078719,Consistently Poor
art_0027,A21,A,Output Format,0.6095692962408066,0.44620858350011117,Consistently Poor
art_0027,A22,A,Output Format,0.6935315430164337,0.387502779630865,True Robustness
art_0027,A23,A,Audience Perspective,0.5797385275363922,0.6315321325327996,Unreliable
art_0027,A24,A,Audience Perspective,0.6301055997610092,0.47062486101845674,Consistently Poor
art_0027,A25,A,Audience Perspective,0.6755173951387405,0.5088281076273071,Fragile
art_0027,A26,A,Emphasis Focus,0.5241121153036753,0.6304202801867912,Unreliable
art_0027,A27,A,Emphasis Focus,0.5949976295232773,0.6246386479875472,Unreliable
art_0027,A28,A,Emphasis Focus,0.4997188647588094,0.8849455192350455,Unreliable
art_0027,A29,A,Tone Register,0.6549378236134847,0.43549032688458966,True Robustness
art_0027,A30,A,Tone Register,0.6044700096050898,0.4771625528129864,Consistently Poor
art_0027,A31,A,Tone Register,0.706819067398707,0.19911051812319322,True Robustness
art_0027,A32,A,Tone Register,0.6106976767381033,0.28129864354013784,Consistently Poor
art_0027,A33,A,Completeness Framing,0.5958485305309296,0.5578830331331999,Unreliable
art_0027,A34,A,Completeness Framing,0.6636767536401749,0.4365577051367578,True Robustness
art_0027,A35,A,Completeness Framing,0.56534210840861,0.4635979541916833,Consistently Poor
art_0027,B01,B,Lexical Filter,0.3275875349839528,0.5095396931287525,Unreliable
art_0027,B02,B,Lexical Filter,0.6396680722633997,0.44011563264398484,Consistently Poor
art_0027,B03,B,Lexical Filter,0.6484677145878474,0.4246831220813876,True Robustness
art_0027,B04,B,Theme Isolation,0.33200247834126156,0.8812541694462975,Unreliable
art_0027,B05,B,Theme Isolation,0.4957133357723554,0.5856348676895707,Unreliable
art_0027,B06,B,Theme Isolation,0.4969897046685219,0.6959306204136091,Unreliable
art_0027,B07,B,Theme Isolation,0.5611028050382932,0.5584611963531243,Unreliable
art_0027,B08,B,Theme Isolation,0.5090793271859487,0.600800533689126,Unreliable
art_0027,B09,B,Persona / Tone,0.553995817899704,0.48374471870135644,Consistently Poor
art_0027,B10,B,Persona / Tone,0.595352495710055,0.4468312208138759,Consistently Poor
art_0027,B11,B,Persona / Tone,0.6282788415749868,0.13938181009561929,Consistently Poor
art_0027,B12,B,Persona / Tone,0.601024842262268,0.49490771625528124,Consistently Poor
art_0027,B13,B,Persona / Tone,0.5588280707597733,0.47836335334667557,Consistently Poor
art_0027,B14,B,Persona / Tone,0.4895988355080287,0.31825661552145873,Consistently Poor
art_0027,B15,B,Meta-reflection,0.5791134983301163,0.47218145430286856,Consistently Poor
art_0028,A01,A,Direct Command,0.6153613646825155,0.42290415832777406,Consistently Poor
art_0028,A02,A,Direct Command,0.6597196305791537,0.5982655103402268,Fragile
art_0028,A03,A,Direct Command,0.649754935503006,0.4296642205915054,True Robustness
art_0028,A04,A,Direct Command,0.6542505164941153,0.3853235490326884,True Robustness
art_0028,A05,A,Question Form,0.6957763016223907,0.5411162997553924,Fragile
art_0028,A06,A,Question Form,0.5315228621164958,0.24474093840338002,Consistently Poor
art_0028,A07,A,Question Form,0.7019167969624202,0.4169891038470091,True Robustness
art_0028,A08,A,Question Form,0.6022154808044434,0.6641316433177674,Unreliable
art_0028,A09,A,Role Based,0.6663822531700134,0.42250389148321105,True Robustness
art_0028,A10,A,Role Based,0.6586900363365809,0.4585723815877251,True Robustness
art_0028,A11,A,Role Based,0.619880054394404,0.7157660662663998,Unreliable
art_0028,A12,A,Role Based,0.635308234890302,0.531065154547476,Unreliable
art_0028,A13,A,Constraint Based,0.6598192423582078,0.0945519235045586,True Robustness
art_0028,A14,A,Constraint Based,0.7322081734736762,0.26937958639092724,True Robustness
art_0028,A15,A,Constraint Based,0.5340497165918351,0.23544585279074937,Consistently Poor
art_0028,A16,A,Analytical Framing,0.7867395569880804,0.5680231265287969,Fragile
art_0028,A17,A,Analytical Framing,0.660730489095052,0.6045808316655548,Fragile
art_0028,A18,A,Analytical Framing,0.6714280863602956,0.5068712474983322,Fragile
art_0028,A19,A,Analytical Framing,0.590976482629776,0.5896375361352012,Unreliable
art_0028,A20,A,Output Format,0.6063389549652736,0.20956193017567265,Consistently Poor
art_0028,A21,A,Output Format,0.620331284403801,0.0676450967311541,Consistently Poor
art_0028,A22,A,Output Format,0.6050812671581904,0.2433177674004892,Consistently Poor
art_0028,A23,A,Audience Perspective,0.5845153669516246,0.6961085167889703,Unreliable
art_0028,A24,A,Audience Perspective,0.622383372982343,0.2645763842561708,Consistently Poor
art_0028,A25,A,Audience Perspective,0.5773372024297715,0.36286413164331777,Consistently Poor
art_0028,A26,A,Emphasis Focus,0.6869324684143067,0.5436957971981321,Fragile
art_0028,A27,A,Emphasis Focus,0.6947277963161468,0.04865465866132977,True Robustness
art_0028,A28,A,Emphasis Focus,0.620120695233345,0.5393373360017789,Unreliable
art_0028,A29,A,Tone Register,0.7234174787998199,0.41645541472092507,True Robustness
art_0028,A30,A,Tone Register,0.6095146507024766,0.5744718701356459,Unreliable
art_0028,A31,A,Tone Register,0.718079075217247,0.3652212586168556,True Robustness
art_0028,A32,A,Tone Register,0.6031939268112182,0.3159884367356015,Consistently Poor
art_0028,A33,A,Completeness Framing,0.7242680360873539,0.17202579497442738,True Robustness
art_0028,A34,A,Completeness Framing,0.7268450399239857,0.5252390482543918,Fragile
art_0028,A35,A,Completeness Framing,0.6463703115781149,0.5602846342005782,Fragile
art_0028,B01,B,Lexical Filter,0.39219257334868113,0.2363798087613965,Consistently Poor
art_0028,B02,B,Lexical Filter,0.6303114225467046,0.5678007560595952,Unreliable
art_0028,B03,B,Lexical Filter,0.6806977808475495,0.5670446964643095,Fragile
art_0028,B04,B,Theme Isolation,0.5380438615878423,0.7578830331331998,Unreliable
art_0028,B05,B,Theme Isolation,0.4931049466133118,0.5224816544362908,Unreliable
art_0028,B06,B,Theme Isolation,0.5825454304615656,0.7247943073159884,Unreliable
art_0028,B07,B,Theme Isolation,0.6171591262022654,0.5477429397376028,Unreliable
art_0028,B08,B,Theme Isolation,0.6110061898827553,0.6322881921280854,Unreliable
art_0028,B09,B,Persona / Tone,0.5877277960379917,0.44465199021569934,Consistently Poor
art_0028,B10,B,Persona / Tone,0.4915247658888499,0.4882810762730709,Consistently Poor
art_0028,B11,B,Persona / Tone,0.7356369276841481,0.4020013342228152,True Robustness
art_0028,B12,B,Persona / Tone,0.5850188076496124,0.534089392928619,Unreliable
art_0028,B13,B,Persona / Tone,0.5905733903249105,0.5021125194574161,Consistently Poor
art_0028,B14,B,Persona / Tone,0.6104560852050782,0.45488103179897704,Consistently Poor
art_0028,B15,B,Meta-reflection,0.6231969952583313,0.5364909939959973,Unreliable
art_0029,A01,A,Direct Command,0.6694358870004997,0.3357794084945519,True Robustness
art_0029,A02,A,Direct Command,0.6871742636729509,0.49646430953969306,True Robustness
art_0029,A03,A,Direct Command,0.7373038648794857,0.3967533911496553,True Robustness
art_0029,A04,A,Direct Command,0.7027346793657694,0.4213920391372026,True Robustness
art_0029,A05,A,Question Form,0.6217732020677663,0.6238825883922614,Unreliable
art_0029,A06,A,Question Form,0.6954284887283276,0.47680676006226363,True Robustness
art_0029,A07,A,Question Form,0.6231394455983089,0.6297086946853457,Unreliable
art_0029,A08,A,Question Form,0.5683716608163638,0.6624861018456748,Unreliable
art_0029,A09,A,Role Based,0.6510582810793167,0.40435846119635316,True Robustness
art_0029,A10,A,Role Based,0.7163076484814668,0.2619079386257505,True Robustness
art_0029,A11,A,Role Based,0.7036896657485228,0.5532577273738047,Fragile
art_0029,A12,A,Role Based,0.6667800981264848,0.5807427173671337,Fragile
art_0029,A13,A,Constraint Based,0.5727556760494527,0.000978430064487436,Consistently Poor
art_0029,A14,A,Constraint Based,0.7076808435794634,0.3167000222370469,True Robustness
art_0029,A15,A,Constraint Based,0.6086495931331929,0.2610184567489437,Consistently Poor
art_0029,A16,A,Analytical Framing,0.6561058583932043,0.4542583944852123,True Robustness
art_0029,A17,A,Analytical Framing,0.5918581663415982,0.7572603958194352,Unreliable
art_0029,A18,A,Analytical Framing,0.645814353838945,0.6648432288192128,Unreliable
art_0029,A19,A,Analytical Framing,0.5548696242845975,0.70131198576829,Unreliable
art_0029,A20,A,Output Format,0.681094079827651,0.21818990438069824,True Robustness
art_0029,A21,A,Output Format,0.6650545444243994,0.08241049588614631,True Robustness
art_0029,A22,A,Output Format,0.6825097214717131,0.4832999777629531,True Robustness
art_0029,A23,A,Audience Perspective,0.6632435677143244,0.44874360684901043,True Robustness
art_0029,A24,A,Audience Perspective,0.6598232759115024,0.32986435401378694,True Robustness
art_0029,A25,A,Audience Perspective,0.6363567392795514,0.5388481209695352,Unreliable
art_0029,A26,A,Emphasis Focus,0.6465443632541558,0.46021792305981757,True Robustness
art_0029,A27,A,Emphasis Focus,0.6397720334621576,0.4254836557705136,Consistently Poor
art_0029,A28,A,Emphasis Focus,0.6188848316669464,0.6075161218590172,Unreliable
art_0029,A29,A,Tone Register,0.7348764168146329,0.48952635090060037,True Robustness
art_0029,A30,A,Tone Register,0.6057773752090259,0.7654881031798976,Unreliable
art_0029,A31,A,Tone Register,0.6905871996512779,0.45812764064932177,True Robustness
art_0029,A32,A,Tone Register,0.6427167738095307,0.324082721814543,Consistently Poor
art_0029,A33,A,Completeness Framing,0.622763169117463,0.27133644651990213,Consistently Poor
art_0029,A34,A,Completeness Framing,0.7489719822620734,0.26760062263731377,True Robustness
art_0029,A35,A,Completeness Framing,0.7009767905259743,0.32884144985545916,True Robustness
art_0029,B01,B,Lexical Filter,0.27827966117706054,0.6059150544807649,Unreliable
art_0029,B02,B,Lexical Filter,0.6632974377045264,0.3101178563486769,True Robustness
art_0029,B03,B,Lexical Filter,0.7097114240511869,0.5035356904603069,Fragile
art_0029,B04,B,Theme Isolation,0.47852188749955255,0.7895485879475205,Unreliable
art_0029,B05,B,Theme Isolation,0.5455495149661332,0.5996886813431176,Unreliable
art_0029,B06,B,Theme Isolation,0.573621589785967,0.6784078274405159,Unreliable
art_0029,B07,B,Theme Isolation,0.6356940674476134,0.4125861685568157,Consistently Poor
art_0029,B08,B,Theme Isolation,0.5784128545186459,0.7533466755614854,Unreliable
art_0029,B09,B,Persona / Tone,0.5624243399271598,0.5415610406937958,Unreliable
art_0029,B10,B,Persona / Tone,0.5706230531900357,0.4280631532132533,Consistently Poor
art_0029,B11,B,Persona / Tone,0.7029362825246958,0.30820547031354234,True Robustness
art_0029,B12,B,Persona / Tone,0.5783777223183559,0.21632199243940403,Consistently Poor
art_0029,B13,B,Persona / Tone,0.5572864554631405,0.5029575272403825,Consistently Poor
art_0029,B14,B,Persona / Tone,0.5723159133623809,0.5658883700244607,Unreliable
art_0029,B15,B,Meta-reflection,0.6478067930692281,0.4983766955748276,True Robustness
