topic_label,sample_idx,model,input_text,original_prompt,prompt_variant_1,prompt_variant_2,prompt_variant_3,prompt_variant_4,prompt_variant_5,model_output_v1,model_output_v2,model_output_v3,model_output_v4,model_output_v5,ppl_v1,ppl_v2,ppl_v3,ppl_v4,ppl_v5,bf_v1,bf_v2,bf_v3,bf_v4,bf_v5,rouge1_v1,rouge1_v2,rouge1_v3,rouge1_v4,rouge1_v5,rouge2_v1,rouge2_v2,rouge2_v3,rouge2_v4,rouge2_v5,rougeL_v1,rougeL_v2,rougeL_v3,rougeL_v4,rougeL_v5,bleu_v1,bleu_v2,bleu_v3,bleu_v4,bleu_v5,lex_sim_v1,lex_sim_v2,lex_sim_v3,lex_sim_v4,lex_sim_v5,exact_match_v1,exact_match_v2,exact_match_v3,exact_match_v4,exact_match_v5,avg_ppl,avg_bf,ppl_std,avg_rouge1,avg_rouge2,avg_rougeL,avg_bleu,avg_lex_sim,rougeL_std,bleu_std,sms,auc_e,trd,kpig,ppl_var,pc_stab,ori,ifi,pri,cs,hs,diagnosis,reference_output
summarization,0,google/flan-t5-small,"LONDON, England (Reuters) -- Harry Potter star Daniel Radcliffe gains access to a reported £20 million ($41.1 million) fortune as he turns 18 on Monday, but he insists the money won't cast a spell on him. The young actor says he has no plans to fritter his cash away on fast cars, drink and celebrity",Summarize the following text: {input},"Summarize the following text: LONDON, England (Reuters) -- Harry Potter star Daniel Radcliffe gains access to a reported £20 million ($41.1 million) fortune as he turns 18 on Monday, but he insists the money won't cast a spell on him. The young actor","Condense the main ideas from this passage: LONDON, England (Reuters) -- Harry Potter star Daniel Radcliffe gains access to a reported £20 million ($41.1 million) fortune as he turns 18 on Monday, but he insists the money won't cast a spell on him. Th","Produce a concise, neutral summary of the article below: LONDON, England (Reuters) -- Harry Potter star Daniel Radcliffe gains access to a reported £20 million ($41.1 million) fortune as he turns 18 on Monday, but he insists the money won't cast a sp","Give a brief overview of the key points in this text: LONDON, England (Reuters) -- Harry Potter star Daniel Radcliffe gains access to a reported £20 million ($41.1 million) fortune as he turns 18 on Monday, but he insists the money won't cast a spell","In one paragraph, capture the essential information from: LONDON, England (Reuters) -- Harry Potter star Daniel Radcliffe gains access to a reported £20 million ($41.1 million) fortune as he turns 18 on Monday, but he insists the money won't cast a s","Daniel Radcliffe turns 18 and gains access to his £20 million fortune, but says he plans to.",The young actor says he has no plans to fritter his cash away on fast.,"Daniel Radcliffe turns 18 and gains access to his £20 million fortune, but says he plans.","Daniel Radcliffe turns 18 and gains access to his £20 million fortune, but says he plans to remain grounded and won't spend.","The young actor says he has no plans to fritter his cash away on fast cars,.",20.5111,20.3185,22.1833,21.751,21.702,0.6593,0.6438,0.7181,0.6653,0.687,0.8095,0.25,0.7805,0.9583,0.2439,0.8,0.1053,0.7692,0.9565,0.1026,0.8095,0.2,0.7805,0.9583,0.1951,0.6195,0.0229,0.5644,0.8684,0.0236,0.7897,0.3697,0.7739,0.9358,0.3594,0,0,0,0,0,21.2932,0.6747,0.739,0.6084,0.5467,0.5887,0.4198,0.6457,0.325,0.3396,0.4386,0.3827,0.0066,0.5614,0.0347,0.0257,0.5569,0.985,0.7115,0.4897,0.5048,Stochastic Luck,"Daniel Radcliffe turns 18 and gains access to his £20 million fortune, but says he plans to remain grounded and won't spend it extravagantly."
summarization,0,google/flan-t5-base,"LONDON, England (Reuters) -- Harry Potter star Daniel Radcliffe gains access to a reported £20 million ($41.1 million) fortune as he turns 18 on Monday, but he insists the money won't cast a spell on him. The young actor says he has no plans to fritter his cash away on fast cars, drink and celebrity",Summarize the following text: {input},"Summarize the following text: LONDON, England (Reuters) -- Harry Potter star Daniel Radcliffe gains access to a reported £20 million ($41.1 million) fortune as he turns 18 on Monday, but he insists the money won't cast a spell on him. The young actor","Condense the main ideas from this passage: LONDON, England (Reuters) -- Harry Potter star Daniel Radcliffe gains access to a reported £20 million ($41.1 million) fortune as he turns 18 on Monday, but he insists the money won't cast a spell on him. Th","Produce a concise, neutral summary of the article below: LONDON, England (Reuters) -- Harry Potter star Daniel Radcliffe gains access to a reported £20 million ($41.1 million) fortune as he turns 18 on Monday, but he insists the money won't cast a sp","Give a brief overview of the key points in this text: LONDON, England (Reuters) -- Harry Potter star Daniel Radcliffe gains access to a reported £20 million ($41.1 million) fortune as he turns 18 on Monday, but he insists the money won't cast a spell","In one paragraph, capture the essential information from: LONDON, England (Reuters) -- Harry Potter star Daniel Radcliffe gains access to a reported £20 million ($41.1 million) fortune as he turns 18 on Monday, but he insists the money won't cast a s","Daniel Radcliffe turns 18 and gains access to his £20 million fortune, but says he plans to remain grounded and won't spend it extravagantly. 'I don't plan to be one of those people who, as soon as they turn 18,.",Radcliffe's earnings from the first five Potter films have been held in a trust fund which he has not been able to touch. Daniel Radcliffe turns 18 and gains.,Radcliffe's earnings from the first five Potter films have been held in a trust fund which he has not been able to touch. Daniel Radcliffe turns 18 and gains.,"'I don't plan to be one of those people who, as soon as they turn 18, suddenly buy themselves a massive sports car collection,' he told an Australian interviewer. Daniel Radcliffe turns 18 and gains access to his £20 million.","LONDON, England (Reuters) -- Harry Potter star Daniel Radcliffe gains access to a reported £20 million ($41.1 million) fortune as he turns 18 on Monday, but he insists the money won't cast a spell on him. Daniel Radcliffe turns 18 and gains access to his £20 million fortune, but says he plans to rem",14.4025,15.0448,11.8825,15.7444,15.81,0.7218,0.695,0.7161,0.7129,0.6524,0.7463,0.2909,0.2909,0.4545,0.5238,0.7385,0.1887,0.1887,0.3437,0.5122,0.7463,0.2182,0.2182,0.3333,0.5238,0.5839,0.131,0.131,0.2292,0.3369,0.7989,0.2408,0.2408,0.3388,0.5086,0,0,0,0,0,14.5768,0.6996,1.4417,0.4613,0.3944,0.408,0.2824,0.4256,0.2027,0.1688,0.5093,0.4444,0.0166,0.4907,0.0989,0.0253,0.5447,0.9693,0.6975,0.3301,0.3445,Stochastic Luck,"Daniel Radcliffe turns 18 and gains access to his £20 million fortune, but says he plans to remain grounded and won't spend it extravagantly."
summarization,0,sshleifer/distilbart-cnn-12-6,"LONDON, England (Reuters) -- Harry Potter star Daniel Radcliffe gains access to a reported £20 million ($41.1 million) fortune as he turns 18 on Monday, but he insists the money won't cast a spell on him. The young actor says he has no plans to fritter his cash away on fast cars, drink and celebrity",Summarize the following text: {input},"Summarize the following text: LONDON, England (Reuters) -- Harry Potter star Daniel Radcliffe gains access to a reported £20 million ($41.1 million) fortune as he turns 18 on Monday, but he insists the money won't cast a spell on him. The young actor","Condense the main ideas from this passage: LONDON, England (Reuters) -- Harry Potter star Daniel Radcliffe gains access to a reported £20 million ($41.1 million) fortune as he turns 18 on Monday, but he insists the money won't cast a spell on him. Th","Produce a concise, neutral summary of the article below: LONDON, England (Reuters) -- Harry Potter star Daniel Radcliffe gains access to a reported £20 million ($41.1 million) fortune as he turns 18 on Monday, but he insists the money won't cast a sp","Give a brief overview of the key points in this text: LONDON, England (Reuters) -- Harry Potter star Daniel Radcliffe gains access to a reported £20 million ($41.1 million) fortune as he turns 18 on Monday, but he insists the money won't cast a spell","In one paragraph, capture the essential information from: LONDON, England (Reuters) -- Harry Potter star Daniel Radcliffe gains access to a reported £20 million ($41.1 million) fortune as he turns 18 on Monday, but he insists the money won't cast a s","Daniel Radcliffe turns 18 and gains access to his £20 million fortune, but says he plans to remain grounded and won't spend it extravagantly.","Daniel Radcliffe turns 18 and gains access to his £20 million fortune, but says he plans to remain grounded and won't spend it extravagantly.","Daniel Radcliffe turns 18 and gains access to his £20 million fortune, but says he plans to remain grounded and won't spend it extravagantly.","Daniel Radcliffe turns 18 and gains access to his £20 million fortune, but says he plans to remain grounded and won't spend it extravagantly.","Daniel Radcliffe turns 18 and gains access to his £20 million fortune, but says he plans to remain grounded and won't spend it extravagantly.",10.7338,10.3645,11.2036,11.2157,8.5247,0.7969,0.7938,0.8424,0.8713,0.8339,1.0,1.0,1.0,1.0,1.0,1.0,1.0,1.0,1.0,1.0,1.0,1.0,1.0,1.0,1.0,1.0,1.0,1.0,1.0,1.0,1.0,1.0,1.0,1.0,1.0,1,1,1,1,1,10.4085,0.8277,0.994,1.0,1.0,1.0,1.0,1.0,0.0,0.0,0.0,1.0,0.0,1.0,0.0955,0.0292,1.0,0.9692,0.9844,1.0,1.0,True Robustness,"Daniel Radcliffe turns 18 and gains access to his £20 million fortune, but says he plans to remain grounded and won't spend it extravagantly."
summarization,1,google/flan-t5-small,Scientists at the University of Cambridge have developed a new battery technology that could charge electric vehicles in under five minutes. The breakthrough uses sodium-ion cells paired with a novel electrode coating that dramatically reduces charge time while maintaining energy density. The team e,Summarize the following text: {input},Summarize the following text: Scientists at the University of Cambridge have developed a new battery technology that could charge electric vehicles in under five minutes. The breakthrough uses sodium-ion cells paired with a novel electrode coating th,Condense the main ideas from this passage: Scientists at the University of Cambridge have developed a new battery technology that could charge electric vehicles in under five minutes. The breakthrough uses sodium-ion cells paired with a novel electro,"Produce a concise, neutral summary of the article below: Scientists at the University of Cambridge have developed a new battery technology that could charge electric vehicles in under five minutes. The breakthrough uses sodium-ion cells paired with a",Give a brief overview of the key points in this text: Scientists at the University of Cambridge have developed a new battery technology that could charge electric vehicles in under five minutes. The breakthrough uses sodium-ion cells paired with a no,"In one paragraph, capture the essential information from: Scientists at the University of Cambridge have developed a new battery technology that could charge electric vehicles in under five minutes. The breakthrough uses sodium-ion cells paired with ","Cambridge scientists developed a sodium-ion battery technology that can charge EVs in under 5 minutes, with commercial production expected within 3 years. Scientists at the University of Cambridge have developed a.","Cambridge scientists developed a sodium-ion battery technology that can charge EVs in under 5 minutes, with commercial production expected within 3 years. The breakthrough uses.","Cambridge scientists developed a sodium-ion battery technology that can charge EVs in under 5 minutes, with commercial production expected.","Cambridge scientists developed a sodium-ion battery technology that can charge EVs in under 5 minutes, with commercial production expected within 3 years. The breakthrough uses sodium-ion cells paired with a novel electrode coating that dramatically reduces charge.","Cambridge scientists developed a sodium-ion battery technology that can charge EVs in under 5 minutes, with commercial production expected within 3 years. Scientists at the University of Cambridge have developed a.",18.4458,18.8356,19.6203,21.9348,22.266,0.7029,0.708,0.6664,0.6735,0.6601,0.8364,0.9388,0.9302,0.7419,0.8364,0.8302,0.9362,0.9268,0.7333,0.8302,0.8364,0.9388,0.9302,0.7419,0.8364,0.6944,0.872,0.8049,0.5769,0.6944,0.837,0.9305,0.9488,0.7351,0.837,0,0,0,0,0,20.2205,0.6822,1.5843,0.8567,0.8513,0.8567,0.7285,0.8577,0.0723,0.1017,0.1447,0.9056,0.0321,0.8553,0.0784,0.0195,0.8937,0.9757,0.9329,0.795,0.7964,True Robustness,"Cambridge scientists developed a sodium-ion battery technology that can charge EVs in under 5 minutes, with commercial production expected within 3 years."
summarization,1,google/flan-t5-base,Scientists at the University of Cambridge have developed a new battery technology that could charge electric vehicles in under five minutes. The breakthrough uses sodium-ion cells paired with a novel electrode coating that dramatically reduces charge time while maintaining energy density. The team e,Summarize the following text: {input},Summarize the following text: Scientists at the University of Cambridge have developed a new battery technology that could charge electric vehicles in under five minutes. The breakthrough uses sodium-ion cells paired with a novel electrode coating th,Condense the main ideas from this passage: Scientists at the University of Cambridge have developed a new battery technology that could charge electric vehicles in under five minutes. The breakthrough uses sodium-ion cells paired with a novel electro,"Produce a concise, neutral summary of the article below: Scientists at the University of Cambridge have developed a new battery technology that could charge electric vehicles in under five minutes. The breakthrough uses sodium-ion cells paired with a",Give a brief overview of the key points in this text: Scientists at the University of Cambridge have developed a new battery technology that could charge electric vehicles in under five minutes. The breakthrough uses sodium-ion cells paired with a no,"In one paragraph, capture the essential information from: Scientists at the University of Cambridge have developed a new battery technology that could charge electric vehicles in under five minutes. The breakthrough uses sodium-ion cells paired with ","Cambridge scientists developed a sodium-ion battery technology that can charge EVs in under 5 minutes, with commercial production expected within 3 years.","Cambridge scientists developed a sodium-ion battery technology that can charge EVs in under 5 minutes, with commercial production expected within 3 years.","Cambridge scientists developed a sodium-ion battery technology that can charge EVs in under 5 minutes, with commercial production expected within 3 years.","Cambridge scientists developed a sodium-ion battery technology that can charge EVs in under 5 minutes, with commercial production expected within 3 years.","Cambridge scientists developed a sodium-ion battery technology that can charge EVs in under 5 minutes, with commercial production expected within 3 years.",13.1844,14.8146,13.6707,12.5388,12.4521,0.7433,0.7295,0.7957,0.7983,0.7647,1.0,1.0,1.0,1.0,1.0,1.0,1.0,1.0,1.0,1.0,1.0,1.0,1.0,1.0,1.0,1.0,1.0,1.0,1.0,1.0,1.0,1.0,1.0,1.0,1.0,1,1,1,1,1,13.3321,0.7663,0.8646,1.0,1.0,1.0,1.0,1.0,0.0,0.0,0.0,1.0,0.0,1.0,0.0649,0.0275,1.0,0.9771,0.9884,1.0,1.0,True Robustness,"Cambridge scientists developed a sodium-ion battery technology that can charge EVs in under 5 minutes, with commercial production expected within 3 years."
summarization,1,sshleifer/distilbart-cnn-12-6,Scientists at the University of Cambridge have developed a new battery technology that could charge electric vehicles in under five minutes. The breakthrough uses sodium-ion cells paired with a novel electrode coating that dramatically reduces charge time while maintaining energy density. The team e,Summarize the following text: {input},Summarize the following text: Scientists at the University of Cambridge have developed a new battery technology that could charge electric vehicles in under five minutes. The breakthrough uses sodium-ion cells paired with a novel electrode coating th,Condense the main ideas from this passage: Scientists at the University of Cambridge have developed a new battery technology that could charge electric vehicles in under five minutes. The breakthrough uses sodium-ion cells paired with a novel electro,"Produce a concise, neutral summary of the article below: Scientists at the University of Cambridge have developed a new battery technology that could charge electric vehicles in under five minutes. The breakthrough uses sodium-ion cells paired with a",Give a brief overview of the key points in this text: Scientists at the University of Cambridge have developed a new battery technology that could charge electric vehicles in under five minutes. The breakthrough uses sodium-ion cells paired with a no,"In one paragraph, capture the essential information from: Scientists at the University of Cambridge have developed a new battery technology that could charge electric vehicles in under five minutes. The breakthrough uses sodium-ion cells paired with ","Cambridge scientists developed a sodium-ion battery technology that can charge EVs in under 5 minutes, with commercial production expected within 3 years.","Cambridge scientists developed a sodium-ion battery technology that can charge EVs in under 5 minutes, with commercial production expected within 3 years.","Cambridge scientists developed a sodium-ion battery technology that can charge EVs in under 5 minutes, with commercial production expected within 3 years.","Cambridge scientists developed a sodium-ion battery technology that can charge EVs in under 5 minutes, with commercial production expected within 3 years.","Cambridge scientists developed a sodium-ion battery technology that can charge EVs in under 5 minutes, with commercial production expected within 3 years.",9.7797,10.8593,9.9251,9.4033,8.0601,0.8328,0.82,0.8374,0.8357,0.8545,1.0,1.0,1.0,1.0,1.0,1.0,1.0,1.0,1.0,1.0,1.0,1.0,1.0,1.0,1.0,1.0,1.0,1.0,1.0,1.0,1.0,1.0,1.0,1.0,1.0,1,1,1,1,1,9.6055,0.8361,0.9092,1.0,1.0,1.0,1.0,1.0,0.0,0.0,0.0,1.0,0.0,1.0,0.0947,0.011,1.0,0.9737,0.9867,1.0,1.0,True Robustness,"Cambridge scientists developed a sodium-ion battery technology that can charge EVs in under 5 minutes, with commercial production expected within 3 years."
summarization,2,google/flan-t5-small,"The global coffee market reached a record $100 billion valuation in 2025, driven by surging demand in Asia and premiumisation trends across Western markets. Vietnam surpassed Brazil as the largest producer by volume for the first time. Supply chain disruptions caused by climate events in key growing",Summarize the following text: {input},"Summarize the following text: The global coffee market reached a record $100 billion valuation in 2025, driven by surging demand in Asia and premiumisation trends across Western markets. Vietnam surpassed Brazil as the largest producer by volume for ","Condense the main ideas from this passage: The global coffee market reached a record $100 billion valuation in 2025, driven by surging demand in Asia and premiumisation trends across Western markets. Vietnam surpassed Brazil as the largest producer b","Produce a concise, neutral summary of the article below: The global coffee market reached a record $100 billion valuation in 2025, driven by surging demand in Asia and premiumisation trends across Western markets. Vietnam surpassed Brazil as the larg","Give a brief overview of the key points in this text: The global coffee market reached a record $100 billion valuation in 2025, driven by surging demand in Asia and premiumisation trends across Western markets. Vietnam surpassed Brazil as the largest","In one paragraph, capture the essential information from: The global coffee market reached a record $100 billion valuation in 2025, driven by surging demand in Asia and premiumisation trends across Western markets. Vietnam surpassed Brazil as the lar",Vietnam surpassed Brazil as the largest producer by volume for the first time. The global.,"Supply chain disruptions caused by climate events in key growing regions pushed arabica futures to a 45-year high, affecting cafés.","The global coffee market hit $100 billion in 2025, with Vietnam becoming the top producer and arabica prices reaching a 45-year.","Vietnam surpassed Brazil as the largest producer by volume for the first time. The global coffee market hit $100 billion in 2025, with Vietnam becoming the top producer and.","The global coffee market hit $100 billion in 2025, with Vietnam becoming the top producer and arabica prices reaching a 45-year high due to climate-driven supply disruptions. The global coffee.",19.4429,16.4985,18.2791,15.5141,18.8382,0.6284,0.6487,0.6227,0.6362,0.6832,0.2273,0.3922,0.8627,0.5517,0.9508,0.0476,0.1224,0.8571,0.5357,0.9492,0.1364,0.2353,0.8627,0.5517,0.9508,0.0084,0.0189,0.7128,0.4896,0.8946,0.25,0.4197,0.8477,0.5418,0.9482,0,0,0,0,0,17.7146,0.6438,1.4758,0.5969,0.5024,0.5474,0.4249,0.6015,0.3251,0.3594,0.5341,0.336,0.0628,0.4659,0.0833,0.0215,0.4798,0.974,0.6429,0.3606,0.4578,Stochastic Luck,"The global coffee market hit $100 billion in 2025, with Vietnam becoming the top producer and arabica prices reaching a 45-year high due to climate-driven supply disruptions."
summarization,2,google/flan-t5-base,"The global coffee market reached a record $100 billion valuation in 2025, driven by surging demand in Asia and premiumisation trends across Western markets. Vietnam surpassed Brazil as the largest producer by volume for the first time. Supply chain disruptions caused by climate events in key growing",Summarize the following text: {input},"Summarize the following text: The global coffee market reached a record $100 billion valuation in 2025, driven by surging demand in Asia and premiumisation trends across Western markets. Vietnam surpassed Brazil as the largest producer by volume for ","Condense the main ideas from this passage: The global coffee market reached a record $100 billion valuation in 2025, driven by surging demand in Asia and premiumisation trends across Western markets. Vietnam surpassed Brazil as the largest producer b","Produce a concise, neutral summary of the article below: The global coffee market reached a record $100 billion valuation in 2025, driven by surging demand in Asia and premiumisation trends across Western markets. Vietnam surpassed Brazil as the larg","Give a brief overview of the key points in this text: The global coffee market reached a record $100 billion valuation in 2025, driven by surging demand in Asia and premiumisation trends across Western markets. Vietnam surpassed Brazil as the largest","In one paragraph, capture the essential information from: The global coffee market reached a record $100 billion valuation in 2025, driven by surging demand in Asia and premiumisation trends across Western markets. Vietnam surpassed Brazil as the lar","The global coffee market hit $100 billion in 2025, with Vietnam becoming the top producer and arabica prices reaching a 45-year high due to climate-driven supply disruptions.","The global coffee market hit $100 billion in 2025, with Vietnam becoming the top producer and arabica prices reaching a 45-year high due to climate-driven.","The global coffee market hit $100 billion in 2025, with Vietnam becoming the top producer and arabica prices reaching a 45-year high due to climate-driven supply disruptions.","The global coffee market hit $100 billion in 2025, with Vietnam becoming the top producer and arabica prices reaching a 45-year high due to climate-driven supply disruptions.","The global coffee market hit $100 billion in 2025, with Vietnam becoming the top producer and arabica prices reaching a 45-year high due to climate-driven supply disruptions.",13.2479,11.911,11.7922,12.7662,12.1118,0.7377,0.7359,0.7253,0.7399,0.7474,1.0,0.9643,1.0,1.0,1.0,1.0,0.963,1.0,1.0,1.0,1.0,0.9643,1.0,1.0,1.0,1.0,0.8837,1.0,1.0,1.0,1.0,0.9422,1.0,1.0,1.0,1,0,1,1,1,12.3658,0.7372,0.5548,0.9929,0.9926,0.9929,0.9767,0.9884,0.0143,0.0465,0.0131,0.9839,0.0012,0.9869,0.0449,0.0071,0.9891,0.987,0.988,0.9857,0.9854,True Robustness,"The global coffee market hit $100 billion in 2025, with Vietnam becoming the top producer and arabica prices reaching a 45-year high due to climate-driven supply disruptions."
summarization,2,sshleifer/distilbart-cnn-12-6,"The global coffee market reached a record $100 billion valuation in 2025, driven by surging demand in Asia and premiumisation trends across Western markets. Vietnam surpassed Brazil as the largest producer by volume for the first time. Supply chain disruptions caused by climate events in key growing",Summarize the following text: {input},"Summarize the following text: The global coffee market reached a record $100 billion valuation in 2025, driven by surging demand in Asia and premiumisation trends across Western markets. Vietnam surpassed Brazil as the largest producer by volume for ","Condense the main ideas from this passage: The global coffee market reached a record $100 billion valuation in 2025, driven by surging demand in Asia and premiumisation trends across Western markets. Vietnam surpassed Brazil as the largest producer b","Produce a concise, neutral summary of the article below: The global coffee market reached a record $100 billion valuation in 2025, driven by surging demand in Asia and premiumisation trends across Western markets. Vietnam surpassed Brazil as the larg","Give a brief overview of the key points in this text: The global coffee market reached a record $100 billion valuation in 2025, driven by surging demand in Asia and premiumisation trends across Western markets. Vietnam surpassed Brazil as the largest","In one paragraph, capture the essential information from: The global coffee market reached a record $100 billion valuation in 2025, driven by surging demand in Asia and premiumisation trends across Western markets. Vietnam surpassed Brazil as the lar","The global coffee market hit $100 billion in 2025, with Vietnam becoming the top producer and arabica prices reaching a 45-year high due to climate-driven supply disruptions.","The global coffee market hit $100 billion in 2025, with Vietnam becoming the top producer and arabica prices reaching a 45-year high due to climate-driven supply disruptions.","The global coffee market hit $100 billion in 2025, with Vietnam becoming the top producer and arabica prices reaching a 45-year high due to climate-driven supply disruptions.","The global coffee market hit $100 billion in 2025, with Vietnam becoming the top producer and arabica prices reaching a 45-year high due to climate-driven supply disruptions.","The global coffee market hit $100 billion in 2025, with Vietnam becoming the top producer and arabica prices reaching a 45-year high due to climate-driven supply disruptions.",8.8705,8.8098,8.4957,8.5927,8.8309,0.845,0.8658,0.8187,0.8659,0.8401,1.0,1.0,1.0,1.0,1.0,1.0,1.0,1.0,1.0,1.0,1.0,1.0,1.0,1.0,1.0,1.0,1.0,1.0,1.0,1.0,1.0,1.0,1.0,1.0,1.0,1,1,1,1,1,8.7199,0.8471,0.148,1.0,1.0,1.0,1.0,1.0,0.0,0.0,0.0,1.0,0.0,1.0,0.017,0.0177,1.0,0.9914,0.9957,1.0,1.0,True Robustness,"The global coffee market hit $100 billion in 2025, with Vietnam becoming the top producer and arabica prices reaching a 45-year high due to climate-driven supply disruptions."
summarization,3,google/flan-t5-small,Researchers at MIT have unveiled an AI system called AlphaFold-Evo that can predict not just protein structures but their evolutionary trajectories. The model was trained on 500 million protein sequences and can forecast how a protein might adapt over thousands of generations. This capability could ,Summarize the following text: {input},Summarize the following text: Researchers at MIT have unveiled an AI system called AlphaFold-Evo that can predict not just protein structures but their evolutionary trajectories. The model was trained on 500 million protein sequences and can forecast,Condense the main ideas from this passage: Researchers at MIT have unveiled an AI system called AlphaFold-Evo that can predict not just protein structures but their evolutionary trajectories. The model was trained on 500 million protein sequences and,"Produce a concise, neutral summary of the article below: Researchers at MIT have unveiled an AI system called AlphaFold-Evo that can predict not just protein structures but their evolutionary trajectories. The model was trained on 500 million protein",Give a brief overview of the key points in this text: Researchers at MIT have unveiled an AI system called AlphaFold-Evo that can predict not just protein structures but their evolutionary trajectories. The model was trained on 500 million protein se,"In one paragraph, capture the essential information from: Researchers at MIT have unveiled an AI system called AlphaFold-Evo that can predict not just protein structures but their evolutionary trajectories. The model was trained on 500 million protei","Researchers at MIT have unveiled an AI system called AlphaFold-Evo that can predict not just protein structures but their evolutionary trajectories. MIT's AlphaFold-Evo AI can predict protein evolutionary paths over thousands of generations, potentially accelerating drug design by anticipating.","MIT's AlphaFold-Evo AI can predict protein evolutionary paths over thousands of generations, potentially accelerating drug design by.","MIT's AlphaFold-Evo AI can predict protein evolutionary paths over thousands of generations, potentially accelerating drug design by anticipating resistance mutations. This capability could accelerate drug design by identifying resistance-prone mutation pathways before.","The model was trained on 500 million protein sequences and can forecast how a protein might adapt over thousands of generations. MIT's AlphaFold-Evo AI can predict protein evolutionary paths over thousands of generations, potentially accelerating drug design.",Researchers at MIT have unveiled an AI system called AlphaFold-Evo that can predict not just protein structures but.,21.1937,19.431,17.9697,19.9448,17.1744,0.6101,0.7402,0.6483,0.5782,0.7056,0.625,0.9268,0.7719,0.5902,0.3415,0.6129,0.9231,0.7636,0.5763,0.1026,0.625,0.9268,0.7719,0.5902,0.2927,0.4124,0.7839,0.6059,0.3792,0.0257,0.632,0.8867,0.7643,0.6103,0.3816,0,0,0,0,0,19.1427,0.6565,1.4271,0.6511,0.5957,0.6413,0.4414,0.655,0.2112,0.2537,0.4124,0.6319,0.0783,0.5876,0.0746,0.0596,0.6589,0.967,0.7838,0.4815,0.5314,Stochastic Luck,"MIT's AlphaFold-Evo AI can predict protein evolutionary paths over thousands of generations, potentially accelerating drug design by anticipating resistance mutations."
summarization,3,google/flan-t5-base,Researchers at MIT have unveiled an AI system called AlphaFold-Evo that can predict not just protein structures but their evolutionary trajectories. The model was trained on 500 million protein sequences and can forecast how a protein might adapt over thousands of generations. This capability could ,Summarize the following text: {input},Summarize the following text: Researchers at MIT have unveiled an AI system called AlphaFold-Evo that can predict not just protein structures but their evolutionary trajectories. The model was trained on 500 million protein sequences and can forecast,Condense the main ideas from this passage: Researchers at MIT have unveiled an AI system called AlphaFold-Evo that can predict not just protein structures but their evolutionary trajectories. The model was trained on 500 million protein sequences and,"Produce a concise, neutral summary of the article below: Researchers at MIT have unveiled an AI system called AlphaFold-Evo that can predict not just protein structures but their evolutionary trajectories. The model was trained on 500 million protein",Give a brief overview of the key points in this text: Researchers at MIT have unveiled an AI system called AlphaFold-Evo that can predict not just protein structures but their evolutionary trajectories. The model was trained on 500 million protein se,"In one paragraph, capture the essential information from: Researchers at MIT have unveiled an AI system called AlphaFold-Evo that can predict not just protein structures but their evolutionary trajectories. The model was trained on 500 million protei","MIT's AlphaFold-Evo AI can predict protein evolutionary paths over thousands of generations, potentially accelerating drug design by anticipating resistance mutations.","MIT's AlphaFold-Evo AI can predict protein evolutionary paths over thousands of generations, potentially accelerating drug design by anticipating resistance mutations.","MIT's AlphaFold-Evo AI can predict protein evolutionary paths over thousands of generations, potentially accelerating drug design by anticipating resistance mutations.","MIT's AlphaFold-Evo AI can predict protein evolutionary paths over thousands of generations, potentially accelerating drug design by anticipating resistance mutations.","MIT's AlphaFold-Evo AI can predict protein evolutionary paths over thousands of generations, potentially accelerating drug design by anticipating resistance mutations.",14.7255,12.072,13.822,15.4014,13.717,0.7706,0.7724,0.7509,0.7717,0.741,1.0,1.0,1.0,1.0,1.0,1.0,1.0,1.0,1.0,1.0,1.0,1.0,1.0,1.0,1.0,1.0,1.0,1.0,1.0,1.0,1.0,1.0,1.0,1.0,1.0,1,1,1,1,1,13.9476,0.7613,1.123,1.0,1.0,1.0,1.0,1.0,0.0,0.0,0.0,1.0,0.0,1.0,0.0805,0.0129,1.0,0.9768,0.9883,1.0,1.0,True Robustness,"MIT's AlphaFold-Evo AI can predict protein evolutionary paths over thousands of generations, potentially accelerating drug design by anticipating resistance mutations."
summarization,3,sshleifer/distilbart-cnn-12-6,Researchers at MIT have unveiled an AI system called AlphaFold-Evo that can predict not just protein structures but their evolutionary trajectories. The model was trained on 500 million protein sequences and can forecast how a protein might adapt over thousands of generations. This capability could ,Summarize the following text: {input},Summarize the following text: Researchers at MIT have unveiled an AI system called AlphaFold-Evo that can predict not just protein structures but their evolutionary trajectories. The model was trained on 500 million protein sequences and can forecast,Condense the main ideas from this passage: Researchers at MIT have unveiled an AI system called AlphaFold-Evo that can predict not just protein structures but their evolutionary trajectories. The model was trained on 500 million protein sequences and,"Produce a concise, neutral summary of the article below: Researchers at MIT have unveiled an AI system called AlphaFold-Evo that can predict not just protein structures but their evolutionary trajectories. The model was trained on 500 million protein",Give a brief overview of the key points in this text: Researchers at MIT have unveiled an AI system called AlphaFold-Evo that can predict not just protein structures but their evolutionary trajectories. The model was trained on 500 million protein se,"In one paragraph, capture the essential information from: Researchers at MIT have unveiled an AI system called AlphaFold-Evo that can predict not just protein structures but their evolutionary trajectories. The model was trained on 500 million protei","MIT's AlphaFold-Evo AI can predict protein evolutionary paths over thousands of generations, potentially accelerating drug design by anticipating resistance mutations.","MIT's AlphaFold-Evo AI can predict protein evolutionary paths over thousands of generations, potentially accelerating drug design by anticipating resistance mutations.","MIT's AlphaFold-Evo AI can predict protein evolutionary paths over thousands of generations, potentially accelerating drug design by anticipating resistance mutations.","MIT's AlphaFold-Evo AI can predict protein evolutionary paths over thousands of generations, potentially accelerating drug design by anticipating resistance mutations.","MIT's AlphaFold-Evo AI can predict protein evolutionary paths over thousands of generations, potentially accelerating drug design by anticipating resistance mutations.",9.2459,8.3057,8.5284,8.7547,9.0309,0.8826,0.828,0.8243,0.8311,0.8558,1.0,1.0,1.0,1.0,1.0,1.0,1.0,1.0,1.0,1.0,1.0,1.0,1.0,1.0,1.0,1.0,1.0,1.0,1.0,1.0,1.0,1.0,1.0,1.0,1.0,1,1,1,1,1,8.7731,0.8444,0.3372,1.0,1.0,1.0,1.0,1.0,0.0,0.0,0.0,1.0,0.0,1.0,0.0384,0.0221,1.0,0.985,0.9924,1.0,1.0,True Robustness,"MIT's AlphaFold-Evo AI can predict protein evolutionary paths over thousands of generations, potentially accelerating drug design by anticipating resistance mutations."
summarization,4,google/flan-t5-small,"The Mars Sample Return mission faced a significant setback after NASA announced a two-year delay due to budget constraints and technical challenges with the Earth Entry Vehicle. The samples, collected by Perseverance rover since 2021, are stored in titanium tubes on the Martian surface. Scientists h",Summarize the following text: {input},"Summarize the following text: The Mars Sample Return mission faced a significant setback after NASA announced a two-year delay due to budget constraints and technical challenges with the Earth Entry Vehicle. The samples, collected by Perseverance rov","Condense the main ideas from this passage: The Mars Sample Return mission faced a significant setback after NASA announced a two-year delay due to budget constraints and technical challenges with the Earth Entry Vehicle. The samples, collected by Per","Produce a concise, neutral summary of the article below: The Mars Sample Return mission faced a significant setback after NASA announced a two-year delay due to budget constraints and technical challenges with the Earth Entry Vehicle. The samples, co","Give a brief overview of the key points in this text: The Mars Sample Return mission faced a significant setback after NASA announced a two-year delay due to budget constraints and technical challenges with the Earth Entry Vehicle. The samples, colle","In one paragraph, capture the essential information from: The Mars Sample Return mission faced a significant setback after NASA announced a two-year delay due to budget constraints and technical challenges with the Earth Entry Vehicle. The samples, c","The samples, collected by Perseverance rover since 2021, are stored in titanium tubes on the Martian surface. NASA delayed the Mars Sample Return mission by two years due to budget and technical issues; Perseverance samples awaiting return.","The samples, collected by Perseverance rover since 2021, are stored in titanium tubes on the Martian surface. NASA delayed the Mars Sample Return mission by two years due to budget and technical issues;.","The samples, collected by Perseverance rover since 2021, are stored in titanium tubes on the Martian surface. NASA delayed the Mars Sample Return mission by two years due to budget and technical issues; Perseverance samples.",NASA delayed the Mars Sample Return mission by two years due to budget and technical issues; Perseverance samples awaiting return may hold evidence of ancient life. Scientists.,The Mars Sample Return mission faced a significant setback after NASA announced a two-year delay due to budget constraints and technical challenges with.,19.7284,20.3363,18.0937,17.7301,20.056,0.6497,0.6788,0.6475,0.7626,0.6996,0.6349,0.6102,0.5902,0.9811,0.56,0.623,0.5263,0.5763,0.9804,0.3333,0.6349,0.5424,0.5902,0.9811,0.48,0.4922,0.4343,0.4617,0.9607,0.2037,0.6436,0.5068,0.5876,0.9647,0.5047,0,0,0,0,0,19.1889,0.6876,1.0665,0.6753,0.6079,0.6457,0.5105,0.6415,0.1754,0.2471,0.3373,0.6963,0.0143,0.6627,0.0556,0.0422,0.7314,0.9759,0.8361,0.6316,0.5949,True Robustness,NASA delayed the Mars Sample Return mission by two years due to budget and technical issues; Perseverance samples awaiting return may hold evidence of ancient life.
summarization,4,google/flan-t5-base,"The Mars Sample Return mission faced a significant setback after NASA announced a two-year delay due to budget constraints and technical challenges with the Earth Entry Vehicle. The samples, collected by Perseverance rover since 2021, are stored in titanium tubes on the Martian surface. Scientists h",Summarize the following text: {input},"Summarize the following text: The Mars Sample Return mission faced a significant setback after NASA announced a two-year delay due to budget constraints and technical challenges with the Earth Entry Vehicle. The samples, collected by Perseverance rov","Condense the main ideas from this passage: The Mars Sample Return mission faced a significant setback after NASA announced a two-year delay due to budget constraints and technical challenges with the Earth Entry Vehicle. The samples, collected by Per","Produce a concise, neutral summary of the article below: The Mars Sample Return mission faced a significant setback after NASA announced a two-year delay due to budget constraints and technical challenges with the Earth Entry Vehicle. The samples, co","Give a brief overview of the key points in this text: The Mars Sample Return mission faced a significant setback after NASA announced a two-year delay due to budget constraints and technical challenges with the Earth Entry Vehicle. The samples, colle","In one paragraph, capture the essential information from: The Mars Sample Return mission faced a significant setback after NASA announced a two-year delay due to budget constraints and technical challenges with the Earth Entry Vehicle. The samples, c",NASA delayed the Mars Sample Return mission by two years due to budget and technical issues; Perseverance samples awaiting return may hold evidence of ancient life.,NASA delayed the Mars Sample Return mission by two years due to budget and technical issues; Perseverance samples awaiting return may hold evidence of ancient life.,NASA delayed the Mars Sample Return mission by two years due to budget and technical issues; Perseverance samples awaiting return may hold evidence of ancient life.,NASA delayed the Mars Sample Return mission by two years due to budget and technical issues; Perseverance samples awaiting return may hold evidence of ancient life.,NASA delayed the Mars Sample Return mission by two years due to budget and technical issues; Perseverance samples awaiting return may hold evidence of ancient life.,13.5281,12.2398,13.6181,11.1828,14.0059,0.7509,0.8235,0.7549,0.7265,0.7776,1.0,1.0,1.0,1.0,1.0,1.0,1.0,1.0,1.0,1.0,1.0,1.0,1.0,1.0,1.0,1.0,1.0,1.0,1.0,1.0,1.0,1.0,1.0,1.0,1.0,1,1,1,1,1,12.9149,0.7667,1.0504,1.0,1.0,1.0,1.0,1.0,0.0,0.0,0.0,1.0,0.0,1.0,0.0813,0.0327,1.0,0.9718,0.9857,1.0,1.0,True Robustness,NASA delayed the Mars Sample Return mission by two years due to budget and technical issues; Perseverance samples awaiting return may hold evidence of ancient life.
summarization,4,sshleifer/distilbart-cnn-12-6,"The Mars Sample Return mission faced a significant setback after NASA announced a two-year delay due to budget constraints and technical challenges with the Earth Entry Vehicle. The samples, collected by Perseverance rover since 2021, are stored in titanium tubes on the Martian surface. Scientists h",Summarize the following text: {input},"Summarize the following text: The Mars Sample Return mission faced a significant setback after NASA announced a two-year delay due to budget constraints and technical challenges with the Earth Entry Vehicle. The samples, collected by Perseverance rov","Condense the main ideas from this passage: The Mars Sample Return mission faced a significant setback after NASA announced a two-year delay due to budget constraints and technical challenges with the Earth Entry Vehicle. The samples, collected by Per","Produce a concise, neutral summary of the article below: The Mars Sample Return mission faced a significant setback after NASA announced a two-year delay due to budget constraints and technical challenges with the Earth Entry Vehicle. The samples, co","Give a brief overview of the key points in this text: The Mars Sample Return mission faced a significant setback after NASA announced a two-year delay due to budget constraints and technical challenges with the Earth Entry Vehicle. The samples, colle","In one paragraph, capture the essential information from: The Mars Sample Return mission faced a significant setback after NASA announced a two-year delay due to budget constraints and technical challenges with the Earth Entry Vehicle. The samples, c",NASA delayed the Mars Sample Return mission by two years due to budget and technical issues; Perseverance samples awaiting return may hold evidence of ancient life.,NASA delayed the Mars Sample Return mission by two years due to budget and technical issues; Perseverance samples awaiting return may hold evidence of ancient life.,NASA delayed the Mars Sample Return mission by two years due to budget and technical issues; Perseverance samples awaiting return may hold evidence of ancient life.,NASA delayed the Mars Sample Return mission by two years due to budget and technical issues; Perseverance samples awaiting return may hold evidence of ancient life.,NASA delayed the Mars Sample Return mission by two years due to budget and technical issues; Perseverance samples awaiting return may hold evidence of ancient life.,7.7222,9.8526,9.7838,9.648,9.275,0.8653,0.8608,0.7894,0.8404,0.788,1.0,1.0,1.0,1.0,1.0,1.0,1.0,1.0,1.0,1.0,1.0,1.0,1.0,1.0,1.0,1.0,1.0,1.0,1.0,1.0,1.0,1.0,1.0,1.0,1.0,1,1,1,1,1,9.2563,0.8288,0.7926,1.0,1.0,1.0,1.0,1.0,0.0,0.0,0.0,1.0,0.0,1.0,0.0856,0.0338,1.0,0.9705,0.985,1.0,1.0,True Robustness,NASA delayed the Mars Sample Return mission by two years due to budget and technical issues; Perseverance samples awaiting return may hold evidence of ancient life.
code,0,google/flan-t5-small,"def has_close_elements(numbers: List[float], threshold: float) -> bool:     """""" Check if in given list of numbers, are any two numbers closer to each other than     given threshold.     >>> has_close_elements([1.0, 2.0, 3.0], 0.5)     False     >>> has_close_elements([1.0, 2.8, 3.0, 4.0, 5.0, 2.0], ",Write a Python function for the following problem: {input},"Write a Python function for the following problem: def has_close_elements(numbers: List[float], threshold: float) -> bool:     """""" Check if in given list of numbers, are any two numbers closer to each other than     given threshold.     >>> has_close","Implement a Python solution for this programming task: def has_close_elements(numbers: List[float], threshold: float) -> bool:     """""" Check if in given list of numbers, are any two numbers closer to each other than     given threshold.     >>> has_c","Provide a working Python function that solves the problem described below: def has_close_elements(numbers: List[float], threshold: float) -> bool:     """""" Check if in given list of numbers, are any two numbers closer to each other than     given thre","Create a Python function to address the following specification: def has_close_elements(numbers: List[float], threshold: float) -> bool:     """""" Check if in given list of numbers, are any two numbers closer to each other than     given threshold.    ","Code a solution in Python for this task: def has_close_elements(numbers: List[float], threshold: float) -> bool:     """""" Check if in given list of numbers, are any two numbers closer to each other than     given threshold.     >>> has_close_elements(","for idx, elem in enumerate(numbers):     for idx2, elem2 in enumerate(numbers):         if idx != idx2:             distance = abs(elem - elem2)","for idx, elem in enumerate(numbers):     for idx2, elem2 in enumerate(numbers):         if idx != idx2:             distance = abs(elem - elem2)","for idx, elem in enumerate(numbers):     for idx2, elem2 in enumerate(numbers):         if idx != idx2:             distance = abs(elem - elem2)","for idx, elem in enumerate(numbers):     for idx2, elem2 in enumerate(numbers):         if idx != idx2:             distance = abs(elem - elem2)","for idx, elem in enumerate(numbers):     for idx2, elem2 in enumerate(numbers):         if idx != idx2:             distance = abs(elem - elem2)",22.0977,18.6773,21.9031,17.9366,19.1561,0.6105,0.6335,0.5245,0.5588,0.5396,0.8444,0.8444,0.8444,0.8444,0.8444,0.8372,0.8372,0.8372,0.8372,0.8372,0.8444,0.8444,0.8444,0.8444,0.8444,0.6564,0.6564,0.6564,0.6564,0.6564,0.7869,0.7869,0.7869,0.7869,0.7869,0,0,0,0,0,19.9542,0.5734,1.7164,0.8444,0.8372,0.8444,0.6564,0.7869,0.0,0.0,0.0,1.0,0.0,1.0,0.086,0.0418,1.0,0.9685,0.984,1.0,0.8175,True Robustness,"for idx, elem in enumerate(numbers):     for idx2, elem2 in enumerate(numbers):         if idx != idx2:             distance = abs(elem - elem2)             if distance < threshold:                 return True return False"
code,0,google/flan-t5-base,"def has_close_elements(numbers: List[float], threshold: float) -> bool:     """""" Check if in given list of numbers, are any two numbers closer to each other than     given threshold.     >>> has_close_elements([1.0, 2.0, 3.0], 0.5)     False     >>> has_close_elements([1.0, 2.8, 3.0, 4.0, 5.0, 2.0], ",Write a Python function for the following problem: {input},"Write a Python function for the following problem: def has_close_elements(numbers: List[float], threshold: float) -> bool:     """""" Check if in given list of numbers, are any two numbers closer to each other than     given threshold.     >>> has_close","Implement a Python solution for this programming task: def has_close_elements(numbers: List[float], threshold: float) -> bool:     """""" Check if in given list of numbers, are any two numbers closer to each other than     given threshold.     >>> has_c","Provide a working Python function that solves the problem described below: def has_close_elements(numbers: List[float], threshold: float) -> bool:     """""" Check if in given list of numbers, are any two numbers closer to each other than     given thre","Create a Python function to address the following specification: def has_close_elements(numbers: List[float], threshold: float) -> bool:     """""" Check if in given list of numbers, are any two numbers closer to each other than     given threshold.    ","Code a solution in Python for this task: def has_close_elements(numbers: List[float], threshold: float) -> bool:     """""" Check if in given list of numbers, are any two numbers closer to each other than     given threshold.     >>> has_close_elements(","for idx, elem in enumerate(numbers):     for idx2, elem2 in enumerate(numbers):         if idx != idx2:             distance = abs(elem - elem2)             if distance < threshold:     pass  # implementation truncated","for idx, elem in enumerate(numbers):     for idx2, elem2 in enumerate(numbers):         if idx != idx2:             distance = abs(elem - elem2)             if distance < threshold:     pass  # implementation truncated","for idx, elem in enumerate(numbers):     for idx2, elem2 in enumerate(numbers):         if idx != idx2:             distance = abs(elem - elem2)             if distance < threshold:     pass  # implementation truncated","for idx, elem in enumerate(numbers):     for idx2, elem2 in enumerate(numbers):         if idx != idx2:             distance = abs(elem - elem2)             if distance < threshold:     pass  # implementation truncated","for idx, elem in enumerate(numbers):     for idx2, elem2 in enumerate(numbers):         if idx != idx2:             distance = abs(elem - elem2)             if distance < threshold:     pass  # implementation truncated",12.6211,15.0335,13.9919,13.2283,14.8891,0.6437,0.6128,0.6595,0.6056,0.6561,0.8627,0.8627,0.8627,0.8627,0.8627,0.8571,0.8571,0.8571,0.8571,0.8571,0.8627,0.8627,0.8627,0.8627,0.8627,0.8428,0.8428,0.8428,0.8428,0.8428,0.8455,0.8455,0.8455,0.8455,0.8455,0,0,0,0,0,13.9528,0.6355,0.9321,0.8627,0.8571,0.8627,0.8428,0.8455,0.0,0.0,0.0,1.0,0.0,1.0,0.0668,0.0223,1.0,0.9779,0.9888,1.0,0.8901,True Robustness,"for idx, elem in enumerate(numbers):     for idx2, elem2 in enumerate(numbers):         if idx != idx2:             distance = abs(elem - elem2)             if distance < threshold:                 return True return False"
code,0,sshleifer/distilbart-cnn-12-6,"def has_close_elements(numbers: List[float], threshold: float) -> bool:     """""" Check if in given list of numbers, are any two numbers closer to each other than     given threshold.     >>> has_close_elements([1.0, 2.0, 3.0], 0.5)     False     >>> has_close_elements([1.0, 2.8, 3.0, 4.0, 5.0, 2.0], ",Write a Python function for the following problem: {input},"Write a Python function for the following problem: def has_close_elements(numbers: List[float], threshold: float) -> bool:     """""" Check if in given list of numbers, are any two numbers closer to each other than     given threshold.     >>> has_close","Implement a Python solution for this programming task: def has_close_elements(numbers: List[float], threshold: float) -> bool:     """""" Check if in given list of numbers, are any two numbers closer to each other than     given threshold.     >>> has_c","Provide a working Python function that solves the problem described below: def has_close_elements(numbers: List[float], threshold: float) -> bool:     """""" Check if in given list of numbers, are any two numbers closer to each other than     given thre","Create a Python function to address the following specification: def has_close_elements(numbers: List[float], threshold: float) -> bool:     """""" Check if in given list of numbers, are any two numbers closer to each other than     given threshold.    ","Code a solution in Python for this task: def has_close_elements(numbers: List[float], threshold: float) -> bool:     """""" Check if in given list of numbers, are any two numbers closer to each other than     given threshold.     >>> has_close_elements(","for idx, elem in enumerate(numbers):     for idx2, elem2 in enumerate(numbers):         if idx != idx2:             distance = abs(elem - elem2)             if distance < threshold:     pass  # implementation truncated","for idx, elem in enumerate(numbers):     for idx2, elem2 in enumerate(numbers):         if idx != idx2:             distance = abs(elem - elem2)             if distance < threshold:     pass  # implementation truncated","for idx, elem in enumerate(numbers):     for idx2, elem2 in enumerate(numbers):         if idx != idx2:             distance = abs(elem - elem2)             if distance < threshold:     pass  # implementation truncated","for idx, elem in enumerate(numbers):     for idx2, elem2 in enumerate(numbers):         if idx != idx2:             distance = abs(elem - elem2)             if distance < threshold:     pass  # implementation truncated","for idx, elem in enumerate(numbers):     for idx2, elem2 in enumerate(numbers):         if idx != idx2:             distance = abs(elem - elem2)             if distance < threshold:     pass  # implementation truncated",9.4141,9.909,8.72,8.9169,10.6322,0.7001,0.7432,0.7366,0.7321,0.7393,0.8627,0.8627,0.8627,0.8627,0.8627,0.8571,0.8571,0.8571,0.8571,0.8571,0.8627,0.8627,0.8627,0.8627,0.8627,0.8428,0.8428,0.8428,0.8428,0.8428,0.8455,0.8455,0.8455,0.8455,0.8455,0,0,0,0,0,9.5184,0.7303,0.6933,0.8627,0.8571,0.8627,0.8428,0.8455,0.0,0.0,0.0,1.0,0.0,1.0,0.0728,0.0155,1.0,0.9781,0.9889,1.0,0.8901,True Robustness,"for idx, elem in enumerate(numbers):     for idx2, elem2 in enumerate(numbers):         if idx != idx2:             distance = abs(elem - elem2)             if distance < threshold:                 return True return False"
code,1,google/flan-t5-small,"def separate_paren_groups(paren_string: str) -> List[str]:     """""" Input to this function is a string containing multiple groups of nested parentheses.     Your goal is to separate those group into separate strings and return the list of those.     Separate groups are balanced and not nested within ",Write a Python function for the following problem: {input},"Write a Python function for the following problem: def separate_paren_groups(paren_string: str) -> List[str]:     """""" Input to this function is a string containing multiple groups of nested parentheses.     Your goal is to separate those group into s","Implement a Python solution for this programming task: def separate_paren_groups(paren_string: str) -> List[str]:     """""" Input to this function is a string containing multiple groups of nested parentheses.     Your goal is to separate those group in","Provide a working Python function that solves the problem described below: def separate_paren_groups(paren_string: str) -> List[str]:     """""" Input to this function is a string containing multiple groups of nested parentheses.     Your goal is to sep","Create a Python function to address the following specification: def separate_paren_groups(paren_string: str) -> List[str]:     """""" Input to this function is a string containing multiple groups of nested parentheses.     Your goal is to separate thos","Code a solution in Python for this task: def separate_paren_groups(paren_string: str) -> List[str]:     """""" Input to this function is a string containing multiple groups of nested parentheses.     Your goal is to separate those group into separate st",result = [] current_string = [] current_depth = 0 for c in paren_string:     if c == '(':         current_depth += 1         current_string.append(c)     elif c == ')':,result = [] current_string = [] current_depth = 0 for c in paren_string:     if c == '(':         current_depth += 1         current_string.append(c)     elif c == ')':,result = [] current_string = [] current_depth = 0 for c in paren_string:     if c == '(':         current_depth += 1         current_string.append(c)     elif c == ')':,result = [] current_string = [] current_depth = 0 for c in paren_string:     if c == '(':         current_depth += 1         current_string.append(c)     elif c == ')':,result = [] current_string = [] current_depth = 0 for c in paren_string:     if c == '(':         current_depth += 1         current_string.append(c)     elif c == ')':,21.0817,20.8348,18.0033,16.9937,20.4125,0.6653,0.6085,0.6062,0.6279,0.6297,0.6875,0.6875,0.6875,0.6875,0.6875,0.6774,0.6774,0.6774,0.6774,0.6774,0.6875,0.6875,0.6875,0.6875,0.6875,0.5712,0.5712,0.5712,0.5712,0.5712,0.6412,0.6412,0.6412,0.6412,0.6412,0,0,0,0,0,19.4652,0.6275,1.6512,0.6875,0.6774,0.6875,0.5712,0.6412,0.0,0.0,0.0,1.0,0.0,1.0,0.0848,0.0212,1.0,0.9737,0.9867,1.0,0.7249,True Robustness,result = [] current_string = [] current_depth = 0 for c in paren_string:     if c == '(':         current_depth += 1         current_string.append(c)     elif c == ')':         current_depth -= 1         current_string.append(c)         if current_depth == 0:             result.append(''.join(curren
code,1,google/flan-t5-base,"def separate_paren_groups(paren_string: str) -> List[str]:     """""" Input to this function is a string containing multiple groups of nested parentheses.     Your goal is to separate those group into separate strings and return the list of those.     Separate groups are balanced and not nested within ",Write a Python function for the following problem: {input},"Write a Python function for the following problem: def separate_paren_groups(paren_string: str) -> List[str]:     """""" Input to this function is a string containing multiple groups of nested parentheses.     Your goal is to separate those group into s","Implement a Python solution for this programming task: def separate_paren_groups(paren_string: str) -> List[str]:     """""" Input to this function is a string containing multiple groups of nested parentheses.     Your goal is to separate those group in","Provide a working Python function that solves the problem described below: def separate_paren_groups(paren_string: str) -> List[str]:     """""" Input to this function is a string containing multiple groups of nested parentheses.     Your goal is to sep","Create a Python function to address the following specification: def separate_paren_groups(paren_string: str) -> List[str]:     """""" Input to this function is a string containing multiple groups of nested parentheses.     Your goal is to separate thos","Code a solution in Python for this task: def separate_paren_groups(paren_string: str) -> List[str]:     """""" Input to this function is a string containing multiple groups of nested parentheses.     Your goal is to separate those group into separate st",result = [] current_string = [] current_depth = 0 for c in paren_string:     if c == '(':         current_depth += 1         current_string.append(c)     elif c == ')':         current_depth -= 1         current_string.append(c),result = [] current_string = [] current_depth = 0 for c in paren_string:     if c == '(':         current_depth += 1         current_string.append(c)     elif c == ')':         current_depth -= 1         current_string.append(c),result = [] current_string = [] current_depth = 0 for c in paren_string:     if c == '(':         current_depth += 1         current_string.append(c)     elif c == ')':         current_depth -= 1         current_string.append(c),result = [] current_string = [] current_depth = 0 for c in paren_string:     if c == '(':         current_depth += 1         current_string.append(c)     elif c == ')':         current_depth -= 1         current_string.append(c),result = [] current_string = [] current_depth = 0 for c in paren_string:     if c == '(':         current_depth += 1         current_string.append(c)     elif c == ')':         current_depth -= 1         current_string.append(c),10.9951,12.3509,13.4864,13.7103,13.4941,0.6156,0.6262,0.5912,0.5847,0.625,0.8169,0.8169,0.8169,0.8169,0.8169,0.8116,0.8116,0.8116,0.8116,0.8116,0.8169,0.8169,0.8169,0.8169,0.8169,0.7083,0.7083,0.7083,0.7083,0.7083,0.7808,0.7808,0.7808,0.7808,0.7808,0,0,0,0,0,12.8074,0.6085,1.0238,0.8169,0.8116,0.8169,0.7083,0.7808,0.0,0.0,0.0,1.0,0.0,1.0,0.0799,0.0173,1.0,0.9759,0.9878,1.0,0.8247,True Robustness,result = [] current_string = [] current_depth = 0 for c in paren_string:     if c == '(':         current_depth += 1         current_string.append(c)     elif c == ')':         current_depth -= 1         current_string.append(c)         if current_depth == 0:             result.append(''.join(curren
code,1,sshleifer/distilbart-cnn-12-6,"def separate_paren_groups(paren_string: str) -> List[str]:     """""" Input to this function is a string containing multiple groups of nested parentheses.     Your goal is to separate those group into separate strings and return the list of those.     Separate groups are balanced and not nested within ",Write a Python function for the following problem: {input},"Write a Python function for the following problem: def separate_paren_groups(paren_string: str) -> List[str]:     """""" Input to this function is a string containing multiple groups of nested parentheses.     Your goal is to separate those group into s","Implement a Python solution for this programming task: def separate_paren_groups(paren_string: str) -> List[str]:     """""" Input to this function is a string containing multiple groups of nested parentheses.     Your goal is to separate those group in","Provide a working Python function that solves the problem described below: def separate_paren_groups(paren_string: str) -> List[str]:     """""" Input to this function is a string containing multiple groups of nested parentheses.     Your goal is to sep","Create a Python function to address the following specification: def separate_paren_groups(paren_string: str) -> List[str]:     """""" Input to this function is a string containing multiple groups of nested parentheses.     Your goal is to separate thos","Code a solution in Python for this task: def separate_paren_groups(paren_string: str) -> List[str]:     """""" Input to this function is a string containing multiple groups of nested parentheses.     Your goal is to separate those group into separate st",result = [] current_string = [] current_depth = 0 for c in paren_string:     if c == '(':         current_depth += 1         current_string.append(c)     elif c == ')':         current_depth -= 1         current_string.append(c)         if current_depth == 0:     pass  # implementation truncated,result = [] current_string = [] current_depth = 0 for c in paren_string:     if c == '(':         current_depth += 1         current_string.append(c)     elif c == ')':         current_depth -= 1         current_string.append(c)         if current_depth == 0:     pass  # implementation truncated,result = [] current_string = [] current_depth = 0 for c in paren_string:     if c == '(':         current_depth += 1         current_string.append(c)     elif c == ')':         current_depth -= 1         current_string.append(c)         if current_depth == 0:     pass  # implementation truncated,result = [] current_string = [] current_depth = 0 for c in paren_string:     if c == '(':         current_depth += 1         current_string.append(c)     elif c == ')':         current_depth -= 1         current_string.append(c)         if current_depth == 0:     pass  # implementation truncated,result = [] current_string = [] current_depth = 0 for c in paren_string:     if c == '(':         current_depth += 1         current_string.append(c)     elif c == ')':         current_depth -= 1         current_string.append(c)         if current_depth == 0:     pass  # implementation truncated,9.1565,9.964,8.4492,8.8388,9.4675,0.7018,0.7496,0.699,0.7012,0.6947,0.8462,0.8462,0.8462,0.8462,0.8462,0.8421,0.8421,0.8421,0.8421,0.8421,0.8462,0.8462,0.8462,0.8462,0.8462,0.8405,0.8405,0.8405,0.8405,0.8405,0.816,0.816,0.816,0.816,0.816,0,0,0,0,0,9.1752,0.7093,0.5193,0.8462,0.8421,0.8462,0.8405,0.816,0.0,0.0,0.0,1.0,0.0,1.0,0.0566,0.0203,1.0,0.9809,0.9904,1.0,0.8827,True Robustness,result = [] current_string = [] current_depth = 0 for c in paren_string:     if c == '(':         current_depth += 1         current_string.append(c)     elif c == ')':         current_depth -= 1         current_string.append(c)         if current_depth == 0:             result.append(''.join(curren
code,2,google/flan-t5-small,"def truncate_number(number: float) -> float:     """""" Given a positive floating point number, it can be decomposed into     and integer part (largest integer smaller than given number) and decimals     (leftover part always smaller than 1).     Return the decimal part of the number.     >>> truncate_",Write a Python function for the following problem: {input},"Write a Python function for the following problem: def truncate_number(number: float) -> float:     """""" Given a positive floating point number, it can be decomposed into     and integer part (largest integer smaller than given number) and decimals   ","Implement a Python solution for this programming task: def truncate_number(number: float) -> float:     """""" Given a positive floating point number, it can be decomposed into     and integer part (largest integer smaller than given number) and decimal","Provide a working Python function that solves the problem described below: def truncate_number(number: float) -> float:     """""" Given a positive floating point number, it can be decomposed into     and integer part (largest integer smaller than given","Create a Python function to address the following specification: def truncate_number(number: float) -> float:     """""" Given a positive floating point number, it can be decomposed into     and integer part (largest integer smaller than given number) a","Code a solution in Python for this task: def truncate_number(number: float) -> float:     """""" Given a positive floating point number, it can be decomposed into     and integer part (largest integer smaller than given number) and decimals     (leftove",return number % 1.0     pass  # implementation truncated,return number % 1.0     pass  # implementation truncated,return number % 1.0     pass  # implementation truncated,return number % 1.0     pass  # implementation truncated,return number % 1.0     pass  # implementation truncated,18.9933,17.2016,19.6395,19.5994,19.8783,0.6373,0.7435,0.6816,0.6821,0.6916,0.7273,0.7273,0.7273,0.7273,0.7273,0.6667,0.6667,0.6667,0.6667,0.6667,0.7273,0.7273,0.7273,0.7273,0.7273,0.3457,0.3457,0.3457,0.3457,0.3457,0.5067,0.5067,0.5067,0.5067,0.5067,0,0,0,0,0,19.0624,0.6872,0.9751,0.7273,0.6667,0.7273,0.3457,0.5067,0.0,0.0,0.0,1.0,0.0,1.0,0.0512,0.0339,1.0,0.979,0.9894,1.0,0.6619,True Robustness,return number % 1.0
code,2,google/flan-t5-base,"def truncate_number(number: float) -> float:     """""" Given a positive floating point number, it can be decomposed into     and integer part (largest integer smaller than given number) and decimals     (leftover part always smaller than 1).     Return the decimal part of the number.     >>> truncate_",Write a Python function for the following problem: {input},"Write a Python function for the following problem: def truncate_number(number: float) -> float:     """""" Given a positive floating point number, it can be decomposed into     and integer part (largest integer smaller than given number) and decimals   ","Implement a Python solution for this programming task: def truncate_number(number: float) -> float:     """""" Given a positive floating point number, it can be decomposed into     and integer part (largest integer smaller than given number) and decimal","Provide a working Python function that solves the problem described below: def truncate_number(number: float) -> float:     """""" Given a positive floating point number, it can be decomposed into     and integer part (largest integer smaller than given","Create a Python function to address the following specification: def truncate_number(number: float) -> float:     """""" Given a positive floating point number, it can be decomposed into     and integer part (largest integer smaller than given number) a","Code a solution in Python for this task: def truncate_number(number: float) -> float:     """""" Given a positive floating point number, it can be decomposed into     and integer part (largest integer smaller than given number) and decimals     (leftove",return number % 1.0     pass  # implementation truncated,return number % 1.0     pass  # implementation truncated,return number % 1.0     pass  # implementation truncated,return number % 1.0     pass  # implementation truncated,return number % 1.0     pass  # implementation truncated,13.5175,13.0352,12.752,12.2752,13.3873,0.796,0.7539,0.7057,0.7767,0.7485,0.7273,0.7273,0.7273,0.7273,0.7273,0.6667,0.6667,0.6667,0.6667,0.6667,0.7273,0.7273,0.7273,0.7273,0.7273,0.3457,0.3457,0.3457,0.3457,0.3457,0.5067,0.5067,0.5067,0.5067,0.5067,0,0,0,0,0,12.9934,0.7562,0.4485,0.7273,0.6667,0.7273,0.3457,0.5067,0.0,0.0,0.0,1.0,0.0,1.0,0.0345,0.0304,1.0,0.9839,0.9919,1.0,0.6619,True Robustness,return number % 1.0
code,2,sshleifer/distilbart-cnn-12-6,"def truncate_number(number: float) -> float:     """""" Given a positive floating point number, it can be decomposed into     and integer part (largest integer smaller than given number) and decimals     (leftover part always smaller than 1).     Return the decimal part of the number.     >>> truncate_",Write a Python function for the following problem: {input},"Write a Python function for the following problem: def truncate_number(number: float) -> float:     """""" Given a positive floating point number, it can be decomposed into     and integer part (largest integer smaller than given number) and decimals   ","Implement a Python solution for this programming task: def truncate_number(number: float) -> float:     """""" Given a positive floating point number, it can be decomposed into     and integer part (largest integer smaller than given number) and decimal","Provide a working Python function that solves the problem described below: def truncate_number(number: float) -> float:     """""" Given a positive floating point number, it can be decomposed into     and integer part (largest integer smaller than given","Create a Python function to address the following specification: def truncate_number(number: float) -> float:     """""" Given a positive floating point number, it can be decomposed into     and integer part (largest integer smaller than given number) a","Code a solution in Python for this task: def truncate_number(number: float) -> float:     """""" Given a positive floating point number, it can be decomposed into     and integer part (largest integer smaller than given number) and decimals     (leftove",return number % 1.0     pass  # implementation truncated,return number % 1.0     pass  # implementation truncated,return number % 1.0     pass  # implementation truncated,return number % 1.0     pass  # implementation truncated,return number % 1.0     pass  # implementation truncated,8.7858,9.1727,9.7888,8.2733,9.0927,0.8164,0.815,0.8536,0.8054,0.829,0.7273,0.7273,0.7273,0.7273,0.7273,0.6667,0.6667,0.6667,0.6667,0.6667,0.7273,0.7273,0.7273,0.7273,0.7273,0.3457,0.3457,0.3457,0.3457,0.3457,0.5067,0.5067,0.5067,0.5067,0.5067,0,0,0,0,0,9.0227,0.8239,0.4964,0.7273,0.6667,0.7273,0.3457,0.5067,0.0,0.0,0.0,1.0,0.0,1.0,0.055,0.0166,1.0,0.9822,0.991,1.0,0.6619,True Robustness,return number % 1.0
code,3,google/flan-t5-small,"def below_zero(operations: List[int]) -> bool:     """""" You're given a list of deposit and withdrawal operations on a bank account that starts with     zero balance. Your task is to detect if at any point the balance of account falls below zero, and     at that point function should return True. Othe",Write a Python function for the following problem: {input},"Write a Python function for the following problem: def below_zero(operations: List[int]) -> bool:     """""" You're given a list of deposit and withdrawal operations on a bank account that starts with     zero balance. Your task is to detect if at any p","Implement a Python solution for this programming task: def below_zero(operations: List[int]) -> bool:     """""" You're given a list of deposit and withdrawal operations on a bank account that starts with     zero balance. Your task is to detect if at a","Provide a working Python function that solves the problem described below: def below_zero(operations: List[int]) -> bool:     """""" You're given a list of deposit and withdrawal operations on a bank account that starts with     zero balance. Your task ","Create a Python function to address the following specification: def below_zero(operations: List[int]) -> bool:     """""" You're given a list of deposit and withdrawal operations on a bank account that starts with     zero balance. Your task is to dete","Code a solution in Python for this task: def below_zero(operations: List[int]) -> bool:     """""" You're given a list of deposit and withdrawal operations on a bank account that starts with     zero balance. Your task is to detect if at any point the b",balance = 0 for op in operations:     balance += op     pass  # implementation truncated,balance = 0 for op in operations:     balance += op     pass  # implementation truncated,balance = 0 for op in operations:     balance += op     pass  # implementation truncated,balance = 0 for op in operations:     balance += op     pass  # implementation truncated,balance = 0 for op in operations:     balance += op     pass  # implementation truncated,20.7646,20.1146,18.2305,20.6279,19.0135,0.6917,0.5997,0.59,0.6192,0.6555,0.6154,0.6154,0.6154,0.6154,0.6154,0.5833,0.5833,0.5833,0.5833,0.5833,0.6154,0.6154,0.6154,0.6154,0.6154,0.5086,0.5086,0.5086,0.5086,0.5086,0.7292,0.7292,0.7292,0.7292,0.7292,0,0,0,0,0,19.7502,0.6312,0.9782,0.6154,0.5833,0.6154,0.5086,0.7292,0.0,0.0,0.0,1.0,0.0,1.0,0.0495,0.0376,1.0,0.9784,0.9891,1.0,0.6742,True Robustness,balance = 0 for op in operations:     balance += op     if balance < 0:         return True return False
code,3,google/flan-t5-base,"def below_zero(operations: List[int]) -> bool:     """""" You're given a list of deposit and withdrawal operations on a bank account that starts with     zero balance. Your task is to detect if at any point the balance of account falls below zero, and     at that point function should return True. Othe",Write a Python function for the following problem: {input},"Write a Python function for the following problem: def below_zero(operations: List[int]) -> bool:     """""" You're given a list of deposit and withdrawal operations on a bank account that starts with     zero balance. Your task is to detect if at any p","Implement a Python solution for this programming task: def below_zero(operations: List[int]) -> bool:     """""" You're given a list of deposit and withdrawal operations on a bank account that starts with     zero balance. Your task is to detect if at a","Provide a working Python function that solves the problem described below: def below_zero(operations: List[int]) -> bool:     """""" You're given a list of deposit and withdrawal operations on a bank account that starts with     zero balance. Your task ","Create a Python function to address the following specification: def below_zero(operations: List[int]) -> bool:     """""" You're given a list of deposit and withdrawal operations on a bank account that starts with     zero balance. Your task is to dete","Code a solution in Python for this task: def below_zero(operations: List[int]) -> bool:     """""" You're given a list of deposit and withdrawal operations on a bank account that starts with     zero balance. Your task is to detect if at any point the b",balance = 0 for op in operations:     balance += op     if balance < 0:     pass  # implementation truncated,balance = 0 for op in operations:     balance += op     if balance < 0:     pass  # implementation truncated,balance = 0 for op in operations:     balance += op     if balance < 0:     pass  # implementation truncated,balance = 0 for op in operations:     balance += op     if balance < 0:     pass  # implementation truncated,balance = 0 for op in operations:     balance += op     if balance < 0:     pass  # implementation truncated,13.4388,12.6211,11.958,13.5538,12.1223,0.7089,0.658,0.6434,0.6916,0.6548,0.7586,0.7586,0.7586,0.7586,0.7586,0.7407,0.7407,0.7407,0.7407,0.7407,0.7586,0.7586,0.7586,0.7586,0.7586,0.7563,0.7563,0.7563,0.7563,0.7563,0.8396,0.8396,0.8396,0.8396,0.8396,0,0,0,0,0,12.7388,0.6713,0.6569,0.7586,0.7407,0.7586,0.7563,0.8396,0.0,0.0,0.0,1.0,0.0,1.0,0.0516,0.0247,1.0,0.9811,0.9905,1.0,0.8181,True Robustness,balance = 0 for op in operations:     balance += op     if balance < 0:         return True return False
code,3,sshleifer/distilbart-cnn-12-6,"def below_zero(operations: List[int]) -> bool:     """""" You're given a list of deposit and withdrawal operations on a bank account that starts with     zero balance. Your task is to detect if at any point the balance of account falls below zero, and     at that point function should return True. Othe",Write a Python function for the following problem: {input},"Write a Python function for the following problem: def below_zero(operations: List[int]) -> bool:     """""" You're given a list of deposit and withdrawal operations on a bank account that starts with     zero balance. Your task is to detect if at any p","Implement a Python solution for this programming task: def below_zero(operations: List[int]) -> bool:     """""" You're given a list of deposit and withdrawal operations on a bank account that starts with     zero balance. Your task is to detect if at a","Provide a working Python function that solves the problem described below: def below_zero(operations: List[int]) -> bool:     """""" You're given a list of deposit and withdrawal operations on a bank account that starts with     zero balance. Your task ","Create a Python function to address the following specification: def below_zero(operations: List[int]) -> bool:     """""" You're given a list of deposit and withdrawal operations on a bank account that starts with     zero balance. Your task is to dete","Code a solution in Python for this task: def below_zero(operations: List[int]) -> bool:     """""" You're given a list of deposit and withdrawal operations on a bank account that starts with     zero balance. Your task is to detect if at any point the b",balance = 0 for op in operations:     balance += op     if balance < 0:     pass  # implementation truncated,balance = 0 for op in operations:     balance += op     if balance < 0:     pass  # implementation truncated,balance = 0 for op in operations:     balance += op     if balance < 0:     pass  # implementation truncated,balance = 0 for op in operations:     balance += op     if balance < 0:     pass  # implementation truncated,balance = 0 for op in operations:     balance += op     if balance < 0:     pass  # implementation truncated,10.1237,9.9538,7.6243,9.8684,9.8002,0.733,0.7129,0.78,0.7518,0.7429,0.7586,0.7586,0.7586,0.7586,0.7586,0.7407,0.7407,0.7407,0.7407,0.7407,0.7586,0.7586,0.7586,0.7586,0.7586,0.7563,0.7563,0.7563,0.7563,0.7563,0.8396,0.8396,0.8396,0.8396,0.8396,0,0,0,0,0,9.4741,0.7441,0.9312,0.7586,0.7407,0.7586,0.7563,0.8396,0.0,0.0,0.0,1.0,0.0,1.0,0.0983,0.0221,1.0,0.9702,0.9849,1.0,0.8181,True Robustness,balance = 0 for op in operations:     balance += op     if balance < 0:         return True return False
code,4,google/flan-t5-small,"def mean_absolute_deviation(numbers: List[float]) -> float:     """""" For a given list of input numbers, calculate Mean Absolute Deviation     around the mean of this dataset.     Mean Absolute Deviation is the average absolute difference between each     element and a centerpoint (mean in this case):",Write a Python function for the following problem: {input},"Write a Python function for the following problem: def mean_absolute_deviation(numbers: List[float]) -> float:     """""" For a given list of input numbers, calculate Mean Absolute Deviation     around the mean of this dataset.     Mean Absolute Deviati","Implement a Python solution for this programming task: def mean_absolute_deviation(numbers: List[float]) -> float:     """""" For a given list of input numbers, calculate Mean Absolute Deviation     around the mean of this dataset.     Mean Absolute Dev","Provide a working Python function that solves the problem described below: def mean_absolute_deviation(numbers: List[float]) -> float:     """""" For a given list of input numbers, calculate Mean Absolute Deviation     around the mean of this dataset.  ","Create a Python function to address the following specification: def mean_absolute_deviation(numbers: List[float]) -> float:     """""" For a given list of input numbers, calculate Mean Absolute Deviation     around the mean of this dataset.     Mean Ab","Code a solution in Python for this task: def mean_absolute_deviation(numbers: List[float]) -> float:     """""" For a given list of input numbers, calculate Mean Absolute Deviation     around the mean of this dataset.     Mean Absolute Deviation is the ",mean = sum(numbers) / len(numbers)     pass  # implementation truncated,mean = sum(numbers) / len(numbers)     pass  # implementation truncated,mean = sum(numbers) / len(numbers)     pass  # implementation truncated,mean = sum(numbers) / len(numbers)     pass  # implementation truncated,mean = sum(numbers) / len(numbers)     pass  # implementation truncated,16.9107,19.3708,20.3893,21.404,16.8266,0.6227,0.6158,0.6105,0.6048,0.6334,0.4167,0.4167,0.4167,0.4167,0.4167,0.3636,0.3636,0.3636,0.3636,0.3636,0.4167,0.4167,0.4167,0.4167,0.4167,0.2292,0.2292,0.2292,0.2292,0.2292,0.589,0.589,0.589,0.589,0.589,0,0,0,0,0,18.9803,0.6174,1.8403,0.4167,0.3636,0.4167,0.2292,0.589,0.0,0.0,0.0,1.0,0.0,1.0,0.097,0.0099,1.0,0.9734,0.9865,1.0,0.4969,True Robustness,mean = sum(numbers) / len(numbers) return sum(abs(x - mean) for x in numbers) / len(numbers)
code,4,google/flan-t5-base,"def mean_absolute_deviation(numbers: List[float]) -> float:     """""" For a given list of input numbers, calculate Mean Absolute Deviation     around the mean of this dataset.     Mean Absolute Deviation is the average absolute difference between each     element and a centerpoint (mean in this case):",Write a Python function for the following problem: {input},"Write a Python function for the following problem: def mean_absolute_deviation(numbers: List[float]) -> float:     """""" For a given list of input numbers, calculate Mean Absolute Deviation     around the mean of this dataset.     Mean Absolute Deviati","Implement a Python solution for this programming task: def mean_absolute_deviation(numbers: List[float]) -> float:     """""" For a given list of input numbers, calculate Mean Absolute Deviation     around the mean of this dataset.     Mean Absolute Dev","Provide a working Python function that solves the problem described below: def mean_absolute_deviation(numbers: List[float]) -> float:     """""" For a given list of input numbers, calculate Mean Absolute Deviation     around the mean of this dataset.  ","Create a Python function to address the following specification: def mean_absolute_deviation(numbers: List[float]) -> float:     """""" For a given list of input numbers, calculate Mean Absolute Deviation     around the mean of this dataset.     Mean Ab","Code a solution in Python for this task: def mean_absolute_deviation(numbers: List[float]) -> float:     """""" For a given list of input numbers, calculate Mean Absolute Deviation     around the mean of this dataset.     Mean Absolute Deviation is the ",mean = sum(numbers) / len(numbers)     pass  # implementation truncated,mean = sum(numbers) / len(numbers)     pass  # implementation truncated,mean = sum(numbers) / len(numbers)     pass  # implementation truncated,mean = sum(numbers) / len(numbers)     pass  # implementation truncated,mean = sum(numbers) / len(numbers)     pass  # implementation truncated,14.2991,13.2466,12.3499,13.3917,9.7997,0.7415,0.6818,0.6903,0.6873,0.7179,0.4167,0.4167,0.4167,0.4167,0.4167,0.3636,0.3636,0.3636,0.3636,0.3636,0.4167,0.4167,0.4167,0.4167,0.4167,0.2292,0.2292,0.2292,0.2292,0.2292,0.589,0.589,0.589,0.589,0.589,0,0,0,0,0,12.6174,0.7038,1.5385,0.4167,0.3636,0.4167,0.2292,0.589,0.0,0.0,0.0,1.0,0.0,1.0,0.1219,0.0226,1.0,0.9642,0.9818,1.0,0.4969,True Robustness,mean = sum(numbers) / len(numbers) return sum(abs(x - mean) for x in numbers) / len(numbers)
code,4,sshleifer/distilbart-cnn-12-6,"def mean_absolute_deviation(numbers: List[float]) -> float:     """""" For a given list of input numbers, calculate Mean Absolute Deviation     around the mean of this dataset.     Mean Absolute Deviation is the average absolute difference between each     element and a centerpoint (mean in this case):",Write a Python function for the following problem: {input},"Write a Python function for the following problem: def mean_absolute_deviation(numbers: List[float]) -> float:     """""" For a given list of input numbers, calculate Mean Absolute Deviation     around the mean of this dataset.     Mean Absolute Deviati","Implement a Python solution for this programming task: def mean_absolute_deviation(numbers: List[float]) -> float:     """""" For a given list of input numbers, calculate Mean Absolute Deviation     around the mean of this dataset.     Mean Absolute Dev","Provide a working Python function that solves the problem described below: def mean_absolute_deviation(numbers: List[float]) -> float:     """""" For a given list of input numbers, calculate Mean Absolute Deviation     around the mean of this dataset.  ","Create a Python function to address the following specification: def mean_absolute_deviation(numbers: List[float]) -> float:     """""" For a given list of input numbers, calculate Mean Absolute Deviation     around the mean of this dataset.     Mean Ab","Code a solution in Python for this task: def mean_absolute_deviation(numbers: List[float]) -> float:     """""" For a given list of input numbers, calculate Mean Absolute Deviation     around the mean of this dataset.     Mean Absolute Deviation is the ",mean = sum(numbers) / len(numbers)     pass  # implementation truncated,mean = sum(numbers) / len(numbers)     pass  # implementation truncated,mean = sum(numbers) / len(numbers)     pass  # implementation truncated,mean = sum(numbers) / len(numbers)     pass  # implementation truncated,mean = sum(numbers) / len(numbers)     pass  # implementation truncated,9.8172,9.8605,8.6589,7.4939,8.311,0.7936,0.8202,0.787,0.8826,0.8075,0.4167,0.4167,0.4167,0.4167,0.4167,0.3636,0.3636,0.3636,0.3636,0.3636,0.4167,0.4167,0.4167,0.4167,0.4167,0.2292,0.2292,0.2292,0.2292,0.2292,0.589,0.589,0.589,0.589,0.589,0,0,0,0,0,8.8283,0.8182,0.9078,0.4167,0.3636,0.4167,0.2292,0.589,0.0,0.0,0.0,1.0,0.0,1.0,0.1028,0.0342,1.0,0.9662,0.9828,1.0,0.4969,True Robustness,mean = sum(numbers) / len(numbers) return sum(abs(x - mean) for x in numbers) / len(numbers)
creative_writing,0,google/flan-t5-small,A lighthouse keeper discovers that the light has been warning ships away from something other than rocks.,Write a short story based on this prompt: {input},Write a short story based on this prompt: A lighthouse keeper discovers that the light has been warning ships away from something other than rocks.,Create a brief narrative inspired by: A lighthouse keeper discovers that the light has been warning ships away from something other than rocks.,Compose a short creative passage that explores the following idea: A lighthouse keeper discovers that the light has been warning ships away from something other than rocks.,Craft a short fictional piece using this concept as your starting point: A lighthouse keeper discovers that the light has been warning ships away from something other than rocks.,Write a vivid short narrative based on: A lighthouse keeper discovers that the light has been warning ships away from something other than rocks.,"But on the night the fog rolled in thicker than she'd ever seen, she climbed down to the shore and found.","Whatever the light had been keeping away, it had stopped moving. But on the night the fog rolled in thicker than she'd.","Whatever the light had been keeping away, it had stopped moving. But on the night the fog rolled in thicker than she'd ever seen, she climbed.","Whatever the light had been keeping away, it had stopped moving. For forty years, Miriam had kept the light burning without question.","For forty years, Miriam had kept the light burning without question. But on the night the fog rolled in thicker than she'd ever seen, she climbed down to the shore and found the water perfectly still — not a.",19.35,19.1196,20.3414,18.4066,18.2561,0.6477,0.6953,0.6956,0.5885,0.6215,0.5946,0.6133,0.6835,0.5946,0.8571,0.5833,0.5753,0.6494,0.5556,0.8539,0.5946,0.3733,0.4557,0.2973,0.8571,0.2167,0.2231,0.329,0.2357,0.6974,0.5385,0.2921,0.3841,0.0478,0.8438,0,0,0,0,0,19.0947,0.6497,0.7479,0.6686,0.6435,0.5156,0.3404,0.4213,0.1972,0.1831,0.3434,0.5725,0.094,0.6566,0.0392,0.0418,0.6784,0.98,0.8018,0.53,0.4579,Stochastic Luck,"For forty years, Miriam had kept the light burning without question. But on the night the fog rolled in thicker than she'd ever seen, she climbed down to the shore and found the water perfectly still — not a single wave. Whatever the light had been keeping away, it had stopped moving."
creative_writing,0,google/flan-t5-base,A lighthouse keeper discovers that the light has been warning ships away from something other than rocks.,Write a short story based on this prompt: {input},Write a short story based on this prompt: A lighthouse keeper discovers that the light has been warning ships away from something other than rocks.,Create a brief narrative inspired by: A lighthouse keeper discovers that the light has been warning ships away from something other than rocks.,Compose a short creative passage that explores the following idea: A lighthouse keeper discovers that the light has been warning ships away from something other than rocks.,Craft a short fictional piece using this concept as your starting point: A lighthouse keeper discovers that the light has been warning ships away from something other than rocks.,Write a vivid short narrative based on: A lighthouse keeper discovers that the light has been warning ships away from something other than rocks.,"But on the night the fog rolled in thicker than she'd ever seen, she climbed down to the shore and found the water perfectly still — not a single wave. For forty years, Miriam had kept the light burning without question.","Whatever the light had been keeping away, it had stopped moving. For forty years, Miriam had kept the light burning without question.","Whatever the light had been keeping away, it had stopped moving. But on the night the fog rolled in thicker than she'd ever seen, she climbed down.","Whatever the light had been keeping away, it had stopped moving. For forty years, Miriam had kept the light burning without question.","Whatever the light had been keeping away, it had stopped moving. For forty years, Miriam had kept the light burning without question.",13.3797,12.0329,14.2961,11.4846,13.192,0.6838,0.724,0.6917,0.6864,0.7208,0.8817,0.5946,0.7,0.5946,0.5946,0.8571,0.5556,0.6667,0.5556,0.5556,0.6882,0.2973,0.475,0.2973,0.2973,0.7347,0.2357,0.356,0.2357,0.2357,0.6139,0.0478,0.4028,0.0478,0.0478,0,0,0,0,0,12.8771,0.7013,1.0017,0.6731,0.6381,0.411,0.3596,0.232,0.1547,0.1933,0.2941,0.5791,0.1383,0.7059,0.0778,0.0174,0.6992,0.9764,0.8149,0.6076,0.4422,Stochastic Luck,"For forty years, Miriam had kept the light burning without question. But on the night the fog rolled in thicker than she'd ever seen, she climbed down to the shore and found the water perfectly still — not a single wave. Whatever the light had been keeping away, it had stopped moving."
creative_writing,0,sshleifer/distilbart-cnn-12-6,A lighthouse keeper discovers that the light has been warning ships away from something other than rocks.,Write a short story based on this prompt: {input},Write a short story based on this prompt: A lighthouse keeper discovers that the light has been warning ships away from something other than rocks.,Create a brief narrative inspired by: A lighthouse keeper discovers that the light has been warning ships away from something other than rocks.,Compose a short creative passage that explores the following idea: A lighthouse keeper discovers that the light has been warning ships away from something other than rocks.,Craft a short fictional piece using this concept as your starting point: A lighthouse keeper discovers that the light has been warning ships away from something other than rocks.,Write a vivid short narrative based on: A lighthouse keeper discovers that the light has been warning ships away from something other than rocks.,"Whatever the light had been keeping away, it had stopped moving. For forty years, Miriam had kept the light burning without question.","For forty years, Miriam had kept the light burning without question. Whatever the light had been keeping away, it had stopped moving.","For forty years, Miriam had kept the light burning without question. Whatever the light had been keeping away, it had stopped moving.","For forty years, Miriam had kept the light burning without question. Whatever the light had been keeping away, it had stopped moving.","But on the night the fog rolled in thicker than she'd ever seen, she climbed down to the shore and found the water perfectly still — not a single wave. For forty years, Miriam had kept the light burning without question.",8.7713,9.587,8.5193,9.0704,8.0911,0.7813,0.8326,0.7683,0.8133,0.8126,0.5946,0.5946,0.5946,0.5946,0.8817,0.5556,0.5556,0.5556,0.5556,0.8571,0.2973,0.5946,0.5946,0.5946,0.6882,0.2357,0.2357,0.2357,0.2357,0.7347,0.0478,0.3541,0.3541,0.3541,0.6139,0,0,0,0,0,8.8078,0.8016,0.5048,0.652,0.6159,0.5539,0.3355,0.3448,0.1333,0.1996,0.1951,0.7309,0.1386,0.8049,0.0573,0.0234,0.7978,0.98,0.8796,0.5929,0.4872,True Robustness,"For forty years, Miriam had kept the light burning without question. But on the night the fog rolled in thicker than she'd ever seen, she climbed down to the shore and found the water perfectly still — not a single wave. Whatever the light had been keeping away, it had stopped moving."
creative_writing,1,google/flan-t5-small,Two strangers are trapped in an elevator and realise they have met before in a dream.,Write a short story based on this prompt: {input},Write a short story based on this prompt: Two strangers are trapped in an elevator and realise they have met before in a dream.,Create a brief narrative inspired by: Two strangers are trapped in an elevator and realise they have met before in a dream.,Compose a short creative passage that explores the following idea: Two strangers are trapped in an elevator and realise they have met before in a dream.,Craft a short fictional piece using this concept as your starting point: Two strangers are trapped in an elevator and realise they have met before in a dream.,Write a vivid short narrative based on: Two strangers are trapped in an elevator and realise they have met before in a dream.,"He recognised her before she spoke — the red scarf, the way she tilted her head when the lights flickered. 'The bridge,' he said.","He recognised her before she spoke — the red scarf, the way she tilted her head when the lights flickered. 'You were standing at the end of it.' The.","'You were standing at the end of it.' The elevator hummed between floors. He recognised her before she spoke — the red scarf, the way she tilted her head when.",Neither of them pressed a button. 'You were standing at the end of it.' The.,"'The bridge,' he said. 'You were standing at the end of it.' The elevator hummed between floors.",19.6095,16.3707,14.9506,20.2634,22.1803,0.6782,0.6384,0.6442,0.6146,0.6082,0.6765,0.7671,0.7838,0.5,0.5484,0.6667,0.7324,0.75,0.4483,0.5,0.6765,0.7671,0.4324,0.3,0.5484,0.3998,0.5042,0.5336,0.1013,0.1623,0.6772,0.7382,0.365,0.1159,0.4368,0,0,0,0,0,18.6749,0.6367,2.6406,0.6552,0.6195,0.5449,0.3402,0.4666,0.1669,0.177,0.3359,0.6575,0.1207,0.6641,0.1414,0.0248,0.7055,0.9589,0.8129,0.4666,0.4537,True Robustness,"He recognised her before she spoke — the red scarf, the way she tilted her head when the lights flickered. 'The bridge,' he said. She went pale. 'You were standing at the end of it.' The elevator hummed between floors. Neither of them pressed a button."
creative_writing,1,google/flan-t5-base,Two strangers are trapped in an elevator and realise they have met before in a dream.,Write a short story based on this prompt: {input},Write a short story based on this prompt: Two strangers are trapped in an elevator and realise they have met before in a dream.,Create a brief narrative inspired by: Two strangers are trapped in an elevator and realise they have met before in a dream.,Compose a short creative passage that explores the following idea: Two strangers are trapped in an elevator and realise they have met before in a dream.,Craft a short fictional piece using this concept as your starting point: Two strangers are trapped in an elevator and realise they have met before in a dream.,Write a vivid short narrative based on: Two strangers are trapped in an elevator and realise they have met before in a dream.,"Neither of them pressed a button. He recognised her before she spoke — the red scarf, the way she tilted her head when the lights flickered. 'You were standing at the end of it.' The elevator hummed between floors.","'The bridge,' he said. 'You were standing at the end of it.' The elevator hummed between floors. Neither of them pressed a button.","'You were standing at the end of it.' The elevator hummed between floors. He recognised her before she spoke — the red scarf, the way she tilted her head when the lights flickered..","'You were standing at the end of it.' The elevator hummed between floors. He recognised her before she spoke — the red scarf, the way she tilted her head when the lights flickered. Neither of them pressed a button.","'You were standing at the end of it.' The elevator hummed between floors. He recognised her before she spoke — the red scarf, the way she tilted her head when the lights flickered. Neither of them pressed a button.",12.4521,13.1012,13.1476,15.3741,12.5547,0.7314,0.7034,0.6834,0.7041,0.6902,0.9157,0.6765,0.8312,0.9157,0.9157,0.8642,0.6364,0.8,0.8642,0.8642,0.7711,0.6765,0.4935,0.6024,0.6024,0.7655,0.3405,0.6194,0.7655,0.7655,0.7725,0.5759,0.3464,0.3906,0.3906,0,0,0,0,0,13.3259,0.7025,1.0617,0.851,0.8058,0.6292,0.6513,0.4952,0.0919,0.1654,0.1114,0.8367,0.057,0.8886,0.0797,0.0165,0.8876,0.9761,0.9297,0.6683,0.6467,True Robustness,"He recognised her before she spoke — the red scarf, the way she tilted her head when the lights flickered. 'The bridge,' he said. She went pale. 'You were standing at the end of it.' The elevator hummed between floors. Neither of them pressed a button."
creative_writing,1,sshleifer/distilbart-cnn-12-6,Two strangers are trapped in an elevator and realise they have met before in a dream.,Write a short story based on this prompt: {input},Write a short story based on this prompt: Two strangers are trapped in an elevator and realise they have met before in a dream.,Create a brief narrative inspired by: Two strangers are trapped in an elevator and realise they have met before in a dream.,Compose a short creative passage that explores the following idea: Two strangers are trapped in an elevator and realise they have met before in a dream.,Craft a short fictional piece using this concept as your starting point: Two strangers are trapped in an elevator and realise they have met before in a dream.,Write a vivid short narrative based on: Two strangers are trapped in an elevator and realise they have met before in a dream.,"Neither of them pressed a button. 'The bridge,' he said. He recognised her before she spoke — the red scarf, the way she tilted her head when the lights flickered.","He recognised her before she spoke — the red scarf, the way she tilted her head when the lights flickered. 'The bridge,' he said. 'You were standing at the end of it.' The elevator hummed between floors.","Neither of them pressed a button. He recognised her before she spoke — the red scarf, the way she tilted her head when the lights flickered. 'The bridge,' he said.","Neither of them pressed a button. He recognised her before she spoke — the red scarf, the way she tilted her head when the lights flickered. 'You were standing at the end of it.' The elevator hummed between floors.","'The bridge,' he said. He recognised her before she spoke — the red scarf, the way she tilted her head when the lights flickered. Neither of them pressed a button.",8.3797,9.096,8.2925,8.2408,6.6201,0.7234,0.8358,0.7797,0.7921,0.7895,0.7838,0.8889,0.7838,0.9157,0.7838,0.7222,0.8608,0.75,0.8642,0.7222,0.5135,0.8889,0.6216,0.7711,0.6757,0.5207,0.7497,0.5543,0.7655,0.5207,0.5108,0.8923,0.6217,0.7725,0.6072,0,0,0,0,0,8.1258,0.7841,0.8141,0.8312,0.7839,0.6942,0.6222,0.6809,0.1281,0.1114,0.0868,0.7936,0.02,0.9132,0.1002,0.036,0.8947,0.9664,0.9292,0.7202,0.6755,True Robustness,"He recognised her before she spoke — the red scarf, the way she tilted her head when the lights flickered. 'The bridge,' he said. She went pale. 'You were standing at the end of it.' The elevator hummed between floors. Neither of them pressed a button."
creative_writing,2,google/flan-t5-small,The last bookshop on Earth is about to close its doors forever.,Write a short story based on this prompt: {input},Write a short story based on this prompt: The last bookshop on Earth is about to close its doors forever.,Create a brief narrative inspired by: The last bookshop on Earth is about to close its doors forever.,Compose a short creative passage that explores the following idea: The last bookshop on Earth is about to close its doors forever.,Craft a short fictional piece using this concept as your starting point: The last bookshop on Earth is about to close its doors forever.,Write a vivid short narrative based on: The last bookshop on Earth is about to close its doors forever.,"Elara ran her hand along the final shelf, each spine a world she'd visited a hundred times. She locked the door slowly, placed the key on the step,.","She locked the door slowly, placed the key on the step, and walked away without looking back. Outside, screens glowed in every window.","Elara ran her hand along the final shelf, each spine a world she'd visited a hundred times. Outside, screens glowed in every window.","Elara ran her hand along the final shelf, each spine a world she'd visited a.","Elara ran her hand along the final shelf, each spine a world she'd visited a.",18.2994,19.9111,16.9913,19.7777,18.3638,0.6213,0.7208,0.678,0.617,0.6476,0.7073,0.6053,0.6234,0.4638,0.4638,0.675,0.5676,0.6133,0.4478,0.4478,0.7073,0.4474,0.6234,0.4638,0.4638,0.3696,0.2512,0.2713,0.0735,0.0735,0.6682,0.1925,0.6226,0.4119,0.4119,0,0,0,0,0,18.6687,0.6569,1.0786,0.5727,0.5503,0.5411,0.2078,0.4614,0.105,0.1168,0.3793,0.7831,0.0934,0.6207,0.0578,0.0387,0.714,0.9762,0.8248,0.5525,0.4273,True Robustness,"The sign read CLOSING SALE — EVERYTHING MUST GO, but no one came. Elara ran her hand along the final shelf, each spine a world she'd visited a hundred times. Outside, screens glowed in every window. She locked the door slowly, placed the key on the step, and walked away without looking back."
creative_writing,2,google/flan-t5-base,The last bookshop on Earth is about to close its doors forever.,Write a short story based on this prompt: {input},Write a short story based on this prompt: The last bookshop on Earth is about to close its doors forever.,Create a brief narrative inspired by: The last bookshop on Earth is about to close its doors forever.,Compose a short creative passage that explores the following idea: The last bookshop on Earth is about to close its doors forever.,Craft a short fictional piece using this concept as your starting point: The last bookshop on Earth is about to close its doors forever.,Write a vivid short narrative based on: The last bookshop on Earth is about to close its doors forever.,"The sign read CLOSING SALE — EVERYTHING MUST GO, but no one came. Outside, screens glowed in every window. Elara ran her hand along the final shelf, each spine a world she'd visited a hundred times.","The sign read CLOSING SALE — EVERYTHING MUST GO, but no one came. She locked the door slowly, placed the key on the step, and walked away without looking back. Elara ran her hand along the final shelf, each spine a world she'd visited a hundred.","Elara ran her hand along the final shelf, each spine a world she'd visited a hundred times. She locked the door slowly, placed the key on the step, and walked away without looking back. The.","Outside, screens glowed in every window. She locked the door slowly, placed the key on the step, and walked away without looking back. The sign read CLOSING SALE — EVERYTHING MUST GO, but no one came.","Elara ran her hand along the final shelf, each spine a world she'd visited a hundred times. Outside, screens glowed in every window. She locked the door slowly, placed.",12.4828,13.1146,13.1715,9.9995,13.1286,0.7027,0.6916,0.7209,0.6625,0.7062,0.809,0.9293,0.809,0.7955,0.7229,0.7586,0.8866,0.7586,0.7674,0.716,0.6742,0.5859,0.7865,0.5227,0.7229,0.5664,0.7792,0.5522,0.5954,0.4212,0.2776,0.3985,0.7676,0.1911,0.7261,0,0,0,0,0,12.3794,0.6968,1.2169,0.8131,0.7774,0.6584,0.5829,0.4722,0.0943,0.1149,0.2912,0.8398,0.0193,0.7088,0.0983,0.0195,0.7949,0.9708,0.8741,0.505,0.5936,True Robustness,"The sign read CLOSING SALE — EVERYTHING MUST GO, but no one came. Elara ran her hand along the final shelf, each spine a world she'd visited a hundred times. Outside, screens glowed in every window. She locked the door slowly, placed the key on the step, and walked away without looking back."
creative_writing,2,sshleifer/distilbart-cnn-12-6,The last bookshop on Earth is about to close its doors forever.,Write a short story based on this prompt: {input},Write a short story based on this prompt: The last bookshop on Earth is about to close its doors forever.,Create a brief narrative inspired by: The last bookshop on Earth is about to close its doors forever.,Compose a short creative passage that explores the following idea: The last bookshop on Earth is about to close its doors forever.,Craft a short fictional piece using this concept as your starting point: The last bookshop on Earth is about to close its doors forever.,Write a vivid short narrative based on: The last bookshop on Earth is about to close its doors forever.,"Elara ran her hand along the final shelf, each spine a world she'd visited a hundred times. The sign read CLOSING SALE — EVERYTHING MUST GO, but no one came. She locked the door slowly, placed the key on the step, and walked away without looking back.","The sign read CLOSING SALE — EVERYTHING MUST GO, but no one came. Outside, screens glowed in every window. She locked the door slowly, placed the key on the step, and walked away without looking back.","She locked the door slowly, placed the key on the step, and walked away without looking back. Outside, screens glowed in every window. The sign read CLOSING SALE — EVERYTHING MUST GO, but no one came.","Outside, screens glowed in every window. Elara ran her hand along the final shelf, each spine a world she'd visited a hundred times. The sign read CLOSING SALE — EVERYTHING MUST GO, but no one came.","The sign read CLOSING SALE — EVERYTHING MUST GO, but no one came. Outside, screens glowed in every window. Elara ran her hand along the final shelf, each spine a world she'd visited a hundred times.",8.2929,7.0334,6.1771,9.3485,7.5678,0.8113,0.8614,0.7965,0.8046,0.7896,0.94,0.7955,0.7955,0.809,0.809,0.898,0.7674,0.7442,0.7586,0.7586,0.7,0.7955,0.3864,0.427,0.6742,0.8198,0.5954,0.5664,0.5664,0.5664,0.3683,0.6992,0.1667,0.4408,0.2776,0,0,0,0,0,7.6839,0.8127,1.0816,0.8298,0.7854,0.5966,0.6229,0.3905,0.1608,0.0991,0.247,0.6987,0.0121,0.753,0.1408,0.0254,0.7844,0.9589,0.8629,0.5149,0.5854,True Robustness,"The sign read CLOSING SALE — EVERYTHING MUST GO, but no one came. Elara ran her hand along the final shelf, each spine a world she'd visited a hundred times. Outside, screens glowed in every window. She locked the door slowly, placed the key on the step, and walked away without looking back."
creative_writing,3,google/flan-t5-small,A scientist invents a machine that translates the emotions of plants.,Write a short story based on this prompt: {input},Write a short story based on this prompt: A scientist invents a machine that translates the emotions of plants.,Create a brief narrative inspired by: A scientist invents a machine that translates the emotions of plants.,Compose a short creative passage that explores the following idea: A scientist invents a machine that translates the emotions of plants.,Craft a short fictional piece using this concept as your starting point: A scientist invents a machine that translates the emotions of plants.,Write a vivid short narrative based on: A scientist invents a machine that translates the emotions of plants.,Chen adjusted the electrode behind its bark and waited. The second was: thirst.,The first thing the oak said was: patience. Chen adjusted the electrode behind its bark and waited.,"By nightfall, the oak was describing something that took her three weeks to translate — a memory, she eventually understood, of a storm from two hundred years ago..","The first thing the oak said was: patience. By nightfall, the oak was describing something that.",The second was: thirst. The first thing the oak said was: patience.,18.9225,19.3106,21.0803,17.2593,20.106,0.6601,0.6475,0.6338,0.6032,0.5974,0.4194,0.5152,0.7105,0.4923,0.3934,0.3667,0.4688,0.7027,0.4444,0.339,0.3548,0.5152,0.7105,0.4923,0.2623,0.0494,0.1283,0.4386,0.0974,0.0352,0.3027,0.5077,0.7165,0.491,0.1006,0,0,0,0,0,19.3357,0.6284,1.2743,0.5062,0.4643,0.467,0.1498,0.4237,0.1528,0.1482,0.4912,0.6342,0.1191,0.5088,0.0659,0.0245,0.6022,0.9776,0.7453,0.3558,0.3282,Stochastic Luck,"The first thing the oak said was: patience. The second was: thirst. Dr. Chen adjusted the electrode behind its bark and waited. By nightfall, the oak was describing something that took her three weeks to translate — a memory, she eventually understood, of a storm from two hundred years ago."
creative_writing,3,google/flan-t5-base,A scientist invents a machine that translates the emotions of plants.,Write a short story based on this prompt: {input},Write a short story based on this prompt: A scientist invents a machine that translates the emotions of plants.,Create a brief narrative inspired by: A scientist invents a machine that translates the emotions of plants.,Compose a short creative passage that explores the following idea: A scientist invents a machine that translates the emotions of plants.,Craft a short fictional piece using this concept as your starting point: A scientist invents a machine that translates the emotions of plants.,Write a vivid short narrative based on: A scientist invents a machine that translates the emotions of plants.,"The first thing the oak said was: patience. The second was: thirst. By nightfall, the oak was describing something that took her three weeks to translate.","The second was: thirst. By nightfall, the oak was describing something that took her three weeks to translate — a memory, she eventually understood, of a storm from two hundred years ago. Chen adjusted.",The first thing the oak said was: patience. The second was: thirst. Chen adjusted the electrode behind its bark and waited.,The first thing the oak said was: patience. Chen adjusted the electrode behind its bark and waited. The second was: thirst.,"By nightfall, the oak was describing something that took her three weeks to translate — a memory, she eventually understood, of a storm from two hundred years ago. Chen adjusted the electrode behind its bark and waited. The second was: thirst.",11.5183,13.4233,11.2152,14.2207,13.7208,0.7024,0.7289,0.7208,0.7086,0.7014,0.6933,0.8049,0.6,0.6,0.8989,0.6575,0.75,0.5588,0.5294,0.8506,0.6933,0.7561,0.6,0.5429,0.6067,0.3553,0.5603,0.2306,0.2085,0.7391,0.6876,0.714,0.5942,0.4831,0.6105,0,0,0,0,0,12.8197,0.7124,1.2171,0.7194,0.6693,0.6398,0.4188,0.6179,0.0754,0.2031,0.2992,0.8682,0.0707,0.7008,0.0949,0.0108,0.7871,0.9737,0.8705,0.5065,0.5291,True Robustness,"The first thing the oak said was: patience. The second was: thirst. Dr. Chen adjusted the electrode behind its bark and waited. By nightfall, the oak was describing something that took her three weeks to translate — a memory, she eventually understood, of a storm from two hundred years ago."
creative_writing,3,sshleifer/distilbart-cnn-12-6,A scientist invents a machine that translates the emotions of plants.,Write a short story based on this prompt: {input},Write a short story based on this prompt: A scientist invents a machine that translates the emotions of plants.,Create a brief narrative inspired by: A scientist invents a machine that translates the emotions of plants.,Compose a short creative passage that explores the following idea: A scientist invents a machine that translates the emotions of plants.,Craft a short fictional piece using this concept as your starting point: A scientist invents a machine that translates the emotions of plants.,Write a vivid short narrative based on: A scientist invents a machine that translates the emotions of plants.,"Chen adjusted the electrode behind its bark and waited. The second was: thirst. By nightfall, the oak was describing something that took her three weeks to translate — a memory, she eventually understood, of a storm from two hundred years ago.","Chen adjusted the electrode behind its bark and waited. By nightfall, the oak was describing something that took her three weeks to translate — a memory, she eventually understood, of a storm from two hundred years ago. The second was: thirst.","By nightfall, the oak was describing something that took her three weeks to translate — a memory, she eventually understood, of a storm from two hundred years ago. The second was: thirst. The first thing the.",The second was: thirst. The first thing the oak said was: patience. Chen adjusted the electrode behind its bark and waited.,"The first thing the oak said was: patience. Chen adjusted the electrode behind its bark and waited. By nightfall, the oak was describing something that took her three weeks to translate — a memory, she eventually understood, of a storm from two hundred years ago.",9.0418,9.5132,9.1169,9.3792,8.2802,0.8489,0.7802,0.845,0.8257,0.7964,0.8989,0.8989,0.8333,0.6,0.9462,0.8506,0.8736,0.7805,0.5294,0.9231,0.809,0.809,0.6429,0.4857,0.9462,0.7391,0.7714,0.5959,0.2085,0.863,0.8202,0.8202,0.6533,0.3623,0.9495,0,0,0,0,0,9.0663,0.8192,0.4287,0.8355,0.7914,0.7386,0.6356,0.7211,0.1588,0.2302,0.1848,0.7596,0.0738,0.8152,0.0473,0.0269,0.8248,0.9816,0.8964,0.6243,0.674,True Robustness,"The first thing the oak said was: patience. The second was: thirst. Dr. Chen adjusted the electrode behind its bark and waited. By nightfall, the oak was describing something that took her three weeks to translate — a memory, she eventually understood, of a storm from two hundred years ago."
creative_writing,4,google/flan-t5-small,An old map leads not to treasure but to a conversation that changes everything.,Write a short story based on this prompt: {input},Write a short story based on this prompt: An old map leads not to treasure but to a conversation that changes everything.,Create a brief narrative inspired by: An old map leads not to treasure but to a conversation that changes everything.,Compose a short creative passage that explores the following idea: An old map leads not to treasure but to a conversation that changes everything.,Craft a short fictional piece using this concept as your starting point: An old map leads not to treasure but to a conversation that changes everything.,Write a vivid short narrative based on: An old map leads not to treasure but to a conversation that changes everything.,"They talked until closing time. 'I wondered,' she said, 'if anyone would ever come.' He sat down.",The coordinates led to a diner outside Flagstaff. They talked until closing time.,The coordinates led to a diner outside Flagstaff. They talked until closing time.,They talked until closing time. The coordinates led to a diner outside Flagstaff.,"They talked until closing time. A woman his grandmother's age was already there, coffee in hand, as if she'd been.",16.2872,18.8881,18.9514,17.5503,19.0208,0.6586,0.6298,0.708,0.688,0.7117,0.5075,0.4127,0.4127,0.4127,0.6111,0.4615,0.3607,0.3607,0.3607,0.5714,0.3582,0.4127,0.4127,0.254,0.4722,0.1443,0.0576,0.0576,0.0576,0.2116,0.1667,0.4382,0.4382,0.1742,0.1594,0,0,0,0,0,18.1396,0.6792,1.0747,0.4713,0.423,0.382,0.1057,0.2753,0.0734,0.0627,0.4565,0.785,0.0905,0.5435,0.0592,0.0311,0.6608,0.9776,0.7886,0.4453,0.3011,Stochastic Luck,"The coordinates led to a diner outside Flagstaff. Booth seven. A woman his grandmother's age was already there, coffee in hand, as if she'd been waiting since the map was drawn. 'I wondered,' she said, 'if anyone would ever come.' He sat down. They talked until closing time."
creative_writing,4,google/flan-t5-base,An old map leads not to treasure but to a conversation that changes everything.,Write a short story based on this prompt: {input},Write a short story based on this prompt: An old map leads not to treasure but to a conversation that changes everything.,Create a brief narrative inspired by: An old map leads not to treasure but to a conversation that changes everything.,Compose a short creative passage that explores the following idea: An old map leads not to treasure but to a conversation that changes everything.,Craft a short fictional piece using this concept as your starting point: An old map leads not to treasure but to a conversation that changes everything.,Write a vivid short narrative based on: An old map leads not to treasure but to a conversation that changes everything.,"'I wondered,' she said, 'if anyone would ever come.' He sat down. A woman his grandmother's age was already there, coffee in hand, as if she'd been waiting since the map was drawn. They talked until closing time.","They talked until closing time. A woman his grandmother's age was already there, coffee in hand, as if she'd been waiting since the map was drawn. 'I wondered,' she said, 'if anyone would ever come.' He sat down.","A woman his grandmother's age was already there, coffee in hand, as if she'd been waiting since the map was drawn. They talked until closing time. The coordinates led to a diner outside Flagstaff.","They talked until closing time. A woman his grandmother's age was already there, coffee in hand, as if she'd been waiting since the map was drawn. The.","A woman his grandmother's age was already there, coffee in hand, as if she'd been waiting since the map was drawn. They talked until closing time. 'I wondered,' she said, 'if anyone would ever come.' He sat down.",12.5939,13.5931,12.959,10.8918,12.4499,0.7883,0.7206,0.6762,0.6938,0.7844,0.8889,0.8889,0.8372,0.7342,0.8889,0.8409,0.8636,0.7857,0.6753,0.8409,0.6222,0.7778,0.6512,0.5823,0.7778,0.7022,0.7359,0.5978,0.4128,0.7022,0.2628,0.1273,0.6072,0.1455,0.5873,0,0,0,0,0,12.4975,0.7327,0.8948,0.8476,0.8013,0.6823,0.6302,0.346,0.081,0.1182,0.1225,0.8672,0.0184,0.8775,0.0716,0.0461,0.8987,0.971,0.9335,0.7112,0.6713,True Robustness,"The coordinates led to a diner outside Flagstaff. Booth seven. A woman his grandmother's age was already there, coffee in hand, as if she'd been waiting since the map was drawn. 'I wondered,' she said, 'if anyone would ever come.' He sat down. They talked until closing time."
creative_writing,4,sshleifer/distilbart-cnn-12-6,An old map leads not to treasure but to a conversation that changes everything.,Write a short story based on this prompt: {input},Write a short story based on this prompt: An old map leads not to treasure but to a conversation that changes everything.,Create a brief narrative inspired by: An old map leads not to treasure but to a conversation that changes everything.,Compose a short creative passage that explores the following idea: An old map leads not to treasure but to a conversation that changes everything.,Craft a short fictional piece using this concept as your starting point: An old map leads not to treasure but to a conversation that changes everything.,Write a vivid short narrative based on: An old map leads not to treasure but to a conversation that changes everything.,"They talked until closing time. A woman his grandmother's age was already there, coffee in hand, as if she'd been waiting since the map was drawn. The coordinates led to a diner outside Flagstaff.","They talked until closing time. The coordinates led to a diner outside Flagstaff. 'I wondered,' she said, 'if anyone would ever come.' He sat down.","A woman his grandmother's age was already there, coffee in hand, as if she'd been waiting since the map was drawn. 'I wondered,' she said, 'if anyone would ever come.' He sat down. They talked until closing time.","They talked until closing time. A woman his grandmother's age was already there, coffee in hand, as if she'd been waiting since the map was drawn. 'I wondered,' she said, 'if anyone would ever come.' He sat down.","'I wondered,' she said, 'if anyone would ever come.' He sat down. The coordinates led to a diner outside Flagstaff. A woman his grandmother's age was already there, coffee in hand, as if she'd been waiting since the map was drawn.",10.4931,7.6495,8.5402,9.308,7.9168,0.8446,0.8296,0.8213,0.7754,0.8191,0.8372,0.6667,0.8889,0.8889,0.9247,0.7857,0.6027,0.8864,0.8636,0.8791,0.5349,0.5333,0.8889,0.7778,0.6667,0.5978,0.3433,0.7686,0.7359,0.776,0.1316,0.1469,0.8706,0.1273,0.1584,0,0,0,0,0,8.7815,0.818,1.029,0.8413,0.8035,0.6803,0.6443,0.287,0.1385,0.1637,0.2462,0.7723,0.0464,0.7538,0.1172,0.0231,0.8005,0.9653,0.8752,0.5641,0.6387,True Robustness,"The coordinates led to a diner outside Flagstaff. Booth seven. A woman his grandmother's age was already there, coffee in hand, as if she'd been waiting since the map was drawn. 'I wondered,' she said, 'if anyone would ever come.' He sat down. They talked until closing time."
dialogue,0,google/flan-t5-small,User: I need to find a cheap hotel in the north part of town. Assistant: I found a few options. Do you have a preference for the number of stars? User: I'd like at least 3 stars please.,Continue this conversation as a helpful assistant: {input},Continue this conversation as a helpful assistant: User: I need to find a cheap hotel in the north part of town. Assistant: I found a few options. Do you have a preference for the number of stars? User: I'd like at least 3 stars please.,Respond naturally to the following dialogue: User: I need to find a cheap hotel in the north part of town. Assistant: I found a few options. Do you have a preference for the number of stars? User: I'd like at least 3 stars please.,Provide a helpful and coherent reply to the conversation below: User: I need to find a cheap hotel in the north part of town. Assistant: I found a few options. Do you have a preference for the number of stars? User: I'd like at least 3 stars please.,"As a conversational AI, continue the exchange below: User: I need to find a cheap hotel in the north part of town. Assistant: I found a few options. Do you have a preference for the number of stars? User: I'd like at least 3 stars please.",Give a relevant and informative response to this conversation: User: I need to find a cheap hotel in the north part of town. Assistant: I found a few options. Do you have a preference for the number of stars? User: I'd like at least 3 stars please.,User: I'd like at least 3 stars please. Would you like me to book it?,I have a 3-star hotel called the Ashley Hotel in the north. Assistant: I found a few options.,I have a 3-star hotel called the Ashley Hotel in the north. User: I need to find a cheap hotel in.,Assistant: I found a few options. Would you like me to book it?,I have a 3-star hotel called the Ashley Hotel in the north. Assistant: I found a few options.,22.6283,19.2354,20.4697,20.7071,15.5195,0.6431,0.6553,0.6076,0.735,0.6352,0.5556,0.6667,0.6667,0.5455,0.6667,0.4118,0.6486,0.6,0.3871,0.6486,0.5556,0.6667,0.6667,0.5455,0.6667,0.3065,0.5999,0.5471,0.3157,0.5999,0.5949,0.7143,0.7594,0.5395,0.7143,0,0,0,0,0,19.712,0.6552,2.3611,0.6202,0.5392,0.6202,0.4738,0.6645,0.057,0.1343,0.519,0.8973,0.0035,0.481,0.1198,0.0428,0.6374,0.96,0.7661,0.449,0.5262,Stochastic Luck,I have a 3-star hotel called the Ashley Hotel in the north. Would you like me to book it?
dialogue,0,google/flan-t5-base,User: I need to find a cheap hotel in the north part of town. Assistant: I found a few options. Do you have a preference for the number of stars? User: I'd like at least 3 stars please.,Continue this conversation as a helpful assistant: {input},Continue this conversation as a helpful assistant: User: I need to find a cheap hotel in the north part of town. Assistant: I found a few options. Do you have a preference for the number of stars? User: I'd like at least 3 stars please.,Respond naturally to the following dialogue: User: I need to find a cheap hotel in the north part of town. Assistant: I found a few options. Do you have a preference for the number of stars? User: I'd like at least 3 stars please.,Provide a helpful and coherent reply to the conversation below: User: I need to find a cheap hotel in the north part of town. Assistant: I found a few options. Do you have a preference for the number of stars? User: I'd like at least 3 stars please.,"As a conversational AI, continue the exchange below: User: I need to find a cheap hotel in the north part of town. Assistant: I found a few options. Do you have a preference for the number of stars? User: I'd like at least 3 stars please.",Give a relevant and informative response to this conversation: User: I need to find a cheap hotel in the north part of town. Assistant: I found a few options. Do you have a preference for the number of stars? User: I'd like at least 3 stars please.,Would you like me to book it? User: I'd like at least 3 stars please.,I have a 3-star hotel called the Ashley Hotel in the north. Assistant: I found a few options.,Would you like me to book it? User: I need to find a cheap hotel in the north part of town.,Would you like me to book it? User: I'd like at least 3 stars please.,Would you like me to book it? User: I'd like at least 3 stars please.,13.7614,10.8902,10.2274,12.9916,13.4515,0.7277,0.7041,0.7368,0.7718,0.7425,0.5556,0.6667,0.6341,0.5556,0.5556,0.4118,0.6486,0.4615,0.4118,0.4118,0.3889,0.6667,0.3415,0.3889,0.3889,0.3065,0.5999,0.3559,0.3065,0.3065,0.3671,0.7143,0.3222,0.3671,0.3671,0,0,0,0,0,12.2644,0.7366,1.4295,0.5935,0.4691,0.435,0.3751,0.4276,0.1173,0.114,0.4569,0.6985,0.0188,0.5431,0.1166,0.022,0.6522,0.9657,0.7786,0.5274,0.4371,Stochastic Luck,I have a 3-star hotel called the Ashley Hotel in the north. Would you like me to book it?
dialogue,0,sshleifer/distilbart-cnn-12-6,User: I need to find a cheap hotel in the north part of town. Assistant: I found a few options. Do you have a preference for the number of stars? User: I'd like at least 3 stars please.,Continue this conversation as a helpful assistant: {input},Continue this conversation as a helpful assistant: User: I need to find a cheap hotel in the north part of town. Assistant: I found a few options. Do you have a preference for the number of stars? User: I'd like at least 3 stars please.,Respond naturally to the following dialogue: User: I need to find a cheap hotel in the north part of town. Assistant: I found a few options. Do you have a preference for the number of stars? User: I'd like at least 3 stars please.,Provide a helpful and coherent reply to the conversation below: User: I need to find a cheap hotel in the north part of town. Assistant: I found a few options. Do you have a preference for the number of stars? User: I'd like at least 3 stars please.,"As a conversational AI, continue the exchange below: User: I need to find a cheap hotel in the north part of town. Assistant: I found a few options. Do you have a preference for the number of stars? User: I'd like at least 3 stars please.",Give a relevant and informative response to this conversation: User: I need to find a cheap hotel in the north part of town. Assistant: I found a few options. Do you have a preference for the number of stars? User: I'd like at least 3 stars please.,Would you like me to book it? I have a 3-star hotel called the Ashley Hotel in the north.,I have a 3-star hotel called the Ashley Hotel in the north. Would you like me to book it?,Would you like me to book it? I have a 3-star hotel called the Ashley Hotel in the north.,I have a 3-star hotel called the Ashley Hotel in the north. Would you like me to book it?,I have a 3-star hotel called the Ashley Hotel in the north. Would you like me to book it?,8.8457,8.7115,9.1202,8.2009,8.6985,0.7923,0.802,0.8332,0.7953,0.8239,1.0,1.0,1.0,1.0,1.0,0.9474,1.0,0.9474,1.0,1.0,0.65,1.0,0.65,1.0,1.0,0.9071,1.0,0.9071,1.0,1.0,0.6629,1.0,0.6629,1.0,1.0,0,1,0,1,1,8.7154,0.8093,0.2986,1.0,0.979,0.86,0.9628,0.8652,0.1715,0.0455,0.0,0.7771,0.0,1.0,0.0343,0.0163,0.9331,0.9874,0.9595,0.79,0.8785,True Robustness,I have a 3-star hotel called the Ashley Hotel in the north. Would you like me to book it?
dialogue,1,google/flan-t5-small,User: Can you help me book a train from Cambridge to London? Assistant: Sure! What day would you like to travel? User: I need to leave on Monday and arrive before 12:00.,Continue this conversation as a helpful assistant: {input},Continue this conversation as a helpful assistant: User: Can you help me book a train from Cambridge to London? Assistant: Sure! What day would you like to travel? User: I need to leave on Monday and arrive before 12:00.,Respond naturally to the following dialogue: User: Can you help me book a train from Cambridge to London? Assistant: Sure! What day would you like to travel? User: I need to leave on Monday and arrive before 12:00.,Provide a helpful and coherent reply to the conversation below: User: Can you help me book a train from Cambridge to London? Assistant: Sure! What day would you like to travel? User: I need to leave on Monday and arrive before 12:00.,"As a conversational AI, continue the exchange below: User: Can you help me book a train from Cambridge to London? Assistant: Sure! What day would you like to travel? User: I need to leave on Monday and arrive before 12:00.",Give a relevant and informative response to this conversation: User: Can you help me book a train from Cambridge to London? Assistant: Sure! What day would you like to travel? User: I need to leave on Monday and arrive before 12:00.,Shall I book that for you? What day would you like to travel?,What day would you like to travel? There is a train departing at 09:01 and arriving at 10:51.,What day would you like to travel? There is a train departing at 09:01 and arriving at 10:51.,Shall I book that for you? User: Can you help me book a train from Cambridge to London?,There is a train departing at 09:01 and arriving at 10:51. User: Can you help me book a train from Cambridge to London?,17.1678,18.5598,21.808,21.2605,16.5549,0.6925,0.6942,0.7276,0.6451,0.7112,0.375,0.7179,0.7179,0.4324,0.6818,0.3333,0.6486,0.6486,0.3429,0.5714,0.375,0.6667,0.6667,0.3243,0.6364,0.2798,0.5731,0.5731,0.2976,0.449,0.3562,0.6517,0.6517,0.3023,0.7255,0,0,0,0,0,19.0702,0.6941,2.1213,0.585,0.509,0.5338,0.4345,0.5375,0.1516,0.1275,0.4806,0.6824,0.0619,0.5194,0.1112,0.0276,0.6268,0.9657,0.7602,0.4499,0.4781,Stochastic Luck,There is a train departing at 09:01 and arriving at 10:51. Shall I book that for you?
dialogue,1,google/flan-t5-base,User: Can you help me book a train from Cambridge to London? Assistant: Sure! What day would you like to travel? User: I need to leave on Monday and arrive before 12:00.,Continue this conversation as a helpful assistant: {input},Continue this conversation as a helpful assistant: User: Can you help me book a train from Cambridge to London? Assistant: Sure! What day would you like to travel? User: I need to leave on Monday and arrive before 12:00.,Respond naturally to the following dialogue: User: Can you help me book a train from Cambridge to London? Assistant: Sure! What day would you like to travel? User: I need to leave on Monday and arrive before 12:00.,Provide a helpful and coherent reply to the conversation below: User: Can you help me book a train from Cambridge to London? Assistant: Sure! What day would you like to travel? User: I need to leave on Monday and arrive before 12:00.,"As a conversational AI, continue the exchange below: User: Can you help me book a train from Cambridge to London? Assistant: Sure! What day would you like to travel? User: I need to leave on Monday and arrive before 12:00.",Give a relevant and informative response to this conversation: User: Can you help me book a train from Cambridge to London? Assistant: Sure! What day would you like to travel? User: I need to leave on Monday and arrive before 12:00.,There is a train departing at 09:01 and arriving at 10:51.,There is a train departing at 09:01 and arriving at 10:51.,There is a train departing at 09:01 and arriving at 10:51.,There is a train departing at 09:01 and arriving at 10:51.,There is a train departing at 09:01 and arriving at 10:51.,15.0339,12.6778,11.426,12.8741,14.7713,0.7229,0.7282,0.7255,0.7563,0.7797,0.8125,0.8125,0.8125,0.8125,0.8125,0.8,0.8,0.8,0.8,0.8,0.8125,0.8125,0.8125,0.8125,0.8125,0.5796,0.5796,0.5796,0.5796,0.5796,0.8112,0.8112,0.8112,0.8112,0.8112,0,0,0,0,0,13.3566,0.7425,1.3591,0.8125,0.8,0.8125,0.5796,0.8112,0.0,0.0,0.0,1.0,0.0,1.0,0.1018,0.0221,1.0,0.9693,0.9844,1.0,0.7779,True Robustness,There is a train departing at 09:01 and arriving at 10:51. Shall I book that for you?
dialogue,1,sshleifer/distilbart-cnn-12-6,User: Can you help me book a train from Cambridge to London? Assistant: Sure! What day would you like to travel? User: I need to leave on Monday and arrive before 12:00.,Continue this conversation as a helpful assistant: {input},Continue this conversation as a helpful assistant: User: Can you help me book a train from Cambridge to London? Assistant: Sure! What day would you like to travel? User: I need to leave on Monday and arrive before 12:00.,Respond naturally to the following dialogue: User: Can you help me book a train from Cambridge to London? Assistant: Sure! What day would you like to travel? User: I need to leave on Monday and arrive before 12:00.,Provide a helpful and coherent reply to the conversation below: User: Can you help me book a train from Cambridge to London? Assistant: Sure! What day would you like to travel? User: I need to leave on Monday and arrive before 12:00.,"As a conversational AI, continue the exchange below: User: Can you help me book a train from Cambridge to London? Assistant: Sure! What day would you like to travel? User: I need to leave on Monday and arrive before 12:00.",Give a relevant and informative response to this conversation: User: Can you help me book a train from Cambridge to London? Assistant: Sure! What day would you like to travel? User: I need to leave on Monday and arrive before 12:00.,Shall I book that for you? There is a train departing at 09:01 and arriving at 10:51.,Shall I book that for you? There is a train departing at 09:01 and arriving at 10:51.,Shall I book that for you? There is a train departing at 09:01 and arriving at 10:51.,There is a train departing at 09:01 and arriving at 10:51. Shall I book that for you?,There is a train departing at 09:01 and arriving at 10:51. Shall I book that for you?,10.3867,7.6492,9.6794,8.7609,8.2101,0.7922,0.7914,0.7731,0.8507,0.8152,1.0,1.0,1.0,1.0,1.0,0.9444,0.9444,0.9444,1.0,1.0,0.6842,0.6842,0.6842,1.0,1.0,0.8939,0.8939,0.8939,1.0,1.0,0.6824,0.6824,0.6824,1.0,1.0,0,0,0,1,1,8.9373,0.8045,0.987,1.0,0.9666,0.8105,0.9363,0.8094,0.1547,0.052,0.0,0.7866,0.0,1.0,0.1104,0.0267,0.9365,0.9661,0.9511,0.8105,0.8546,True Robustness,There is a train departing at 09:01 and arriving at 10:51. Shall I book that for you?
dialogue,2,google/flan-t5-small,User: I'm looking for an Italian restaurant that is moderately priced. Assistant: I found several. Do you have a preference for area? User: The city centre please.,Continue this conversation as a helpful assistant: {input},Continue this conversation as a helpful assistant: User: I'm looking for an Italian restaurant that is moderately priced. Assistant: I found several. Do you have a preference for area? User: The city centre please.,Respond naturally to the following dialogue: User: I'm looking for an Italian restaurant that is moderately priced. Assistant: I found several. Do you have a preference for area? User: The city centre please.,Provide a helpful and coherent reply to the conversation below: User: I'm looking for an Italian restaurant that is moderately priced. Assistant: I found several. Do you have a preference for area? User: The city centre please.,"As a conversational AI, continue the exchange below: User: I'm looking for an Italian restaurant that is moderately priced. Assistant: I found several. Do you have a preference for area? User: The city centre please.",Give a relevant and informative response to this conversation: User: I'm looking for an Italian restaurant that is moderately priced. Assistant: I found several. Do you have a preference for area? User: The city centre please.,Do you have a preference for area? Prezzo is a moderately priced Italian restaurant in.,User: I'm looking for an Italian restaurant that is moderately priced. Prezzo is a moderately priced Italian restaurant in the city centre.,Assistant: I found several. Prezzo is a moderately priced Italian restaurant in the city centre.,User: The city centre please. Would you like their phone number?,User: I'm looking for an Italian restaurant that is moderately priced. Would you like their phone number?,17.0502,19.4859,20.0083,17.8685,20.3022,0.6348,0.6139,0.6338,0.73,0.7014,0.5625,0.55,0.6875,0.6429,0.6286,0.4667,0.5263,0.6667,0.5385,0.4242,0.5,0.55,0.6875,0.6429,0.5143,0.3621,0.4609,0.6137,0.301,0.3351,0.5474,0.562,0.6834,0.6587,0.6538,0,0,0,0,0,18.943,0.6628,1.266,0.6143,0.5245,0.5789,0.4146,0.6211,0.0737,0.1129,0.5562,0.8578,0.0477,0.4438,0.0668,0.0448,0.595,0.9725,0.7383,0.3735,0.47,Stochastic Luck,Prezzo is a moderately priced Italian restaurant in the city centre. Would you like their phone number?
dialogue,2,google/flan-t5-base,User: I'm looking for an Italian restaurant that is moderately priced. Assistant: I found several. Do you have a preference for area? User: The city centre please.,Continue this conversation as a helpful assistant: {input},Continue this conversation as a helpful assistant: User: I'm looking for an Italian restaurant that is moderately priced. Assistant: I found several. Do you have a preference for area? User: The city centre please.,Respond naturally to the following dialogue: User: I'm looking for an Italian restaurant that is moderately priced. Assistant: I found several. Do you have a preference for area? User: The city centre please.,Provide a helpful and coherent reply to the conversation below: User: I'm looking for an Italian restaurant that is moderately priced. Assistant: I found several. Do you have a preference for area? User: The city centre please.,"As a conversational AI, continue the exchange below: User: I'm looking for an Italian restaurant that is moderately priced. Assistant: I found several. Do you have a preference for area? User: The city centre please.",Give a relevant and informative response to this conversation: User: I'm looking for an Italian restaurant that is moderately priced. Assistant: I found several. Do you have a preference for area? User: The city centre please.,Would you like their phone number? User: The city centre please.,Do you have a preference for area? Prezzo is a moderately priced Italian restaurant in the city centre.,Would you like their phone number? Assistant: I found several.,Would you like their phone number? Assistant: I found several.,Would you like their phone number? User: The city centre please.,13.7664,12.4724,13.1866,10.4692,12.1791,0.7836,0.767,0.7669,0.6987,0.7429,0.6429,0.6857,0.4444,0.4444,0.6429,0.5385,0.6061,0.4,0.4,0.5385,0.4286,0.6286,0.4444,0.4444,0.4286,0.301,0.5857,0.2567,0.2567,0.301,0.4072,0.6602,0.4121,0.4121,0.4072,0,0,0,0,0,12.4147,0.7518,1.1195,0.5721,0.4966,0.4749,0.3402,0.4598,0.0772,0.1243,0.5031,0.8183,0.0536,0.4969,0.0902,0.0296,0.6346,0.9704,0.7674,0.498,0.4335,Stochastic Luck,Prezzo is a moderately priced Italian restaurant in the city centre. Would you like their phone number?
dialogue,2,sshleifer/distilbart-cnn-12-6,User: I'm looking for an Italian restaurant that is moderately priced. Assistant: I found several. Do you have a preference for area? User: The city centre please.,Continue this conversation as a helpful assistant: {input},Continue this conversation as a helpful assistant: User: I'm looking for an Italian restaurant that is moderately priced. Assistant: I found several. Do you have a preference for area? User: The city centre please.,Respond naturally to the following dialogue: User: I'm looking for an Italian restaurant that is moderately priced. Assistant: I found several. Do you have a preference for area? User: The city centre please.,Provide a helpful and coherent reply to the conversation below: User: I'm looking for an Italian restaurant that is moderately priced. Assistant: I found several. Do you have a preference for area? User: The city centre please.,"As a conversational AI, continue the exchange below: User: I'm looking for an Italian restaurant that is moderately priced. Assistant: I found several. Do you have a preference for area? User: The city centre please.",Give a relevant and informative response to this conversation: User: I'm looking for an Italian restaurant that is moderately priced. Assistant: I found several. Do you have a preference for area? User: The city centre please.,Would you like their phone number? Prezzo is a moderately priced Italian restaurant in the city centre.,Would you like their phone number? Prezzo is a moderately priced Italian restaurant in the city centre.,Prezzo is a moderately priced Italian restaurant in the city centre. Would you like their phone number?,Prezzo is a moderately priced Italian restaurant in the city centre. Would you like their phone number?,Prezzo is a moderately priced Italian restaurant in the city centre. Would you like their phone number?,8.6467,9.0492,8.537,9.0098,8.43,0.8401,0.8727,0.8516,0.8615,0.8532,1.0,1.0,1.0,1.0,1.0,0.9375,0.9375,1.0,1.0,1.0,0.6471,0.6471,1.0,1.0,1.0,0.8939,0.8939,1.0,1.0,1.0,0.6602,0.6602,1.0,1.0,1.0,0,0,1,1,1,8.7345,0.8558,0.2507,1.0,0.975,0.8588,0.9576,0.8641,0.1729,0.052,0.0,0.7749,0.0,1.0,0.0287,0.0109,0.9323,0.9901,0.9603,0.7883,0.8758,True Robustness,Prezzo is a moderately priced Italian restaurant in the city centre. Would you like their phone number?
dialogue,3,google/flan-t5-small,"User: I need a taxi to get to the train station by 3pm. Assistant: Where will you be departing from? User: From the hotel I'm staying at, the Gonville Hotel.",Continue this conversation as a helpful assistant: {input},"Continue this conversation as a helpful assistant: User: I need a taxi to get to the train station by 3pm. Assistant: Where will you be departing from? User: From the hotel I'm staying at, the Gonville Hotel.","Respond naturally to the following dialogue: User: I need a taxi to get to the train station by 3pm. Assistant: Where will you be departing from? User: From the hotel I'm staying at, the Gonville Hotel.","Provide a helpful and coherent reply to the conversation below: User: I need a taxi to get to the train station by 3pm. Assistant: Where will you be departing from? User: From the hotel I'm staying at, the Gonville Hotel.","As a conversational AI, continue the exchange below: User: I need a taxi to get to the train station by 3pm. Assistant: Where will you be departing from? User: From the hotel I'm staying at, the Gonville Hotel.","Give a relevant and informative response to this conversation: User: I need a taxi to get to the train station by 3pm. Assistant: Where will you be departing from? User: From the hotel I'm staying at, the Gonville Hotel.",Assistant: Where will you be departing from? I'll book a taxi from the Gonville Hotel to the train station arriving by 3pm.,"User: From the hotel I'm staying at, the Gonville Hotel. I'll book a taxi from the Gonville Hotel to the.","Can I get your contact number? User: From the hotel I'm staying at, the Gonville Hotel.","Can I get your contact number? User: From the hotel I'm staying at, the Gonville Hotel.",I'll book a taxi from the Gonville Hotel to the train station arriving by 3pm. User: I need a taxi to get to the train station by 3pm.,19.9586,18.3325,17.0962,17.3033,17.4137,0.6635,0.5786,0.6503,0.6878,0.5791,0.7111,0.5455,0.6154,0.6154,0.7059,0.6977,0.4762,0.4324,0.4324,0.6122,0.7111,0.5,0.3077,0.3077,0.7059,0.6572,0.3922,0.279,0.279,0.5243,0.6724,0.4486,0.3061,0.3061,0.7737,0,0,0,0,0,18.0209,0.6319,1.0574,0.6387,0.5302,0.5065,0.4263,0.5014,0.1793,0.1466,0.3503,0.6042,0.0851,0.6497,0.0587,0.0449,0.6865,0.9744,0.8055,0.473,0.4701,Stochastic Luck,I'll book a taxi from the Gonville Hotel to the train station arriving by 3pm. Can I get your contact number?
dialogue,3,google/flan-t5-base,"User: I need a taxi to get to the train station by 3pm. Assistant: Where will you be departing from? User: From the hotel I'm staying at, the Gonville Hotel.",Continue this conversation as a helpful assistant: {input},"Continue this conversation as a helpful assistant: User: I need a taxi to get to the train station by 3pm. Assistant: Where will you be departing from? User: From the hotel I'm staying at, the Gonville Hotel.","Respond naturally to the following dialogue: User: I need a taxi to get to the train station by 3pm. Assistant: Where will you be departing from? User: From the hotel I'm staying at, the Gonville Hotel.","Provide a helpful and coherent reply to the conversation below: User: I need a taxi to get to the train station by 3pm. Assistant: Where will you be departing from? User: From the hotel I'm staying at, the Gonville Hotel.","As a conversational AI, continue the exchange below: User: I need a taxi to get to the train station by 3pm. Assistant: Where will you be departing from? User: From the hotel I'm staying at, the Gonville Hotel.","Give a relevant and informative response to this conversation: User: I need a taxi to get to the train station by 3pm. Assistant: Where will you be departing from? User: From the hotel I'm staying at, the Gonville Hotel.",Can I get your contact number?,Can I get your contact number?,Can I get your contact number?,I'll book a taxi from the Gonville Hotel to the train station arriving by 3pm.,Can I get your contact number?,13.4656,12.2282,11.5777,15.0591,13.4256,0.737,0.7304,0.7309,0.7443,0.7688,0.4286,0.4286,0.4286,0.8421,0.4286,0.3846,0.3846,0.3846,0.8333,0.3846,0.4286,0.4286,0.4286,0.8421,0.4286,0.0821,0.0821,0.0821,0.6703,0.0821,0.4317,0.4317,0.4317,0.8342,0.4317,0,0,0,0,0,13.1512,0.7423,1.1952,0.5113,0.4743,0.5113,0.1997,0.5122,0.1654,0.2353,0.3615,0.6383,0.129,0.6385,0.0909,0.0142,0.6841,0.9739,0.8037,0.6364,0.4335,Stochastic Luck,I'll book a taxi from the Gonville Hotel to the train station arriving by 3pm. Can I get your contact number?
dialogue,3,sshleifer/distilbart-cnn-12-6,"User: I need a taxi to get to the train station by 3pm. Assistant: Where will you be departing from? User: From the hotel I'm staying at, the Gonville Hotel.",Continue this conversation as a helpful assistant: {input},"Continue this conversation as a helpful assistant: User: I need a taxi to get to the train station by 3pm. Assistant: Where will you be departing from? User: From the hotel I'm staying at, the Gonville Hotel.","Respond naturally to the following dialogue: User: I need a taxi to get to the train station by 3pm. Assistant: Where will you be departing from? User: From the hotel I'm staying at, the Gonville Hotel.","Provide a helpful and coherent reply to the conversation below: User: I need a taxi to get to the train station by 3pm. Assistant: Where will you be departing from? User: From the hotel I'm staying at, the Gonville Hotel.","As a conversational AI, continue the exchange below: User: I need a taxi to get to the train station by 3pm. Assistant: Where will you be departing from? User: From the hotel I'm staying at, the Gonville Hotel.","Give a relevant and informative response to this conversation: User: I need a taxi to get to the train station by 3pm. Assistant: Where will you be departing from? User: From the hotel I'm staying at, the Gonville Hotel.",Can I get your contact number? I'll book a taxi from the Gonville Hotel to the train station arriving by 3pm.,Can I get your contact number? I'll book a taxi from the Gonville Hotel to the train station arriving by 3pm.,I'll book a taxi from the Gonville Hotel to the train station arriving by 3pm. Can I get your contact number?,Can I get your contact number? I'll book a taxi from the Gonville Hotel to the train station arriving by 3pm.,I'll book a taxi from the Gonville Hotel to the train station arriving by 3pm. Can I get your contact number?,10.9514,8.27,9.5237,8.4372,8.6087,0.8741,0.7741,0.8043,0.8496,0.801,1.0,1.0,1.0,1.0,1.0,0.9524,0.9524,1.0,0.9524,1.0,0.7273,0.7273,1.0,0.7273,1.0,0.9174,0.9174,1.0,0.9174,1.0,0.7156,0.7156,1.0,0.7156,1.0,0,0,1,0,1,9.1582,0.8206,0.996,1.0,0.9714,0.8364,0.9504,0.8294,0.1336,0.0405,0.0,0.8214,0.0,1.0,0.1088,0.0361,0.9484,0.9643,0.9563,0.8364,0.8763,True Robustness,I'll book a taxi from the Gonville Hotel to the train station arriving by 3pm. Can I get your contact number?
dialogue,4,google/flan-t5-small,"User: Is there an attraction in Cambridge related to science? Assistant: Yes, the Whipple Museum is a great option. Is there anything specific you're interested in? User: I'd like the address and opening hours.",Continue this conversation as a helpful assistant: {input},"Continue this conversation as a helpful assistant: User: Is there an attraction in Cambridge related to science? Assistant: Yes, the Whipple Museum is a great option. Is there anything specific you're interested in? User: I'd like the address and ope","Respond naturally to the following dialogue: User: Is there an attraction in Cambridge related to science? Assistant: Yes, the Whipple Museum is a great option. Is there anything specific you're interested in? User: I'd like the address and opening h","Provide a helpful and coherent reply to the conversation below: User: Is there an attraction in Cambridge related to science? Assistant: Yes, the Whipple Museum is a great option. Is there anything specific you're interested in? User: I'd like the ad","As a conversational AI, continue the exchange below: User: Is there an attraction in Cambridge related to science? Assistant: Yes, the Whipple Museum is a great option. Is there anything specific you're interested in? User: I'd like the address and o","Give a relevant and informative response to this conversation: User: Is there an attraction in Cambridge related to science? Assistant: Yes, the Whipple Museum is a great option. Is there anything specific you're interested in? User: I'd like the add","User: I'd like the address and opening hours. Open Mon–Fri 12:30–16:30, free entry.","User: Is there an attraction in Cambridge related to science? Open Mon–Fri 12:30–16:30, free entry.",The Whipple Museum is on Free School Lane. User: I'd like the address and opening hours.,The Whipple Museum is on Free School Lane. User: I'd like the address and opening hours.,The Whipple Museum is on Free School Lane. Is there anything specific you're interested in?,15.5901,17.7723,19.8535,21.4575,18.1188,0.6635,0.6664,0.6463,0.7133,0.7201,0.5714,0.5556,0.5294,0.5294,0.4848,0.4848,0.4706,0.4375,0.4375,0.4516,0.5714,0.5556,0.5294,0.5294,0.4848,0.3027,0.2575,0.4429,0.4429,0.4759,0.6135,0.6145,0.6071,0.6071,0.6082,0,0,0,0,0,18.5584,0.6819,1.9851,0.5341,0.4564,0.5341,0.3844,0.6101,0.0294,0.0872,0.5541,0.9384,0.0054,0.4459,0.107,0.0293,0.6101,0.9663,0.748,0.405,0.4494,Stochastic Luck,"The Whipple Museum is on Free School Lane. Open Mon–Fri 12:30–16:30, free entry."
dialogue,4,google/flan-t5-base,"User: Is there an attraction in Cambridge related to science? Assistant: Yes, the Whipple Museum is a great option. Is there anything specific you're interested in? User: I'd like the address and opening hours.",Continue this conversation as a helpful assistant: {input},"Continue this conversation as a helpful assistant: User: Is there an attraction in Cambridge related to science? Assistant: Yes, the Whipple Museum is a great option. Is there anything specific you're interested in? User: I'd like the address and ope","Respond naturally to the following dialogue: User: Is there an attraction in Cambridge related to science? Assistant: Yes, the Whipple Museum is a great option. Is there anything specific you're interested in? User: I'd like the address and opening h","Provide a helpful and coherent reply to the conversation below: User: Is there an attraction in Cambridge related to science? Assistant: Yes, the Whipple Museum is a great option. Is there anything specific you're interested in? User: I'd like the ad","As a conversational AI, continue the exchange below: User: Is there an attraction in Cambridge related to science? Assistant: Yes, the Whipple Museum is a great option. Is there anything specific you're interested in? User: I'd like the address and o","Give a relevant and informative response to this conversation: User: Is there an attraction in Cambridge related to science? Assistant: Yes, the Whipple Museum is a great option. Is there anything specific you're interested in? User: I'd like the add","Assistant: Yes, the Whipple Museum is a great option. Open Mon–Fri 12:30–16:30, free entry.","Assistant: Yes, the Whipple Museum is a great option. Open Mon–Fri 12:30–16:30, free entry.","Assistant: Yes, the Whipple Museum is a great option. The Whipple Museum is on Free School Lane.","User: Is there an attraction in Cambridge related to science? Open Mon–Fri 12:30–16:30, free entry.",The Whipple Museum is on Free School Lane. User: Is there an attraction in Cambridge related to science?,13.3346,13.1434,10.8996,12.8188,11.252,0.6753,0.7407,0.6713,0.7398,0.7772,0.7429,0.7429,0.4706,0.5556,0.4571,0.6667,0.6667,0.4375,0.4706,0.4242,0.7429,0.7429,0.4706,0.5556,0.4571,0.4453,0.4453,0.4141,0.2575,0.3889,0.7719,0.7719,0.4773,0.6145,0.5761,0,0,0,0,0,12.2897,0.7209,1.0109,0.5938,0.5331,0.5938,0.3902,0.6423,0.1263,0.0696,0.4634,0.7622,0.0195,0.5366,0.0823,0.0411,0.6602,0.9696,0.7855,0.4888,0.4963,Stochastic Luck,"The Whipple Museum is on Free School Lane. Open Mon–Fri 12:30–16:30, free entry."
dialogue,4,sshleifer/distilbart-cnn-12-6,"User: Is there an attraction in Cambridge related to science? Assistant: Yes, the Whipple Museum is a great option. Is there anything specific you're interested in? User: I'd like the address and opening hours.",Continue this conversation as a helpful assistant: {input},"Continue this conversation as a helpful assistant: User: Is there an attraction in Cambridge related to science? Assistant: Yes, the Whipple Museum is a great option. Is there anything specific you're interested in? User: I'd like the address and ope","Respond naturally to the following dialogue: User: Is there an attraction in Cambridge related to science? Assistant: Yes, the Whipple Museum is a great option. Is there anything specific you're interested in? User: I'd like the address and opening h","Provide a helpful and coherent reply to the conversation below: User: Is there an attraction in Cambridge related to science? Assistant: Yes, the Whipple Museum is a great option. Is there anything specific you're interested in? User: I'd like the ad","As a conversational AI, continue the exchange below: User: Is there an attraction in Cambridge related to science? Assistant: Yes, the Whipple Museum is a great option. Is there anything specific you're interested in? User: I'd like the address and o","Give a relevant and informative response to this conversation: User: Is there an attraction in Cambridge related to science? Assistant: Yes, the Whipple Museum is a great option. Is there anything specific you're interested in? User: I'd like the add","The Whipple Museum is on Free School Lane. Open Mon–Fri 12:30–16:30, free entry.","Open Mon–Fri 12:30–16:30, free entry. The Whipple Museum is on Free School Lane.","The Whipple Museum is on Free School Lane. Open Mon–Fri 12:30–16:30, free entry.","The Whipple Museum is on Free School Lane. Open Mon–Fri 12:30–16:30, free entry.","The Whipple Museum is on Free School Lane. Open Mon–Fri 12:30–16:30, free entry.",9.0824,8.4568,8.0336,8.634,9.0564,0.7793,0.7841,0.8254,0.8086,0.8127,1.0,1.0,1.0,1.0,1.0,1.0,0.9375,1.0,1.0,1.0,1.0,0.5294,1.0,1.0,1.0,1.0,0.8512,1.0,1.0,1.0,1.0,0.525,1.0,1.0,1.0,1,0,1,1,1,8.6526,0.802,0.3923,1.0,0.9875,0.9059,0.9702,0.905,0.1882,0.0595,0.0,0.7677,0.0,1.0,0.0453,0.0176,0.9297,0.9844,0.9563,0.8118,0.9049,True Robustness,"The Whipple Museum is on Free School Lane. Open Mon–Fri 12:30–16:30, free entry."
