article_id,seed_id,pool,dimension,cs_mean,sensitivity,diagnosis
art_0000,A01,A,Direct Command,0.8794452872795936,0.6813208805870581,Fragile
art_0000,A02,A,Direct Command,0.7907769783185078,0.7447965310206803,Fragile
art_0000,A03,A,Direct Command,0.864350852675927,0.48599066044029354,True Robustness
art_0000,A04,A,Direct Command,0.8436476454520837,0.7065710473649099,Fragile
art_0000,A05,A,Question Form,0.6034223769719784,0.8746164109406271,Unreliable
art_0000,A06,A,Question Form,0.7944963083435327,0.7025350233488992,Fragile
art_0000,A07,A,Question Form,0.7647145868111879,0.5570380253502335,Fragile
art_0000,A08,A,Question Form,0.5669711300959954,0.5870580386924615,Unreliable
art_0000,A09,A,Role Based,0.8308242467733531,0.668812541694463,Fragile
art_0000,A10,A,Role Based,0.8523327585978385,0.2858572381587725,True Robustness
art_0000,A11,A,Role Based,0.6270731798349284,0.9639759839893263,Unreliable
art_0000,A12,A,Role Based,0.8285320405012522,0.5683122081387593,Fragile
art_0000,A13,A,Constraint Based,0.7940113177666297,0.22401601067378255,True Robustness
art_0000,A14,A,Constraint Based,0.8519229915661689,0.25253502334889927,True Robustness
art_0000,A15,A,Constraint Based,0.5208984292470492,0.7482655103402267,Unreliable
art_0000,A16,A,Analytical Framing,0.8328493413252708,0.468679119412942,True Robustness
art_0000,A17,A,Analytical Framing,0.6500873332604384,0.8469312875250167,Fragile
art_0000,A18,A,Analytical Framing,0.7745714634656906,0.5821214142761842,Fragile
art_0000,A19,A,Analytical Framing,0.5400543077251849,0.8448298865910607,Unreliable
art_0000,A20,A,Output Format,0.8133300240987387,0.5448298865910607,Fragile
art_0000,A21,A,Output Format,0.7450815836588541,0.5493662441627751,Fragile
art_0000,A22,A,Output Format,0.7908693154652914,0.29876584389593064,True Robustness
art_0000,A23,A,Audience Perspective,0.5523676251371702,0.7403602401601067,Unreliable
art_0000,A24,A,Audience Perspective,0.8029532508972365,0.7455637091394263,Fragile
art_0000,A25,A,Audience Perspective,0.650109738493577,0.6643762508338893,Fragile
art_0000,A26,A,Emphasis Focus,0.7698554010727466,0.5482321547698467,Fragile
art_0000,A27,A,Emphasis Focus,0.8644137157079501,0.33799199466310875,True Robustness
art_0000,A28,A,Emphasis Focus,0.7502382134015743,0.6648098732488327,Fragile
art_0000,A29,A,Tone Register,0.8620703942500629,0.41851234156104067,True Robustness
art_0000,A30,A,Tone Register,0.755828565129867,0.6878585723815878,Fragile
art_0000,A31,A,Tone Register,0.9172460089127222,0.2830553702468312,True Robustness
art_0000,A32,A,Tone Register,0.8272663156191508,0.7463642428285524,Fragile
art_0000,A33,A,Completeness Framing,0.7784055994871335,0.7303869246164109,Fragile
art_0000,A34,A,Completeness Framing,0.8755143663057915,0.5564709806537692,Fragile
art_0000,A35,A,Completeness Framing,0.8744568561132139,0.7354236157438292,Fragile
art_0000,B01,B,Lexical Filter,0.28594110390314686,0.7386924616410941,Unreliable
art_0000,B02,B,Lexical Filter,0.8735146793799524,0.5293862575050033,Fragile
art_0000,B03,B,Lexical Filter,0.8263079929046141,0.545530353569046,Fragile
art_0000,B04,B,Theme Isolation,0.38187907521541303,0.9618078719146097,Unreliable
art_0000,B05,B,Theme Isolation,0.8017287666981038,0.5886257505003336,Fragile
art_0000,B06,B,Theme Isolation,0.6521739008334967,0.7298198799199467,Fragile
art_0000,B07,B,Theme Isolation,0.7835567264984816,0.6096731154102735,Fragile
art_0000,B08,B,Theme Isolation,0.7194664547076592,0.41817878585723817,True Robustness
art_0000,B09,B,Persona / Tone,0.7813964596925639,0.3907605070046698,True Robustness
art_0000,B10,B,Persona / Tone,0.5118081302214891,0.32575050033355574,Consistently Poor
art_0000,B11,B,Persona / Tone,0.847908629056735,0.46737825216811213,True Robustness
art_0000,B12,B,Persona / Tone,0.5953935641508836,0.8629753168779186,Unreliable
art_0000,B13,B,Persona / Tone,0.7896995521508731,0.2607738492328219,True Robustness
art_0000,B14,B,Persona / Tone,0.6822511909099725,0.6225817211474316,Fragile
art_0000,B15,B,Meta-reflection,0.7881760788269533,0.8576050700466977,Fragile
art_0001,A01,A,Direct Command,0.6075093724109508,0.4589726484322882,Consistently Poor
art_0001,A02,A,Direct Command,0.6335942507893951,0.5263509006004002,Unreliable
art_0001,A03,A,Direct Command,0.6536413337345476,0.6252168112074716,Fragile
art_0001,A04,A,Direct Command,0.6408469224417651,0.20620413609072713,Consistently Poor
art_0001,A05,A,Question Form,0.6004709628997026,0.6558038692461641,Unreliable
art_0001,A06,A,Question Form,0.6442014933736236,0.24573048699132755,Consistently Poor
art_0001,A07,A,Question Form,0.6151950199294973,0.747631754503002,Unreliable
art_0001,A08,A,Question Form,0.6201849966137497,0.27888592394929956,Consistently Poor
art_0001,A09,A,Role Based,0.6107560517611327,0.23509006004002672,Consistently Poor
art_0001,A10,A,Role Based,0.6710077248237751,0.2565043362241494,True Robustness
art_0001,A11,A,Role Based,0.6254881410687058,0.4984989993328886,Unreliable
art_0001,A12,A,Role Based,0.6386149718805596,0.64342895263509,Unreliable
art_0001,A13,A,Constraint Based,0.5645316419778047,0.31837891927951967,Consistently Poor
art_0001,A14,A,Constraint Based,0.6989127728674146,0.1761174116077385,True Robustness
art_0001,A15,A,Constraint Based,0.6132916344536675,0.12178118745830553,Consistently Poor
art_0001,A16,A,Analytical Framing,0.6932878792285918,0.3084056037358239,True Robustness
art_0001,A17,A,Analytical Framing,0.6156877671126966,0.4707471647765177,Consistently Poor
art_0001,A18,A,Analytical Framing,0.6592011860123387,0.2218812541694463,True Robustness
art_0001,A19,A,Analytical Framing,0.6159773209580669,0.2793529019346231,Consistently Poor
art_0001,A20,A,Output Format,0.6503086785475413,0.4303202134756504,True Robustness
art_0001,A21,A,Output Format,0.6653737492031521,0.5009006004002668,Fragile
art_0001,A22,A,Output Format,0.6601825262661333,0.33232154769846567,True Robustness
art_0001,A23,A,Audience Perspective,0.6444826275110245,0.6005003335557038,Unreliable
art_0001,A24,A,Audience Perspective,0.6082448782744231,0.39466310873915944,Consistently Poor
art_0001,A25,A,Audience Perspective,0.607555580911813,0.38625750500333556,Consistently Poor
art_0001,A26,A,Emphasis Focus,0.6909049048467918,0.49829886591060707,Fragile
art_0001,A27,A,Emphasis Focus,0.7874038749270968,0.05620413609072715,True Robustness
art_0001,A28,A,Emphasis Focus,0.6055052766093502,0.5300533689126083,Unreliable
art_0001,A29,A,Tone Register,0.6629476905972869,0.3944963308872581,True Robustness
art_0001,A30,A,Tone Register,0.6273289013791968,0.5449299533022014,Unreliable
art_0001,A31,A,Tone Register,0.7472875085141922,0.45133422281521013,True Robustness
art_0001,A32,A,Tone Register,0.667535861885106,0.20527018012008005,True Robustness
art_0001,A33,A,Completeness Framing,0.6152605248822106,0.6050366911274183,Unreliable
art_0001,A34,A,Completeness Framing,0.7167200440609897,0.3259839893262175,True Robustness
art_0001,A35,A,Completeness Framing,0.6731943350147319,0.3502001334222815,True Robustness
art_0001,B01,B,Lexical Filter,0.35179840138664953,0.22618412274849897,Consistently Poor
art_0001,B02,B,Lexical Filter,0.63828017755791,0.390260173448966,Consistently Poor
art_0001,B03,B,Lexical Filter,0.6762441313929027,0.610673782521681,Fragile
art_0001,B04,B,Theme Isolation,0.5487465488689917,0.7560707138092061,Unreliable
art_0001,B05,B,Theme Isolation,0.628408204074259,0.5029019346230821,Unreliable
art_0001,B06,B,Theme Isolation,0.5837233480479982,0.48755837224816545,Consistently Poor
art_0001,B07,B,Theme Isolation,0.6248187064020722,0.39042695130086724,Consistently Poor
art_0001,B08,B,Theme Isolation,0.6382045149803162,0.40673782521681123,Consistently Poor
art_0001,B09,B,Persona / Tone,0.562411261929406,0.4335890593729153,Consistently Poor
art_0001,B10,B,Persona / Tone,0.579217690008658,0.26177451634422955,Consistently Poor
art_0001,B11,B,Persona / Tone,0.6317072113355001,0.3482988659106071,Consistently Poor
art_0001,B12,B,Persona / Tone,0.6667595545450846,0.5576050700466979,Fragile
art_0001,B13,B,Persona / Tone,0.6349145278886511,0.48812541694462974,Consistently Poor
art_0001,B14,B,Persona / Tone,0.610387318664127,0.5515343562374917,Unreliable
art_0001,B15,B,Meta-reflection,0.601930809793649,0.721714476317545,Unreliable
art_0002,A01,A,Direct Command,0.8251549949248632,0.43772515010006674,True Robustness
art_0002,A02,A,Direct Command,0.6384718989332517,0.8934623082054702,Unreliable
art_0002,A03,A,Direct Command,0.8121718115666333,0.2987991994663109,True Robustness
art_0002,A04,A,Direct Command,0.8251571503340029,0.2439959973315544,True Robustness
art_0002,A05,A,Question Form,0.4901736802330204,0.5765176784523015,Unreliable
art_0002,A06,A,Question Form,0.5973534648324929,0.6155770513675785,Unreliable
art_0002,A07,A,Question Form,0.4769255390354232,0.683422281521014,Unreliable
art_0002,A08,A,Question Form,0.5386423591305228,0.7795530353569046,Unreliable
art_0002,A09,A,Role Based,0.851638314186358,0.6123082054703136,Fragile
art_0002,A10,A,Role Based,0.7976099699735641,0.3235823882588392,True Robustness
art_0002,A11,A,Role Based,0.7748198456623975,0.5018679119412942,Fragile
art_0002,A12,A,Role Based,0.8146128607731239,0.4544362908605737,True Robustness
art_0002,A13,A,Constraint Based,0.7413284866248859,0.6283855903935958,Fragile
art_0002,A14,A,Constraint Based,0.6804284305841315,0.547765176784523,Fragile
art_0002,A15,A,Constraint Based,0.7228723486848906,0.4458639092728486,True Robustness
art_0002,A16,A,Analytical Framing,0.6937271571334671,0.7492995330220147,Fragile
art_0002,A17,A,Analytical Framing,0.5922529016639672,0.7837558372248166,Unreliable
art_0002,A18,A,Analytical Framing,0.575877828633084,0.6349232821881254,Unreliable
art_0002,A19,A,Analytical Framing,0.4247404824869305,0.8473315543695796,Unreliable
art_0002,A20,A,Output Format,0.7705770903358272,0.5804202801867911,Fragile
art_0002,A21,A,Output Format,0.859489238729664,0.2756504336224149,True Robustness
art_0002,A22,A,Output Format,0.7497185877725189,0.42878585723815876,True Robustness
art_0002,A23,A,Audience Perspective,0.5312394767123111,0.9725817211474317,Unreliable
art_0002,A24,A,Audience Perspective,0.8436482352953331,0.46801200800533693,True Robustness
art_0002,A25,A,Audience Perspective,0.8066260502034543,0.62895263509006,Fragile
art_0002,A26,A,Emphasis Focus,0.7148281271551169,0.7709806537691793,Fragile
art_0002,A27,A,Emphasis Focus,0.7054978030569413,0.3875583722481655,True Robustness
art_0002,A28,A,Emphasis Focus,0.7052592541657242,0.6740493662441628,Fragile
art_0002,A29,A,Tone Register,0.8148063321908315,0.5127084723148766,Fragile
art_0002,A30,A,Tone Register,0.7519149891301696,0.8867911941294195,Fragile
art_0002,A31,A,Tone Register,0.820873237415856,0.45130086724482993,True Robustness
art_0002,A32,A,Tone Register,0.8214453058499916,0.6710140093395597,Fragile
art_0002,A33,A,Completeness Framing,0.5554311921199163,0.5347231487658439,Unreliable
art_0002,A34,A,Completeness Framing,0.7821064091780606,0.5357571714476318,Fragile
art_0002,A35,A,Completeness Framing,0.8330673782848845,0.6089726484322882,Fragile
art_0002,B01,B,Lexical Filter,0.24108198095186084,0.49543028685790524,Unreliable
art_0002,B02,B,Lexical Filter,0.8516662924313079,0.5175783855903936,Fragile
art_0002,B03,B,Lexical Filter,0.7943068184688978,0.7119079386257505,Fragile
art_0002,B04,B,Theme Isolation,0.481477890967154,0.9860907271514343,Unreliable
art_0002,B05,B,Theme Isolation,0.6129776848589673,0.788559039359573,Unreliable
art_0002,B06,B,Theme Isolation,0.37073682175547473,0.6452635090060039,Unreliable
art_0002,B07,B,Theme Isolation,0.7236099739869436,0.5919946631087392,Fragile
art_0002,B08,B,Theme Isolation,0.46013225819550313,0.6219479653102068,Unreliable
art_0002,B09,B,Persona / Tone,0.5661723301106808,0.27858572381587726,Consistently Poor
art_0002,B10,B,Persona / Tone,0.5985485717069868,0.7321547698465644,Unreliable
art_0002,B11,B,Persona / Tone,0.7524605031106986,0.5234489659773183,Fragile
art_0002,B12,B,Persona / Tone,0.6949540618587943,0.9082721814543029,Fragile
art_0002,B13,B,Persona / Tone,0.6378588482153181,0.7161440960640427,Unreliable
art_0002,B14,B,Persona / Tone,0.39900456763365694,0.5225817211474316,Unreliable
art_0002,B15,B,Meta-reflection,0.754501248107237,0.37408272181454305,True Robustness
art_0003,A01,A,Direct Command,0.7783875366051992,0.2721147431621081,True Robustness
art_0003,A02,A,Direct Command,0.7908236126104992,0.8794196130753836,Fragile
art_0003,A03,A,Direct Command,0.8133009344339369,0.3419613075383589,True Robustness
art_0003,A04,A,Direct Command,0.8603745957215626,0.5465643762508339,Fragile
art_0003,A05,A,Question Form,0.632901789744695,0.5893929286190793,Unreliable
art_0003,A06,A,Question Form,0.7173893282810847,0.4384256170780521,True Robustness
art_0003,A07,A,Question Form,0.5860463291406631,0.8768845897264843,Unreliable
art_0003,A08,A,Question Form,0.6072429170211157,0.6023015343562375,Unreliable
art_0003,A09,A,Role Based,0.7975912868976592,0.5202468312208139,Fragile
art_0003,A10,A,Role Based,0.8893538534641267,0.23569046030687124,True Robustness
art_0003,A11,A,Role Based,0.6664272139469782,0.7959639759839894,Fragile
art_0003,A12,A,Role Based,0.7615697622299193,0.603535690460307,Fragile
art_0003,A13,A,Constraint Based,0.6298779914776484,0.31087391594396263,Consistently Poor
art_0003,A14,A,Constraint Based,0.7116179903348288,0.401834556370914,True Robustness
art_0003,A15,A,Constraint Based,0.5907181938489278,0.6171447631754503,Unreliable
art_0003,A16,A,Analytical Framing,0.7866039206584294,0.8607071380920613,Fragile
art_0003,A17,A,Analytical Framing,0.6314192523558935,0.5937958639092729,Unreliable
art_0003,A18,A,Analytical Framing,0.7666657080252967,0.47595063375583724,True Robustness
art_0003,A19,A,Analytical Framing,0.4813395430644352,0.8818545697131421,Unreliable
art_0003,A20,A,Output Format,0.8259227951367696,0.33659106070713807,True Robustness
art_0003,A21,A,Output Format,0.7281105885903041,0.3944963308872581,True Robustness
art_0003,A22,A,Output Format,0.8916136731704075,0.27271514342895264,True Robustness
art_0003,A23,A,Audience Perspective,0.6758251210053762,0.6772848565710473,Fragile
art_0003,A24,A,Audience Perspective,0.7326497425635655,0.3862908605737158,True Robustness
art_0003,A25,A,Audience Perspective,0.7784456928571065,0.6409939959973316,Fragile
art_0003,A26,A,Emphasis Focus,0.6750646114349365,0.6886591060707137,Fragile
art_0003,A27,A,Emphasis Focus,0.6795342276493708,0.1898932621747832,True Robustness
art_0003,A28,A,Emphasis Focus,0.593326265613238,0.6319212808539026,Unreliable
art_0003,A29,A,Tone Register,0.8578096191088359,0.45383589059372914,True Robustness
art_0003,A30,A,Tone Register,0.7075990388790766,0.5108739159439626,Fragile
art_0003,A31,A,Tone Register,0.8582401672999064,0.5509006004002668,Fragile
art_0003,A32,A,Tone Register,0.7481352329254151,0.64079386257505,Fragile
art_0003,A33,A,Completeness Framing,0.6932161728541056,0.4005670446964643,True Robustness
art_0003,A34,A,Completeness Framing,0.887646280725797,0.21494329553035357,True Robustness
art_0003,A35,A,Completeness Framing,0.8064261446396509,0.5513008672448299,Fragile
art_0003,B01,B,Lexical Filter,0.43369602560997017,0.27011340893929286,Consistently Poor
art_0003,B02,B,Lexical Filter,0.8695755491654077,0.656971314209473,Fragile
art_0003,B03,B,Lexical Filter,0.6803512414296469,0.48322214809873254,True Robustness
art_0003,B04,B,Theme Isolation,0.4653252730766932,0.661174116077385,Unreliable
art_0003,B05,B,Theme Isolation,0.660838199655215,0.6854903268845898,Fragile
art_0003,B06,B,Theme Isolation,0.4708434745669365,0.6842228152101402,Unreliable
art_0003,B07,B,Theme Isolation,0.7358883718649546,0.4659439626417612,True Robustness
art_0003,B08,B,Theme Isolation,0.5587721168994905,0.9346897931954636,Unreliable
art_0003,B09,B,Persona / Tone,0.6140698363383611,0.5515343562374917,Unreliable
art_0003,B10,B,Persona / Tone,0.5895212133725485,0.2907938625750501,Consistently Poor
art_0003,B11,B,Persona / Tone,0.8123664985100428,0.49933288859239494,Fragile
art_0003,B12,B,Persona / Tone,0.7173163878917693,0.5612408272181454,Fragile
art_0003,B13,B,Persona / Tone,0.7575668503840766,0.6339559706470982,Fragile
art_0003,B14,B,Persona / Tone,0.6362903962532679,0.7858905937291528,Unreliable
art_0003,B15,B,Meta-reflection,0.7100649019082388,0.6029686457638426,Fragile
art_0004,A01,A,Direct Command,0.6262521059849323,0.2369246164109406,Consistently Poor
art_0004,A02,A,Direct Command,0.5509441706996698,0.7051034022681787,Unreliable
art_0004,A03,A,Direct Command,0.6549911124584002,0.30957304869913277,True Robustness
art_0004,A04,A,Direct Command,0.633434391174561,0.36304202801867913,Consistently Poor
art_0004,A05,A,Question Form,0.42517695021935004,0.808805870580387,Unreliable
art_0004,A06,A,Question Form,0.5527660686236161,0.630787191460974,Unreliable
art_0004,A07,A,Question Form,0.30055868205351705,0.8150100066711141,Unreliable
art_0004,A08,A,Question Form,0.36742285390694934,0.62895263509006,Unreliable
art_0004,A09,A,Role Based,0.6954822983497229,0.35,True Robustness
art_0004,A10,A,Role Based,0.5868398738213075,0.30340226817878585,Consistently Poor
art_0004,A11,A,Role Based,0.6321356663337121,0.3583055370246831,Consistently Poor
art_0004,A12,A,Role Based,0.6900181223948797,0.31947965310206805,True Robustness
art_0004,A13,A,Constraint Based,0.4846392124891281,0.5388925950633756,Unreliable
art_0004,A14,A,Constraint Based,0.6223367922581159,0.33729152768512344,Consistently Poor
art_0004,A15,A,Constraint Based,0.46414256325134867,0.3015677118078719,Consistently Poor
art_0004,A16,A,Analytical Framing,0.6000965604415306,0.7710807204803202,Unreliable
art_0004,A17,A,Analytical Framing,0.4575621034854498,0.7362908605737158,Unreliable
art_0004,A18,A,Analytical Framing,0.47251568276148576,0.6461641094062709,Unreliable
art_0004,A19,A,Analytical Framing,0.30836290006454176,0.6871914609739826,Unreliable
art_0004,A20,A,Output Format,0.6535502297756,0.2795530353569046,True Robustness
art_0004,A21,A,Output Format,0.5160118838151296,0.40720480320213476,Consistently Poor
art_0004,A22,A,Output Format,0.5424052740518864,0.1320547031354236,Consistently Poor
art_0004,A23,A,Audience Perspective,0.4943072604827392,0.42928619079386254,Consistently Poor
art_0004,A24,A,Audience Perspective,0.6743309035515174,0.21417611741160775,True Robustness
art_0004,A25,A,Audience Perspective,0.5633394152690203,0.45597064709806545,Consistently Poor
art_0004,A26,A,Emphasis Focus,0.4986835882449762,0.3938959306204136,Consistently Poor
art_0004,A27,A,Emphasis Focus,0.542487369515957,0.0833555703802535,Consistently Poor
art_0004,A28,A,Emphasis Focus,0.4122951749043587,0.5913609072715144,Unreliable
art_0004,A29,A,Tone Register,0.6665558303013825,0.07308205470313543,True Robustness
art_0004,A30,A,Tone Register,0.6462476222943038,0.5249166110740494,Fragile
art_0004,A31,A,Tone Register,0.6040016332497964,0.6104402935290193,Unreliable
art_0004,A32,A,Tone Register,0.5835366547107697,0.5591394262841894,Unreliable
art_0004,A33,A,Completeness Framing,0.3709540160802695,0.6978318879252835,Unreliable
art_0004,A34,A,Completeness Framing,0.6365705105738763,0.281187458305537,Consistently Poor
art_0004,A35,A,Completeness Framing,0.6283665322340451,0.4041027351567712,Consistently Poor
art_0004,B01,B,Lexical Filter,0.3555999360023401,0.3021681120747165,Consistently Poor
art_0004,B02,B,Lexical Filter,0.6149390240510305,0.5978318879252835,Unreliable
art_0004,B03,B,Lexical Filter,0.5521232810540077,0.49376250833889257,Consistently Poor
art_0004,B04,B,Theme Isolation,0.49637306309663326,0.48135423615743833,Consistently Poor
art_0004,B05,B,Theme Isolation,0.470703111627163,0.3483322214809873,Consistently Poor
art_0004,B06,B,Theme Isolation,0.32773474565683264,0.4259506337558372,Consistently Poor
art_0004,B07,B,Theme Isolation,0.5977025104638858,0.576717811874583,Unreliable
art_0004,B08,B,Theme Isolation,0.5610765753648219,0.6252168112074717,Unreliable
art_0004,B09,B,Persona / Tone,0.48850035247130275,0.37848565710473653,Consistently Poor
art_0004,B10,B,Persona / Tone,0.4336465669748111,0.1971314209472982,Consistently Poor
art_0004,B11,B,Persona / Tone,0.7039522861058894,0.3736490993995998,True Robustness
art_0004,B12,B,Persona / Tone,0.5059636106857887,0.7145430286857906,Unreliable
art_0004,B13,B,Persona / Tone,0.6160147556891807,0.4867578385590393,Consistently Poor
art_0004,B14,B,Persona / Tone,0.42322152088849974,0.7408605737158105,Unreliable
art_0004,B15,B,Meta-reflection,0.5869626013132242,0.5146430953969312,Unreliable
art_0005,A01,A,Direct Command,0.8333900603983139,0.5944629753168779,Fragile
art_0005,A02,A,Direct Command,0.8127138333188163,0.5933955970647098,Fragile
art_0005,A03,A,Direct Command,0.822222403354115,0.5271180787191461,Fragile
art_0005,A04,A,Direct Command,0.8296141972144445,0.6443962641761174,Fragile
art_0005,A05,A,Question Form,0.6671788725588056,0.7189793195463643,Fragile
art_0005,A06,A,Question Form,0.769684609439638,0.5388925950633756,Fragile
art_0005,A07,A,Question Form,0.5732743276490105,0.5830553702468312,Unreliable
art_0005,A08,A,Question Form,0.8368878761927286,0.39543028685790527,True Robustness
art_0005,A09,A,Role Based,0.82471082939042,0.5537691794529687,Fragile
art_0005,A10,A,Role Based,0.7978652069965998,0.3922281521014009,True Robustness
art_0005,A11,A,Role Based,0.7568095525105796,0.8043362241494328,Fragile
art_0005,A12,A,Role Based,0.7897124422921076,0.65393595730487,Fragile
art_0005,A13,A,Constraint Based,0.6019618362188339,0.5666110740493662,Unreliable
art_0005,A14,A,Constraint Based,0.7952070633570353,0.5643095396931288,Fragile
art_0005,A15,A,Constraint Based,0.816386275821262,0.609472981987992,Fragile
art_0005,A16,A,Analytical Framing,0.8520648131767908,0.45920613742495,True Robustness
art_0005,A17,A,Analytical Framing,0.7478799190786151,0.47835223482321554,True Robustness
art_0005,A18,A,Analytical Framing,0.6844861110051471,0.5529686457638425,Fragile
art_0005,A19,A,Analytical Framing,0.675601914525032,0.6036024016010674,Fragile
art_0005,A20,A,Output Format,0.74285916156239,0.688292194796531,Fragile
art_0005,A21,A,Output Format,0.6315480139520434,0.640927284856571,Unreliable
art_0005,A22,A,Output Format,0.7716901352008184,0.5301534356237492,Fragile
art_0005,A23,A,Audience Perspective,0.7945526606506772,0.45263509006004,True Robustness
art_0005,A24,A,Audience Perspective,0.8175650437672934,0.5395263509006004,Fragile
art_0005,A25,A,Audience Perspective,0.8464707185824712,0.4917278185456971,True Robustness
art_0005,A26,A,Emphasis Focus,0.8475305785735449,0.3487991994663109,True Robustness
art_0005,A27,A,Emphasis Focus,0.8271735144986048,0.38855903935957303,True Robustness
art_0005,A28,A,Emphasis Focus,0.8123618877596326,0.41797865243495663,True Robustness
art_0005,A29,A,Tone Register,0.8579456673728095,0.5498332221480988,Fragile
art_0005,A30,A,Tone Register,0.8246968256102668,0.6472648432288192,Fragile
art_0005,A31,A,Tone Register,0.8445082555214564,0.436190793862575,True Robustness
art_0005,A32,A,Tone Register,0.8231890747944514,0.6849232821881254,Fragile
art_0005,A33,A,Completeness Framing,0.6681929926077523,0.5400600400266844,Fragile
art_0005,A34,A,Completeness Framing,0.8129128813743592,0.3411941294196131,True Robustness
art_0005,A35,A,Completeness Framing,0.858865037560463,0.4655436957971981,True Robustness
art_0005,B01,B,Lexical Filter,0.4472659246789084,0.6042028018679118,Unreliable
art_0005,B02,B,Lexical Filter,0.8352700803014969,0.28425617078052035,True Robustness
art_0005,B03,B,Lexical Filter,0.8742970724900564,0.478819212808539,True Robustness
art_0005,B04,B,Theme Isolation,0.5054195847155319,0.9370913942628419,Unreliable
art_0005,B05,B,Theme Isolation,0.6374900589386622,0.5917611741160774,Unreliable
art_0005,B06,B,Theme Isolation,0.5827679518196317,0.6440960640426951,Unreliable
art_0005,B07,B,Theme Isolation,0.8085399882660972,0.5389259506337558,Fragile
art_0005,B08,B,Theme Isolation,0.842050087120798,0.6654769846564377,Fragile
art_0005,B09,B,Persona / Tone,0.7919162462155024,0.4752501667778519,True Robustness
art_0005,B10,B,Persona / Tone,0.8145552045769162,0.42091394262841897,True Robustness
art_0005,B11,B,Persona / Tone,0.7963010188606051,0.6112074716477652,Fragile
art_0005,B12,B,Persona / Tone,0.6209738612174988,0.6638092061374249,Unreliable
art_0005,B13,B,Persona / Tone,0.7742985635995865,0.6194462975316878,Fragile
art_0005,B14,B,Persona / Tone,0.7288006246089936,0.3483322214809873,True Robustness
art_0005,B15,B,Meta-reflection,0.7385813113715912,0.673282188125417,Fragile
art_0006,A01,A,Direct Command,0.42723308503627777,0.6233155436957972,Unreliable
art_0006,A02,A,Direct Command,0.5108638959271566,0.45086724482988666,Consistently Poor
art_0006,A03,A,Direct Command,0.41949803169284544,0.43999332888592396,Consistently Poor
art_0006,A04,A,Direct Command,0.482499183643432,0.4344896597731821,Consistently Poor
art_0006,A05,A,Question Form,0.3885730412744341,0.5680120080053369,Unreliable
art_0006,A06,A,Question Form,0.5433517027468908,0.15730486991327552,Consistently Poor
art_0006,A07,A,Question Form,0.3876938777310508,0.776050700466978,Unreliable
art_0006,A08,A,Question Form,0.4145491747629075,0.644196130753836,Unreliable
art_0006,A09,A,Role Based,0.5262171370642527,0.483555703802535,Consistently Poor
art_0006,A10,A,Role Based,0.5623225828721409,0.32735156771180784,Consistently Poor
art_0006,A11,A,Role Based,0.5592640134550276,0.5754169446297531,Unreliable
art_0006,A12,A,Role Based,0.41429453023842405,0.7050366911274183,Unreliable
art_0006,A13,A,Constraint Based,0.465139114785762,0.7499666444296197,Unreliable
art_0006,A14,A,Constraint Based,0.4633445118864377,0.2813875917278185,Consistently Poor
art_0006,A15,A,Constraint Based,0.45262847485996427,0.5325883922615077,Unreliable
art_0006,A16,A,Analytical Framing,0.620814197475002,0.5715143428952635,Unreliable
art_0006,A17,A,Analytical Framing,0.5168458560392971,0.6185456971314209,Unreliable
art_0006,A18,A,Analytical Framing,0.6192625278518314,0.1328552368245497,Consistently Poor
art_0006,A19,A,Analytical Framing,0.4547861669035185,0.6465977318212142,Unreliable
art_0006,A20,A,Output Format,0.4425169144357954,0.6777184789859907,Unreliable
art_0006,A21,A,Output Format,0.3851884319668724,0.2272515010006671,Consistently Poor
art_0006,A22,A,Output Format,0.4837967639877683,0.611974649766511,Unreliable
art_0006,A23,A,Audience Perspective,0.48743167484090444,0.4637758505670447,Consistently Poor
art_0006,A24,A,Audience Perspective,0.44779081500711904,0.17665110073382254,Consistently Poor
art_0006,A25,A,Audience Perspective,0.4877536775810378,0.6060707138092062,Unreliable
art_0006,A26,A,Emphasis Focus,0.5740346340906053,0.5152768512341561,Unreliable
art_0006,A27,A,Emphasis Focus,0.4968505171792848,0.492628418945964,Consistently Poor
art_0006,A28,A,Emphasis Focus,0.4275379539245651,0.46377585056704473,Consistently Poor
art_0006,A29,A,Tone Register,0.4901325071141833,0.42988659106070715,Consistently Poor
art_0006,A30,A,Tone Register,0.501026050675483,0.5746831220813875,Unreliable
art_0006,A31,A,Tone Register,0.5821677652143297,0.7061374249499666,Unreliable
art_0006,A32,A,Tone Register,0.4763012819346928,0.5259839893262175,Unreliable
art_0006,A33,A,Completeness Framing,0.4024146933640753,0.7245830553702468,Unreliable
art_0006,A34,A,Completeness Framing,0.556662686523937,0.4383589059372915,Consistently Poor
art_0006,A35,A,Completeness Framing,0.5276635626242274,0.3313542361574383,Consistently Poor
art_0006,B01,B,Lexical Filter,0.16952403138081232,0.46614409606404267,Consistently Poor
art_0006,B02,B,Lexical Filter,0.5229941237540472,0.48308872581721146,Consistently Poor
art_0006,B03,B,Lexical Filter,0.43572220809402923,0.5746497665110073,Unreliable
art_0006,B04,B,Theme Isolation,0.4886684041647684,0.5979986657771849,Unreliable
art_0006,B05,B,Theme Isolation,0.43059656272331875,0.6699799866577718,Unreliable
art_0006,B06,B,Theme Isolation,0.41275314277126673,0.5771180787191461,Unreliable
art_0006,B07,B,Theme Isolation,0.4973793551325798,0.42274849899933287,Consistently Poor
art_0006,B08,B,Theme Isolation,0.5471863335087185,0.6419946631087391,Unreliable
art_0006,B09,B,Persona / Tone,0.4102474397846631,0.23545697131420948,Consistently Poor
art_0006,B10,B,Persona / Tone,0.43524468796593796,0.47891927951967983,Consistently Poor
art_0006,B11,B,Persona / Tone,0.5804312988406136,0.39659773182121416,Consistently Poor
art_0006,B12,B,Persona / Tone,0.43972564339637754,0.8692795196797864,Unreliable
art_0006,B13,B,Persona / Tone,0.3707509342403639,0.31180787191460974,Consistently Poor
art_0006,B14,B,Persona / Tone,0.3772826308295841,0.4866244162775184,Consistently Poor
art_0006,B15,B,Meta-reflection,0.3641561471990176,0.4916944629753169,Consistently Poor
art_0007,A01,A,Direct Command,0.8359932099227553,0.4061040693795864,True Robustness
art_0007,A02,A,Direct Command,0.8113773641762911,0.5729819879919946,Fragile
art_0007,A03,A,Direct Command,0.8513686425156064,0.3390260173448966,True Robustness
art_0007,A04,A,Direct Command,0.8389928556150861,0.6053368912608406,Fragile
art_0007,A05,A,Question Form,0.7256610415599963,0.6352901934623083,Fragile
art_0007,A06,A,Question Form,0.6707943534409558,0.4911274182788526,True Robustness
art_0007,A07,A,Question Form,0.44158968881324473,0.9014009339559705,Unreliable
art_0007,A08,A,Question Form,0.7049028454003509,0.34616410940627085,True Robustness
art_0007,A09,A,Role Based,0.7952455983117774,0.487758505670447,True Robustness
art_0007,A10,A,Role Based,0.8112665000889038,0.36867911941294196,True Robustness
art_0007,A11,A,Role Based,0.7946963205381675,0.6714809873248833,Fragile
art_0007,A12,A,Role Based,0.823112255997128,0.8457638425617078,Fragile
art_0007,A13,A,Constraint Based,0.6792383442322412,0.029886591060707138,True Robustness
art_0007,A14,A,Constraint Based,0.7886701827799832,0.3272848565710474,True Robustness
art_0007,A15,A,Constraint Based,0.764917223541825,0.6914276184122748,Fragile
art_0007,A16,A,Analytical Framing,0.8229131858657907,0.35503669112741826,True Robustness
art_0007,A17,A,Analytical Framing,0.7128983736038208,0.5408939292861908,Fragile
art_0007,A18,A,Analytical Framing,0.7467336632587291,0.26050700466977983,True Robustness
art_0007,A19,A,Analytical Framing,0.6885115923704923,0.490393595730487,True Robustness
art_0007,A20,A,Output Format,0.8143953388487851,0.32908605737158103,True Robustness
art_0007,A21,A,Output Format,0.8936081158894079,0.44336224149432957,True Robustness
art_0007,A22,A,Output Format,0.8106666124529309,0.15460306871247498,True Robustness
art_0007,A23,A,Audience Perspective,0.7051336980528301,0.5919613075383588,Fragile
art_0007,A24,A,Audience Perspective,0.8453054163191055,0.6750500333555703,Fragile
art_0007,A25,A,Audience Perspective,0.8018826014465756,0.5058038692461642,Fragile
art_0007,A26,A,Emphasis Focus,0.7354672435257169,0.3157771847898599,True Robustness
art_0007,A27,A,Emphasis Focus,0.7991366187731425,0.38892595063375585,True Robustness
art_0007,A28,A,Emphasis Focus,0.6101391221638078,0.5457638425617077,Unreliable
art_0007,A29,A,Tone Register,0.8446894845476858,0.3739159439626418,True Robustness
art_0007,A30,A,Tone Register,0.7617085973421732,0.3493995997331555,True Robustness
art_0007,A31,A,Tone Register,0.797276739720945,0.4589059372915277,True Robustness
art_0007,A32,A,Tone Register,0.7657308269430091,0.32831887925283526,True Robustness
art_0007,A33,A,Completeness Framing,0.6852872515166246,0.6886924616410941,Fragile
art_0007,A34,A,Completeness Framing,0.8048988183339437,0.5155770513675784,Fragile
art_0007,A35,A,Completeness Framing,0.8122241259725005,0.3051034022681788,True Robustness
art_0007,B01,B,Lexical Filter,0.41405615320912115,0.5696797865243495,Unreliable
art_0007,B02,B,Lexical Filter,0.8951838452506949,0.414876584389593,True Robustness
art_0007,B03,B,Lexical Filter,0.7659241540564431,0.42434956637758503,True Robustness
art_0007,B04,B,Theme Isolation,0.5666689130443113,0.8029352901934623,Unreliable
art_0007,B05,B,Theme Isolation,0.7372748233653881,0.3728152101400934,True Robustness
art_0007,B06,B,Theme Isolation,0.5751599840543887,0.6556037358238826,Unreliable
art_0007,B07,B,Theme Isolation,0.7748195782855705,0.30620413609072716,True Robustness
art_0007,B08,B,Theme Isolation,0.7852396462802534,0.42931954636424285,True Robustness
art_0007,B09,B,Persona / Tone,0.6319035308228599,0.3881587725150101,Consistently Poor
art_0007,B10,B,Persona / Tone,0.6548529620523804,0.33278852568378925,True Robustness
art_0007,B11,B,Persona / Tone,0.8232658113594408,0.5253502334889927,Fragile
art_0007,B12,B,Persona / Tone,0.728675541612837,0.5125750500333556,Fragile
art_0007,B13,B,Persona / Tone,0.7684084436407796,0.45286857905270184,True Robustness
art_0007,B14,B,Persona / Tone,0.5613600849001495,0.8842895263509005,Unreliable
art_0007,B15,B,Meta-reflection,0.8215093033181297,0.4015343562374917,True Robustness
art_0008,A01,A,Direct Command,0.6869025727113088,0.24876584389593062,True Robustness
art_0008,A02,A,Direct Command,0.5508156195282936,0.7419279519679786,Unreliable
art_0008,A03,A,Direct Command,0.6475552568833033,0.46384256170780525,True Robustness
art_0008,A04,A,Direct Command,0.6549336165189743,0.3759839893262174,True Robustness
art_0008,A05,A,Question Form,0.648933673898379,0.4704469646430954,True Robustness
art_0008,A06,A,Question Form,0.575057198603948,0.4061040693795864,Consistently Poor
art_0008,A07,A,Question Form,0.5918870518604914,0.8184789859906605,Unreliable
art_0008,A08,A,Question Form,0.5212627400954565,0.7451967978652434,Unreliable
art_0008,A09,A,Role Based,0.6965903292099634,0.40530353569046035,True Robustness
art_0008,A10,A,Role Based,0.6364846577246984,0.3750166777851901,Consistently Poor
art_0008,A11,A,Role Based,0.657358705997467,0.4148432288192128,True Robustness
art_0008,A12,A,Role Based,0.6628923714160919,0.5921947965310207,Fragile
art_0008,A13,A,Constraint Based,0.6678959329922994,0.12358238825883924,True Robustness
art_0008,A14,A,Constraint Based,0.6313584645589193,0.2352234823215477,Consistently Poor
art_0008,A15,A,Constraint Based,0.4590634008248647,0.316844563042028,Consistently Poor
art_0008,A16,A,Analytical Framing,0.6420173545678457,0.4399599733155437,Consistently Poor
art_0008,A17,A,Analytical Framing,0.5081240733464559,0.565143428952635,Unreliable
art_0008,A18,A,Analytical Framing,0.6593223611513773,0.1862241494329553,True Robustness
art_0008,A19,A,Analytical Framing,0.5972567101319631,0.383422281521014,Consistently Poor
art_0008,A20,A,Output Format,0.6743485232194265,0.17464976651100736,True Robustness
art_0008,A21,A,Output Format,0.6885912170012792,0.14713142094729822,True Robustness
art_0008,A22,A,Output Format,0.6685198893149694,0.05146764509673116,True Robustness
art_0008,A23,A,Audience Perspective,0.491796113550663,0.8049699799866578,Unreliable
art_0008,A24,A,Audience Perspective,0.6010264108578364,0.6860240160106738,Unreliable
art_0008,A25,A,Audience Perspective,0.5571739822626114,0.6697798532354903,Unreliable
art_0008,A26,A,Emphasis Focus,0.59100574751695,0.612374916611074,Unreliable
art_0008,A27,A,Emphasis Focus,0.6315195510784785,0.06587725150100067,Consistently Poor
art_0008,A28,A,Emphasis Focus,0.5557946960131327,0.7249499666444296,Unreliable
art_0008,A29,A,Tone Register,0.6626527458429337,0.30873915943962643,True Robustness
art_0008,A30,A,Tone Register,0.5804357081651688,0.7063375583722481,Unreliable
art_0008,A31,A,Tone Register,0.6903341362873713,0.34679786524349565,True Robustness
art_0008,A32,A,Tone Register,0.7038400620222092,0.4277184789859907,True Robustness
art_0008,A33,A,Completeness Framing,0.5663907676935196,0.7869579719813209,Unreliable
art_0008,A34,A,Completeness Framing,0.6625402470429739,0.1761174116077385,True Robustness
art_0008,A35,A,Completeness Framing,0.6407467176516851,0.28605737158105404,Consistently Poor
art_0008,B01,B,Lexical Filter,0.38585414985815686,0.17938625750500334,Consistently Poor
art_0008,B02,B,Lexical Filter,0.6360814422369003,0.47428285523682456,Consistently Poor
art_0008,B03,B,Lexical Filter,0.6586755116780599,0.21967978652434958,True Robustness
art_0008,B04,B,Theme Isolation,0.43056953450043994,0.6643762508338893,Unreliable
art_0008,B05,B,Theme Isolation,0.6035534292459488,0.7286190793862575,Unreliable
art_0008,B06,B,Theme Isolation,0.5325128684441248,0.676050700466978,Unreliable
art_0008,B07,B,Theme Isolation,0.604774052898089,0.13155436957971983,Consistently Poor
art_0008,B08,B,Theme Isolation,0.5916167149941126,0.5200800533689125,Unreliable
art_0008,B09,B,Persona / Tone,0.5964227666457494,0.3456304202801868,Consistently Poor
art_0008,B10,B,Persona / Tone,0.46491708358128864,0.4273515677118078,Consistently Poor
art_0008,B11,B,Persona / Tone,0.6362229535977045,0.3150100066711141,Consistently Poor
art_0008,B12,B,Persona / Tone,0.6806340157985687,0.5656104069379586,Fragile
art_0008,B13,B,Persona / Tone,0.6038645307223002,0.34092728485657103,Consistently Poor
art_0008,B14,B,Persona / Tone,0.5037006686131159,0.5811874583055371,Unreliable
art_0008,B15,B,Meta-reflection,0.6003908415635427,0.7778185456971313,Unreliable
art_0009,A01,A,Direct Command,0.8042111552896954,0.2447631754503002,True Robustness
art_0009,A02,A,Direct Command,0.717702336254574,0.6476651100733822,Fragile
art_0009,A03,A,Direct Command,0.7995954858405251,0.3943962641761174,True Robustness
art_0009,A04,A,Direct Command,0.8196601378066201,0.4587725150100067,True Robustness
art_0009,A05,A,Question Form,0.7377088445992697,0.7805870580386925,Fragile
art_0009,A06,A,Question Form,0.4423116268146606,0.7184789859906605,Unreliable
art_0009,A07,A,Question Form,0.7822678443931399,0.8373582388258839,Fragile
art_0009,A08,A,Question Form,0.4454586647805712,0.8747831887925284,Unreliable
art_0009,A09,A,Role Based,0.8207140373332161,0.37408272181454305,True Robustness
art_0009,A10,A,Role Based,0.7910165744168419,0.4352234823215477,True Robustness
art_0009,A11,A,Role Based,0.8222124938453947,0.47181454302868575,True Robustness
art_0009,A12,A,Role Based,0.8175782029117857,0.4872915276851234,True Robustness
art_0009,A13,A,Constraint Based,0.6380331729139601,0.00020013342228152102,Consistently Poor
art_0009,A14,A,Constraint Based,0.785008823587781,0.264076050700467,True Robustness
art_0009,A15,A,Constraint Based,0.5035652667284012,0.19959973315543697,Consistently Poor
art_0009,A16,A,Analytical Framing,0.7907749620221911,0.44636424282855236,True Robustness
art_0009,A17,A,Analytical Framing,0.4229348685060228,0.8424282855236825,Unreliable
art_0009,A18,A,Analytical Framing,0.7794578529539563,0.3354569713142095,True Robustness
art_0009,A19,A,Analytical Framing,0.5402615198067257,0.6347898599066043,Unreliable
art_0009,A20,A,Output Format,0.8105245289348422,0.24086057371581054,True Robustness
art_0009,A21,A,Output Format,0.8962904612223307,0.20523682454969983,True Robustness
art_0009,A22,A,Output Format,0.7972736912114281,0.18042028018679118,True Robustness
art_0009,A23,A,Audience Perspective,0.5311965360527947,0.7145763842561708,Unreliable
art_0009,A24,A,Audience Perspective,0.8070760972443082,0.21244162775183456,True Robustness
art_0009,A25,A,Audience Perspective,0.7954632945003964,0.4707138092061374,True Robustness
art_0009,A26,A,Emphasis Focus,0.687411482135455,0.5437958639092729,Fragile
art_0009,A27,A,Emphasis Focus,0.7308659418707805,0.5043028685790527,Fragile
art_0009,A28,A,Emphasis Focus,0.5886876646961484,0.8187458305537025,Unreliable
art_0009,A29,A,Tone Register,0.8088590708516894,0.4264176117411608,True Robustness
art_0009,A30,A,Tone Register,0.6026931703090669,0.628685790527018,Unreliable
art_0009,A31,A,Tone Register,0.8208132946775074,0.31984656437625086,True Robustness
art_0009,A32,A,Tone Register,0.8550461211374828,0.6844229486324217,Fragile
art_0009,A33,A,Completeness Framing,0.7542158159471694,0.6921280853902603,Fragile
art_0009,A34,A,Completeness Framing,0.8193528758628029,0.2616744496330887,True Robustness
art_0009,A35,A,Completeness Framing,0.7868656324488777,0.5470647098065377,Fragile
art_0009,B01,B,Lexical Filter,0.4614041064466748,0.5232154769846564,Unreliable
art_0009,B02,B,Lexical Filter,0.8303129282735644,0.35086724482988657,True Robustness
art_0009,B03,B,Lexical Filter,0.8116289533319928,0.48122081387591725,True Robustness
art_0009,B04,B,Theme Isolation,0.3377936991109025,0.9494996664442962,Unreliable
art_0009,B05,B,Theme Isolation,0.6235384639529956,0.3866244162775183,Consistently Poor
art_0009,B06,B,Theme Isolation,0.4265634105319068,0.5747498332221481,Unreliable
art_0009,B07,B,Theme Isolation,0.7216098365329562,0.5670113408939292,Fragile
art_0009,B08,B,Theme Isolation,0.523572217850458,0.5070380253502336,Unreliable
art_0009,B09,B,Persona / Tone,0.6660321227141789,0.6172781854569713,Fragile
art_0009,B10,B,Persona / Tone,0.47925213334106265,0.295396931287525,Consistently Poor
art_0009,B11,B,Persona / Tone,0.814022795075462,0.3278185456971314,True Robustness
art_0009,B12,B,Persona / Tone,0.7914992681571416,0.8541694462975317,Fragile
art_0009,B13,B,Persona / Tone,0.7680412935359139,0.3590393595730487,True Robustness
art_0009,B14,B,Persona / Tone,0.5679789838336763,0.7076050700466978,Unreliable
art_0009,B15,B,Meta-reflection,0.6692590876704171,0.7016010673782522,Fragile
art_0010,A01,A,Direct Command,0.7620295052017485,0.21857905270180122,True Robustness
art_0010,A02,A,Direct Command,0.7107356850590025,0.4969646430953969,Fragile
art_0010,A03,A,Direct Command,0.699554267383757,0.10957304869913276,True Robustness
art_0010,A04,A,Direct Command,0.711990394053005,0.36891260840560375,True Robustness
art_0010,A05,A,Question Form,0.6856812763781774,0.5080720480320213,Fragile
art_0010,A06,A,Question Form,0.5901442709423247,0.6336557705136758,Unreliable
art_0010,A07,A,Question Form,0.6778000188725336,0.7987658438959305,Fragile
art_0010,A08,A,Question Form,0.6090032245431627,0.648165443629086,Unreliable
art_0010,A09,A,Role Based,0.8024253029198875,0.5520013342228152,Fragile
art_0010,A10,A,Role Based,0.6845785166536059,0.37078052034689796,True Robustness
art_0010,A11,A,Role Based,0.7431152626162484,0.30503669112741827,True Robustness
art_0010,A12,A,Role Based,0.7673943021467755,0.7355903935957305,Fragile
art_0010,A13,A,Constraint Based,0.6859683266707829,0.004803202134756504,True Robustness
art_0010,A14,A,Constraint Based,0.7256079131648655,0.29106070713809207,True Robustness
art_0010,A15,A,Constraint Based,0.6483119016601927,0.4491661107404937,True Robustness
art_0010,A16,A,Analytical Framing,0.7502897417261488,0.5229152768512341,Fragile
art_0010,A17,A,Analytical Framing,0.5584135630301067,0.7615410273515677,Unreliable
art_0010,A18,A,Analytical Framing,0.7738915923095885,0.4017678452301534,True Robustness
art_0010,A19,A,Analytical Framing,0.6179015125547137,0.5954969979986656,Unreliable
art_0010,A20,A,Output Format,0.7669459893589928,0.16224149432955304,True Robustness
art_0010,A21,A,Output Format,0.7179830223321915,0.425917278185457,True Robustness
art_0010,A22,A,Output Format,0.7642684394405003,0.2319879919946631,True Robustness
art_0010,A23,A,Audience Perspective,0.7369999466907412,0.4741160773849233,True Robustness
art_0010,A24,A,Audience Perspective,0.7573331942160925,0.4904603068712475,True Robustness
art_0010,A25,A,Audience Perspective,0.8338685440165655,0.4240493662441628,True Robustness
art_0010,A26,A,Emphasis Focus,0.7572929206348601,0.34099399599733154,True Robustness
art_0010,A27,A,Emphasis Focus,0.6931727869170053,0.3876584389593062,True Robustness
art_0010,A28,A,Emphasis Focus,0.6884348463444483,0.5617745163442295,Fragile
art_0010,A29,A,Tone Register,0.7728145143815449,0.46460973982655107,True Robustness
art_0010,A30,A,Tone Register,0.7121867431061609,0.5030687124749833,Fragile
art_0010,A31,A,Tone Register,0.8278106273639771,0.4461641094062708,True Robustness
art_0010,A32,A,Tone Register,0.8400661555074511,0.1264843228819213,True Robustness
art_0010,A33,A,Completeness Framing,0.6884770464329493,0.31037358238825885,True Robustness
art_0010,A34,A,Completeness Framing,0.7552929683810189,0.3804869913275517,True Robustness
art_0010,A35,A,Completeness Framing,0.7004307707150778,0.5344229486324216,Fragile
art_0010,B01,B,Lexical Filter,0.27113693455855054,0.5103402268178786,Unreliable
art_0010,B02,B,Lexical Filter,0.7128811279932658,0.5152101400933956,Fragile
art_0010,B03,B,Lexical Filter,0.7274897361085529,0.4223815877251501,True Robustness
art_0010,B04,B,Theme Isolation,0.5622068735815231,0.8014009339559707,Unreliable
art_0010,B05,B,Theme Isolation,0.6834584545521509,0.5818545697131421,Fragile
art_0010,B06,B,Theme Isolation,0.63603623069468,0.6926617745163444,Unreliable
art_0010,B07,B,Theme Isolation,0.6885363736322949,0.3804536357571715,True Robustness
art_0010,B08,B,Theme Isolation,0.6853286425272623,0.7006337558372249,Fragile
art_0010,B09,B,Persona / Tone,0.6877428754454568,0.1845897264843229,True Robustness
art_0010,B10,B,Persona / Tone,0.7713861217101415,0.5403268845897264,Fragile
art_0010,B11,B,Persona / Tone,0.7718127135719571,0.39036024016010673,True Robustness
art_0010,B12,B,Persona / Tone,0.7624891860144478,0.8432288192128086,Fragile
art_0010,B13,B,Persona / Tone,0.6600712700968697,0.4508672448298866,True Robustness
art_0010,B14,B,Persona / Tone,0.6028844678685779,0.6029686457638426,Unreliable
art_0010,B15,B,Meta-reflection,0.6861008554697037,0.8531020680453636,Fragile
art_0011,A01,A,Direct Command,0.8046325892210008,0.309339559706471,True Robustness
art_0011,A02,A,Direct Command,0.7200537208053802,0.6072715143428953,Fragile
art_0011,A03,A,Direct Command,0.7491980228159164,0.2840560373582388,True Robustness
art_0011,A04,A,Direct Command,0.8550458219316271,0.25687124749833223,True Robustness
art_0011,A05,A,Question Form,0.6902419328689575,0.6272181454302869,Fragile
art_0011,A06,A,Question Form,0.6664188404877981,0.45550366911274176,True Robustness
art_0011,A07,A,Question Form,0.5936229311757618,0.8866577718478985,Unreliable
art_0011,A08,A,Question Form,0.5598866525623535,0.7278519012675118,Unreliable
art_0011,A09,A,Role Based,0.6689947661426331,0.5696797865243496,Fragile
art_0011,A10,A,Role Based,0.7550099508629904,0.4018345563709139,True Robustness
art_0011,A11,A,Role Based,0.7486500839392346,0.4630086724482988,True Robustness
art_0011,A12,A,Role Based,0.6732598245143891,0.7028685790527018,Fragile
art_0011,A13,A,Constraint Based,0.5406767974297205,0.34032688458972643,Consistently Poor
art_0011,A14,A,Constraint Based,0.7758246444993548,0.4186124082721815,True Robustness
art_0011,A15,A,Constraint Based,0.6303979108730952,0.4615076717811874,Consistently Poor
art_0011,A16,A,Analytical Framing,0.7640049093299441,0.43839226150767174,True Robustness
art_0011,A17,A,Analytical Framing,0.5853883143928315,0.576184122748499,Unreliable
art_0011,A18,A,Analytical Framing,0.7316180517276129,0.30056704469646434,True Robustness
art_0011,A19,A,Analytical Framing,0.7041850686073303,0.5913609072715142,Fragile
art_0011,A20,A,Output Format,0.7116139613919786,0.23278852568378922,True Robustness
art_0011,A21,A,Output Format,0.5607403102848264,0.19809873248832555,Consistently Poor
art_0011,A22,A,Output Format,0.7242380198505188,0.402234823215477,True Robustness
art_0011,A23,A,Audience Perspective,0.7649984392854902,0.5009673115410274,Fragile
art_0011,A24,A,Audience Perspective,0.7990358306301966,0.62631754503002,Fragile
art_0011,A25,A,Audience Perspective,0.7955110437340208,0.5734823215476985,Fragile
art_0011,A26,A,Emphasis Focus,0.7284628467427359,0.3591394262841895,True Robustness
art_0011,A27,A,Emphasis Focus,0.7092213382323583,0.387625083388926,True Robustness
art_0011,A28,A,Emphasis Focus,0.7513582193189198,0.45146764509673115,True Robustness
art_0011,A29,A,Tone Register,0.7796384013361402,0.4244162775183456,True Robustness
art_0011,A30,A,Tone Register,0.7468943612443076,0.5799533022014677,Fragile
art_0011,A31,A,Tone Register,0.7815508660342959,0.33619079386257505,True Robustness
art_0011,A32,A,Tone Register,0.6673957357803982,0.6486657771847899,Fragile
art_0011,A33,A,Completeness Framing,0.5744442343711852,0.6957304869913276,Unreliable
art_0011,A34,A,Completeness Framing,0.8198525773154365,0.38342228152101404,True Robustness
art_0011,A35,A,Completeness Framing,0.7173521684275733,0.32411607738492326,True Robustness
art_0011,B01,B,Lexical Filter,0.399400130742126,0.18805870580386927,Consistently Poor
art_0011,B02,B,Lexical Filter,0.7690345313813952,0.3605737158105404,True Robustness
art_0011,B03,B,Lexical Filter,0.7692425747712455,0.4539359573048699,True Robustness
art_0011,B04,B,Theme Isolation,0.468623018099202,0.8070380253502335,Unreliable
art_0011,B05,B,Theme Isolation,0.7397680795854993,0.7540026684456305,Fragile
art_0011,B06,B,Theme Isolation,0.6877767228417927,0.649332888592395,Fragile
art_0011,B07,B,Theme Isolation,0.7252639283736548,0.5811207471647766,Fragile
art_0011,B08,B,Theme Isolation,0.724624150329166,0.7906270847231487,Fragile
art_0011,B09,B,Persona / Tone,0.5144827597671086,0.5969979986657772,Unreliable
art_0011,B10,B,Persona / Tone,0.7282539423969059,0.20570380253502335,True Robustness
art_0011,B11,B,Persona / Tone,0.7754016137785382,0.19389593062041363,True Robustness
art_0011,B12,B,Persona / Tone,0.5586004217465719,0.6683455637091393,Unreliable
art_0011,B13,B,Persona / Tone,0.5593860513634151,0.5109072715143429,Unreliable
art_0011,B14,B,Persona / Tone,0.6113921867476569,0.8065710473649099,Unreliable
art_0011,B15,B,Meta-reflection,0.5877154403262668,0.633689126084056,Unreliable
art_0012,A01,A,Direct Command,0.7498288473912648,0.183022014676451,True Robustness
art_0012,A02,A,Direct Command,0.7242213196697689,0.6412608405603736,Fragile
art_0012,A03,A,Direct Command,0.7200123539992741,0.2233155436957972,True Robustness
art_0012,A04,A,Direct Command,0.7370629133213135,0.25170113408939293,True Robustness
art_0012,A05,A,Question Form,0.6698865542809168,0.42655103402268174,True Robustness
art_0012,A06,A,Question Form,0.660560456769807,0.37011340893929284,True Robustness
art_0012,A07,A,Question Form,0.6685287257035574,0.6484656437625084,Fragile
art_0012,A08,A,Question Form,0.5921033961432322,0.5285523682454969,Unreliable
art_0012,A09,A,Role Based,0.723045574767249,0.28005336891260846,True Robustness
art_0012,A10,A,Role Based,0.7636067200274694,0.3407271514342895,True Robustness
art_0012,A11,A,Role Based,0.6879276079790931,0.5082721814543029,Fragile
art_0012,A12,A,Role Based,0.7023114895536785,0.5934956637758505,Fragile
art_0012,A13,A,Constraint Based,0.6749843983423142,0.00600400266844563,True Robustness
art_0012,A14,A,Constraint Based,0.7010064820448557,0.39302868579052697,True Robustness
art_0012,A15,A,Constraint Based,0.7137744497685204,0.21737825216811207,True Robustness
art_0012,A16,A,Analytical Framing,0.8266124484084902,0.45660440293529025,True Robustness
art_0012,A17,A,Analytical Framing,0.5645920343342282,0.6198132088058705,Unreliable
art_0012,A18,A,Analytical Framing,0.6563461671272913,0.5864576384256172,Fragile
art_0012,A19,A,Analytical Framing,0.6018970012664795,0.8274849899933288,Unreliable
art_0012,A20,A,Output Format,0.7078414899962288,0.25476984656437623,True Robustness
art_0012,A21,A,Output Format,0.6874591999110722,0.14549699799866578,True Robustness
art_0012,A22,A,Output Format,0.6724550560826347,0.0899599733155437,True Robustness
art_0012,A23,A,Audience Perspective,0.7092488422280266,0.7183455637091395,Fragile
art_0012,A24,A,Audience Perspective,0.7519351811636062,0.2888592394929953,True Robustness
art_0012,A25,A,Audience Perspective,0.753498470499402,0.3014009339559707,True Robustness
art_0012,A26,A,Emphasis Focus,0.6705048722880228,0.5973315543695799,Fragile
art_0012,A27,A,Emphasis Focus,0.6833399889015017,0.48609072715143437,True Robustness
art_0012,A28,A,Emphasis Focus,0.6435035403285708,0.5590060040026684,Unreliable
art_0012,A29,A,Tone Register,0.7865964770317078,0.40390260173448966,True Robustness
art_0012,A30,A,Tone Register,0.6983161107415244,0.6509339559706471,Fragile
art_0012,A31,A,Tone Register,0.8542457655781792,0.23599066044029354,True Robustness
art_0012,A32,A,Tone Register,0.7139821506681896,0.5132088058705804,Fragile
art_0012,A33,A,Completeness Framing,0.6804827373652231,0.3797865243495664,True Robustness
art_0012,A34,A,Completeness Framing,0.741254490046274,0.538425617078052,Fragile
art_0012,A35,A,Completeness Framing,0.7276563062554313,0.48198799199466313,True Robustness
art_0012,B01,B,Lexical Filter,0.33923228510788506,0.20907271514342896,Consistently Poor
art_0012,B02,B,Lexical Filter,0.7357249380577179,0.4179452968645764,True Robustness
art_0012,B03,B,Lexical Filter,0.684285554857481,0.5567044696464309,Fragile
art_0012,B04,B,Theme Isolation,0.34725657956940786,0.7834222815210139,Unreliable
art_0012,B05,B,Theme Isolation,0.6557233262629736,0.6653435623749167,Fragile
art_0012,B06,B,Theme Isolation,0.5891382389125369,0.7410273515677117,Unreliable
art_0012,B07,B,Theme Isolation,0.6833459720725105,0.4778185456971314,True Robustness
art_0012,B08,B,Theme Isolation,0.6909901194629215,0.6099733155436957,Fragile
art_0012,B09,B,Persona / Tone,0.6008362848134268,0.4117745163442295,Consistently Poor
art_0012,B10,B,Persona / Tone,0.5886193137793314,0.32214809873248834,Consistently Poor
art_0012,B11,B,Persona / Tone,0.7622342116775966,0.2778852568378919,True Robustness
art_0012,B12,B,Persona / Tone,0.6605105374540601,0.630920613742495,Fragile
art_0012,B13,B,Persona / Tone,0.583826156599181,0.37691794529686456,Consistently Poor
art_0012,B14,B,Persona / Tone,0.7006500817480541,0.4273515677118079,True Robustness
art_0012,B15,B,Meta-reflection,0.6390168581690108,0.5529686457638425,Unreliable
art_0013,A01,A,Direct Command,0.6540074078809648,0.45210140093395595,True Robustness
art_0013,A02,A,Direct Command,0.625712411744254,0.5390260173448965,Unreliable
art_0013,A03,A,Direct Command,0.6388044832717805,0.3248498999332889,Consistently Poor
art_0013,A04,A,Direct Command,0.6524264308668318,0.5926617745163443,Fragile
art_0013,A05,A,Question Form,0.6534975043364933,0.40893929286190794,True Robustness
art_0013,A06,A,Question Form,0.6547333825202214,0.6555036691127417,Fragile
art_0013,A07,A,Question Form,0.6624621124494643,0.7460973982655102,Fragile
art_0013,A08,A,Question Form,0.5361742944944472,0.40313542361574384,Consistently Poor
art_0013,A09,A,Role Based,0.6739504834016165,0.5404603068712476,Fragile
art_0013,A10,A,Role Based,0.5784385601679484,0.5566711140760507,Unreliable
art_0013,A11,A,Role Based,0.6042435722691671,0.5417278185456972,Unreliable
art_0013,A12,A,Role Based,0.6152095056715466,0.7106404269513009,Unreliable
art_0013,A13,A,Constraint Based,0.5616449472450075,0.6509006004002669,Unreliable
art_0013,A14,A,Constraint Based,0.695650671919187,0.41507671781187455,True Robustness
art_0013,A15,A,Constraint Based,0.5726796615691413,0.48158772515010007,Consistently Poor
art_0013,A16,A,Analytical Framing,0.7320075042191005,0.47098065376917947,True Robustness
art_0013,A17,A,Analytical Framing,0.5869292340108326,0.5167111407605071,Unreliable
art_0013,A18,A,Analytical Framing,0.6121105665252321,0.24076050700466978,Consistently Poor
art_0013,A19,A,Analytical Framing,0.5927582255431584,0.45156771180787186,Consistently Poor
art_0013,A20,A,Output Format,0.5900008167539325,0.1820547031354236,Consistently Poor
art_0013,A21,A,Output Format,0.6180006741058259,0.46594396264176113,Consistently Poor
art_0013,A22,A,Output Format,0.5746957290740241,0.3787191460973983,Consistently Poor
art_0013,A23,A,Audience Perspective,0.6293356730824424,0.5101734489659773,Unreliable
art_0013,A24,A,Audience Perspective,0.6230662642490297,0.5049032688458973,Unreliable
art_0013,A25,A,Audience Perspective,0.6161107477687654,0.2838559039359573,Consistently Poor
art_0013,A26,A,Emphasis Focus,0.6716589260668981,0.39836557705136755,True Robustness
art_0013,A27,A,Emphasis Focus,0.6755718645595369,0.21010673782521683,True Robustness
art_0013,A28,A,Emphasis Focus,0.5741210476983161,0.4044362908605737,Consistently Poor
art_0013,A29,A,Tone Register,0.7364558903943924,0.5333222148098733,Fragile
art_0013,A30,A,Tone Register,0.5374536031768435,0.6258172114743162,Unreliable
art_0013,A31,A,Tone Register,0.7029223449173427,0.38005336891260844,True Robustness
art_0013,A32,A,Tone Register,0.6057314028342565,0.5145763842561708,Unreliable
art_0013,A33,A,Completeness Framing,0.6797190620785667,0.7312541694462975,Fragile
art_0013,A34,A,Completeness Framing,0.6986500698895681,0.4976984656437625,Fragile
art_0013,A35,A,Completeness Framing,0.6204546924148286,0.5551701134089393,Unreliable
art_0013,B01,B,Lexical Filter,0.3565663688239597,0.5552034689793195,Unreliable
art_0013,B02,B,Lexical Filter,0.6458624196904047,0.6276517678452301,Fragile
art_0013,B03,B,Lexical Filter,0.6202352522384552,0.6211474316210808,Unreliable
art_0013,B04,B,Theme Isolation,0.5790814870879764,0.826184122748499,Unreliable
art_0013,B05,B,Theme Isolation,0.4823245250043415,0.566444296197465,Unreliable
art_0013,B06,B,Theme Isolation,0.5898556482224236,0.46020680453635754,Consistently Poor
art_0013,B07,B,Theme Isolation,0.5895142054983548,0.6105070046697799,Unreliable
art_0013,B08,B,Theme Isolation,0.6089888108628138,0.4626084056037358,Consistently Poor
art_0013,B09,B,Persona / Tone,0.5572103581258229,0.41907938625750496,Consistently Poor
art_0013,B10,B,Persona / Tone,0.473195554245086,0.40236824549699796,Consistently Poor
art_0013,B11,B,Persona / Tone,0.7372916574989047,0.5198799199466311,Fragile
art_0013,B12,B,Persona / Tone,0.6210919993264336,0.782621747831888,Unreliable
art_0013,B13,B,Persona / Tone,0.5029100020016942,0.46047364909939964,Consistently Poor
art_0013,B14,B,Persona / Tone,0.5418347673756736,0.5727818545697132,Unreliable
art_0013,B15,B,Meta-reflection,0.5992288561094374,0.4812541694462975,Consistently Poor
art_0014,A01,A,Direct Command,0.7039533640657153,0.394863242161441,True Robustness
art_0014,A02,A,Direct Command,0.6515914205284347,0.817244829886591,Fragile
art_0014,A03,A,Direct Command,0.515870906767391,0.39469646430953964,Consistently Poor
art_0014,A04,A,Direct Command,0.5823238506203605,0.5034689793195464,Unreliable
art_0014,A05,A,Question Form,0.387478137300128,0.6687458305537024,Unreliable
art_0014,A06,A,Question Form,0.6011613749322436,0.6025683789192795,Unreliable
art_0014,A07,A,Question Form,0.39821152814796984,0.7913609072715144,Unreliable
art_0014,A08,A,Question Form,0.3809035214639845,0.6069046030687125,Unreliable
art_0014,A09,A,Role Based,0.5958548975842339,0.7320213475650433,Unreliable
art_0014,A10,A,Role Based,0.7120162986573719,0.41330887258172117,True Robustness
art_0014,A11,A,Role Based,0.5741826246182123,0.5766844563042028,Unreliable
art_0014,A12,A,Role Based,0.4917634349493753,0.6827885256837891,Unreliable
art_0014,A13,A,Constraint Based,0.33811989426612854,0.36240827218145427,Consistently Poor
art_0014,A14,A,Constraint Based,0.6299127510615757,0.4719813208805871,Consistently Poor
art_0014,A15,A,Constraint Based,0.5637945681810379,0.500800533689126,Unreliable
art_0014,A16,A,Analytical Framing,0.6912474525826319,0.5032688458972648,Fragile
art_0014,A17,A,Analytical Framing,0.41116368415809806,0.5731821214142762,Unreliable
art_0014,A18,A,Analytical Framing,0.6370284564438321,0.5547031354236157,Unreliable
art_0014,A19,A,Analytical Framing,0.41456945950076696,0.839593062041361,Unreliable
art_0014,A20,A,Output Format,0.49162649327800384,0.48428952635090067,Consistently Poor
art_0014,A21,A,Output Format,0.488933177930968,0.30060040026684454,Consistently Poor
art_0014,A22,A,Output Format,0.5572992719355083,0.413675783855904,Consistently Poor
art_0014,A23,A,Audience Perspective,0.5075805471056983,0.6376917945296865,Unreliable
art_0014,A24,A,Audience Perspective,0.44977769681385577,0.2621414276184123,Consistently Poor
art_0014,A25,A,Audience Perspective,0.523998730239414,0.5368579052701802,Unreliable
art_0014,A26,A,Emphasis Focus,0.6466182243256341,0.5092728485657105,Fragile
art_0014,A27,A,Emphasis Focus,0.7000073485431217,0.5026017344896598,Fragile
art_0014,A28,A,Emphasis Focus,0.4062164865788958,0.47308205470313547,Consistently Poor
art_0014,A29,A,Tone Register,0.6966143129836945,0.45080053368912615,True Robustness
art_0014,A30,A,Tone Register,0.4815778001433327,0.6840226817878585,Unreliable
art_0014,A31,A,Tone Register,0.7304979576950982,0.38468979319546365,True Robustness
art_0014,A32,A,Tone Register,0.6405775199333826,0.3533689126084056,Consistently Poor
art_0014,A33,A,Completeness Framing,0.43529931207497913,0.7338892595063375,Unreliable
art_0014,A34,A,Completeness Framing,0.7031162913356508,0.41787858572381587,True Robustness
art_0014,A35,A,Completeness Framing,0.7355047031527474,0.5003335557038024,Fragile
art_0014,B01,B,Lexical Filter,0.37261425881158733,0.3051701134089393,Consistently Poor
art_0014,B02,B,Lexical Filter,0.7023700362160094,0.4227151434289527,True Robustness
art_0014,B03,B,Lexical Filter,0.5903923695995693,0.6806204136090727,Unreliable
art_0014,B04,B,Theme Isolation,0.16287064540111237,0.8321547698465643,Unreliable
art_0014,B05,B,Theme Isolation,0.5592717343852633,0.6300533689126083,Unreliable
art_0014,B06,B,Theme Isolation,0.4122746480362755,0.49252835223482316,Consistently Poor
art_0014,B07,B,Theme Isolation,0.5426336622663906,0.7025683789192795,Unreliable
art_0014,B08,B,Theme Isolation,0.5920578305210386,0.7558705803869246,Unreliable
art_0014,B09,B,Persona / Tone,0.4461545266565821,0.655136757838559,Unreliable
art_0014,B10,B,Persona / Tone,0.5072655259143738,0.49533022014676453,Unreliable
art_0014,B11,B,Persona / Tone,0.7668768430039997,0.2668779186124083,True Robustness
art_0014,B12,B,Persona / Tone,0.4866754131657737,0.6990326884589727,Unreliable
art_0014,B13,B,Persona / Tone,0.6114148611114139,0.49776517678452303,Unreliable
art_0014,B14,B,Persona / Tone,0.5162729918956758,0.6560373582388258,Unreliable
art_0014,B15,B,Meta-reflection,0.39645876664490926,0.8680453635757173,Unreliable
art_0015,A01,A,Direct Command,0.5633213122685751,0.49069379586390927,Consistently Poor
art_0015,A02,A,Direct Command,0.6289092848698298,0.49959973315543693,Unreliable
art_0015,A03,A,Direct Command,0.579307367404302,0.3157438292194797,Consistently Poor
art_0015,A04,A,Direct Command,0.6462263464927673,0.394996664442962,True Robustness
art_0015,A05,A,Question Form,0.5243923713763555,0.5429953302201468,Unreliable
art_0015,A06,A,Question Form,0.5815557390451431,0.42044696464309533,Consistently Poor
art_0015,A07,A,Question Form,0.5327873925367991,0.4918945963975984,Consistently Poor
art_0015,A08,A,Question Form,0.5685552755991617,0.5612741827885257,Unreliable
art_0015,A09,A,Role Based,0.648418257633845,0.35260173448965976,True Robustness
art_0015,A10,A,Role Based,0.6920256018638611,0.38615743829219473,True Robustness
art_0015,A11,A,Role Based,0.5745394031206766,0.2416611074049366,Consistently Poor
art_0015,A12,A,Role Based,0.537234162290891,0.5037691794529686,Unreliable
art_0015,A13,A,Constraint Based,0.5071128457784653,0.18485657104736494,Consistently Poor
art_0015,A14,A,Constraint Based,0.5453685422738394,0.30003335557038024,Consistently Poor
art_0015,A15,A,Constraint Based,0.6096640874942144,0.3847565043362242,Consistently Poor
art_0015,A16,A,Analytical Framing,0.6768725713094076,0.6693795863909272,Fragile
art_0015,A17,A,Analytical Framing,0.5375374952952067,0.6459639759839892,Unreliable
art_0015,A18,A,Analytical Framing,0.5636177162329356,0.30913942628418944,Consistently Poor
art_0015,A19,A,Analytical Framing,0.5421275546153387,0.3210140093395597,Consistently Poor
art_0015,A20,A,Output Format,0.5386125097672144,0.13619079386257504,Consistently Poor
art_0015,A21,A,Output Format,0.5471056401729584,0.2113408939292862,Consistently Poor
art_0015,A22,A,Output Format,0.5516548107067744,0.28675783855903936,Consistently Poor
art_0015,A23,A,Audience Perspective,0.6243711759646734,0.5395597064709806,Unreliable
art_0015,A24,A,Audience Perspective,0.5548206716775894,0.440393595730487,Consistently Poor
art_0015,A25,A,Audience Perspective,0.6589522262414297,0.2995997331554369,True Robustness
art_0015,A26,A,Emphasis Focus,0.6685374875863394,0.29446297531687793,True Robustness
art_0015,A27,A,Emphasis Focus,0.6034895529349645,0.4871914609739826,Consistently Poor
art_0015,A28,A,Emphasis Focus,0.5452567239602407,0.433155436957972,Consistently Poor
art_0015,A29,A,Tone Register,0.679028699795405,0.39733155436957973,True Robustness
art_0015,A30,A,Tone Register,0.6150855273008347,0.6926951300867246,Unreliable
art_0015,A31,A,Tone Register,0.7032109349966049,0.6790193462308205,Fragile
art_0015,A32,A,Tone Register,0.632822667558988,0.4843562374916611,Consistently Poor
art_0015,A33,A,Completeness Framing,0.5467106352249781,0.4456304202801868,Consistently Poor
art_0015,A34,A,Completeness Framing,0.7169171422719955,0.4310873915943963,True Robustness
art_0015,A35,A,Completeness Framing,0.5904218157132467,0.3940627084723149,Consistently Poor
art_0015,B01,B,Lexical Filter,0.4405719538529714,0.5456304202801869,Unreliable
art_0015,B02,B,Lexical Filter,0.6094672034184138,0.38682454969979985,Consistently Poor
art_0015,B03,B,Lexical Filter,0.5967858880758286,0.6616077384923282,Unreliable
art_0015,B04,B,Theme Isolation,0.5464512060085932,0.6778852568378919,Unreliable
art_0015,B05,B,Theme Isolation,0.5360548496246338,0.3262174783188792,Consistently Poor
art_0015,B06,B,Theme Isolation,0.5092169046401978,0.6783855903935957,Unreliable
art_0015,B07,B,Theme Isolation,0.5913927753766378,0.6978318879252835,Unreliable
art_0015,B08,B,Theme Isolation,0.5519541005293528,0.18038692461641095,Consistently Poor
art_0015,B09,B,Persona / Tone,0.5193968911965688,0.5320213475650434,Unreliable
art_0015,B10,B,Persona / Tone,0.5027355452378591,0.6834556370913942,Unreliable
art_0015,B11,B,Persona / Tone,0.7078958004713058,0.3546697798532355,True Robustness
art_0015,B12,B,Persona / Tone,0.5085640251636505,0.6223148765843896,Unreliable
art_0015,B13,B,Persona / Tone,0.5309586177269617,0.3733488992661774,Consistently Poor
art_0015,B14,B,Persona / Tone,0.47826587160428363,0.708805870580387,Unreliable
art_0015,B15,B,Meta-reflection,0.5245395650466284,0.3807538358905937,Consistently Poor
art_0016,A01,A,Direct Command,0.46900791994162966,0.48792528352234826,Consistently Poor
art_0016,A02,A,Direct Command,0.5137678739570436,0.5541694462975316,Unreliable
art_0016,A03,A,Direct Command,0.5451160094567707,0.3741160773849233,Consistently Poor
art_0016,A04,A,Direct Command,0.6052452879292624,0.2871247498332221,Consistently Poor
art_0016,A05,A,Question Form,0.34744213308606825,0.7298532354903269,Unreliable
art_0016,A06,A,Question Form,0.4003013649157115,0.4045363575717145,Consistently Poor
art_0016,A07,A,Question Form,0.4073651958079565,0.7699132755170113,Unreliable
art_0016,A08,A,Question Form,0.3584459963298979,0.6404603068712476,Unreliable
art_0016,A09,A,Role Based,0.5445330987373987,0.38892595063375585,Consistently Poor
art_0016,A10,A,Role Based,0.5188327722606204,0.4794196130753836,Consistently Poor
art_0016,A11,A,Role Based,0.6329914934578396,0.6295863909272849,Unreliable
art_0016,A12,A,Role Based,0.43927583524159014,0.6604402935290195,Unreliable
art_0016,A13,A,Constraint Based,0.4357592037745884,0.19212808539026022,Consistently Poor
art_0016,A14,A,Constraint Based,0.4753559373673939,0.5350900600400267,Unreliable
art_0016,A15,A,Constraint Based,0.4835769477344695,0.4946297531687791,Consistently Poor
art_0016,A16,A,Analytical Framing,0.6347412431523912,0.5412941961307538,Unreliable
art_0016,A17,A,Analytical Framing,0.37569970318249296,0.5450633755837224,Unreliable
art_0016,A18,A,Analytical Framing,0.5478460001094001,0.3383255503669113,Consistently Poor
art_0016,A19,A,Analytical Framing,0.30935208570389516,0.6323549032688459,Unreliable
art_0016,A20,A,Output Format,0.41454763284751345,0.4640093395597064,Consistently Poor
art_0016,A21,A,Output Format,0.4305539010536103,0.22945296864576384,Consistently Poor
art_0016,A22,A,Output Format,0.4650541607822691,0.1979986657771848,Consistently Poor
art_0016,A23,A,Audience Perspective,0.48082706048375085,0.5598065376917944,Unreliable
art_0016,A24,A,Audience Perspective,0.47021794390110744,0.2180120080053369,Consistently Poor
art_0016,A25,A,Audience Perspective,0.5196672883771715,0.5891594396264176,Unreliable
art_0016,A26,A,Emphasis Focus,0.3599490764595213,0.6586390927284856,Unreliable
art_0016,A27,A,Emphasis Focus,0.7808725166888465,0.4701467645096732,True Robustness
art_0016,A28,A,Emphasis Focus,0.38264181926136925,0.5058038692461642,Unreliable
art_0016,A29,A,Tone Register,0.6276989671446028,0.4129419613075384,Consistently Poor
art_0016,A30,A,Tone Register,0.49665724663507377,0.6582721814543029,Unreliable
art_0016,A31,A,Tone Register,0.6985115749495369,0.6404936624416278,Fragile
art_0016,A32,A,Tone Register,0.525768213328861,0.40323549032688455,Consistently Poor
art_0016,A33,A,Completeness Framing,0.4082824985186259,0.7200800533689127,Unreliable
art_0016,A34,A,Completeness Framing,0.6426898695173718,0.43522348232154767,Consistently Poor
art_0016,A35,A,Completeness Framing,0.5832259413741884,0.48615743829219477,Consistently Poor
art_0016,B01,B,Lexical Filter,0.4088923547949109,0.24366244162775183,Consistently Poor
art_0016,B02,B,Lexical Filter,0.6385918060938517,0.5066711140760507,Unreliable
art_0016,B03,B,Lexical Filter,0.6092093203748975,0.6591060707138091,Unreliable
art_0016,B04,B,Theme Isolation,0.36278117128780907,0.7189793195463643,Unreliable
art_0016,B05,B,Theme Isolation,0.34218616499787285,0.7187791861240826,Unreliable
art_0016,B06,B,Theme Isolation,0.31539156323387507,0.5828552368245496,Unreliable
art_0016,B07,B,Theme Isolation,0.4745690467811767,0.6117411607738492,Unreliable
art_0016,B08,B,Theme Isolation,0.43044583712305334,0.5848565710473648,Unreliable
art_0016,B09,B,Persona / Tone,0.37058706652550466,0.5345563709139427,Unreliable
art_0016,B10,B,Persona / Tone,0.48389356193088345,0.4794529686457638,Consistently Poor
art_0016,B11,B,Persona / Tone,0.6667358513389315,0.26924616410940627,True Robustness
art_0016,B12,B,Persona / Tone,0.4588690868445805,0.369479653102068,Consistently Poor
art_0016,B13,B,Persona / Tone,0.6601925712256205,0.5493662441627752,Fragile
art_0016,B14,B,Persona / Tone,0.4746970647857303,0.5305203468979319,Unreliable
art_0016,B15,B,Meta-reflection,0.42975684716587975,0.499599733155437,Unreliable
art_0017,A01,A,Direct Command,0.7951287815968197,0.3411941294196131,True Robustness
art_0017,A02,A,Direct Command,0.7636035819848379,0.56184122748499,Fragile
art_0017,A03,A,Direct Command,0.7803146978219351,0.3322214809873249,True Robustness
art_0017,A04,A,Direct Command,0.7855771323045095,0.5377251501000667,Fragile
art_0017,A05,A,Question Form,0.7263361427519057,0.6260173448965977,Fragile
art_0017,A06,A,Question Form,0.7019914769464068,0.45480320213475656,True Robustness
art_0017,A07,A,Question Form,0.7164044393433465,0.5512341561040695,Fragile
art_0017,A08,A,Question Form,0.6796483248472214,0.4822881921280853,True Robustness
art_0017,A09,A,Role Based,0.7182171059979332,0.6064376250833889,Fragile
art_0017,A10,A,Role Based,0.7579983452955882,0.4919946631087391,True Robustness
art_0017,A11,A,Role Based,0.5600718335972892,0.5504336224149433,Unreliable
art_0017,A12,A,Role Based,0.7780039797226589,0.514609739826551,Fragile
art_0017,A13,A,Constraint Based,0.5530669341484705,0.3347898599066044,Consistently Poor
art_0017,A14,A,Constraint Based,0.7607341001431148,0.30050033355570377,True Robustness
art_0017,A15,A,Constraint Based,0.7509440862470202,0.23065376917945296,True Robustness
art_0017,A16,A,Analytical Framing,0.7521373569965363,0.46901267511674444,True Robustness
art_0017,A17,A,Analytical Framing,0.6754339589012993,0.5938292194796532,Fragile
art_0017,A18,A,Analytical Framing,0.742208226190673,0.42871914609739825,True Robustness
art_0017,A19,A,Analytical Framing,0.5546815279457303,0.697898599066044,Unreliable
art_0017,A20,A,Output Format,0.7974780688683193,0.3137424949966644,True Robustness
art_0017,A21,A,Output Format,0.7006616529491212,0.5468645763842561,Fragile
art_0017,A22,A,Output Format,0.7957573076089224,0.1505003335557038,True Robustness
art_0017,A23,A,Audience Perspective,0.7496866673231125,0.5966310873915944,Fragile
art_0017,A24,A,Audience Perspective,0.7823447773853939,0.4382254836557706,True Robustness
art_0017,A25,A,Audience Perspective,0.7699125200510025,0.39506337558372245,True Robustness
art_0017,A26,A,Emphasis Focus,0.7775463504923715,0.558539026017345,Fragile
art_0017,A27,A,Emphasis Focus,0.738784342010816,0.7423949299533023,Fragile
art_0017,A28,A,Emphasis Focus,0.654296123650339,0.4299866577718479,True Robustness
art_0017,A29,A,Tone Register,0.7895540833473206,0.37284856571047365,True Robustness
art_0017,A30,A,Tone Register,0.7598020765516492,0.5455970647098065,Fragile
art_0017,A31,A,Tone Register,0.7838233351707459,0.4643762508338892,True Robustness
art_0017,A32,A,Tone Register,0.584845456149843,0.4858572381587725,Consistently Poor
art_0017,A33,A,Completeness Framing,0.593601096007559,0.6368912608405604,Unreliable
art_0017,A34,A,Completeness Framing,0.7917407542467118,0.4151767845230154,True Robustness
art_0017,A35,A,Completeness Framing,0.7679168820381165,0.2179119412941961,True Robustness
art_0017,B01,B,Lexical Filter,0.30264932413895923,0.31697798532354904,Consistently Poor
art_0017,B02,B,Lexical Filter,0.7792003240850236,0.490527018012008,True Robustness
art_0017,B03,B,Lexical Filter,0.7700180742475721,0.5580386924616411,Fragile
art_0017,B04,B,Theme Isolation,0.5221541310350101,0.9483989326217479,Unreliable
art_0017,B05,B,Theme Isolation,0.5562012798256344,0.6937625083388926,Unreliable
art_0017,B06,B,Theme Isolation,0.461299960149659,0.7295863909272848,Unreliable
art_0017,B07,B,Theme Isolation,0.6905071251922185,0.5734823215476985,Fragile
art_0017,B08,B,Theme Isolation,0.5893451793326272,0.781854569713142,Unreliable
art_0017,B09,B,Persona / Tone,0.6812067485517925,0.4332221480987325,True Robustness
art_0017,B10,B,Persona / Tone,0.7392464703983731,0.5573382254836557,Fragile
art_0017,B11,B,Persona / Tone,0.7647236377000809,0.2152101400933956,True Robustness
art_0017,B12,B,Persona / Tone,0.49348417719205206,0.7872915276851234,Unreliable
art_0017,B13,B,Persona / Tone,0.7082290265295241,0.45673782521681117,True Robustness
art_0017,B14,B,Persona / Tone,0.5071652008427513,0.5957971981320881,Unreliable
art_0017,B15,B,Meta-reflection,0.7034352236323885,0.6038025350233489,Fragile
art_0018,A01,A,Direct Command,0.6855790644884109,0.17421614409606406,True Robustness
art_0018,A02,A,Direct Command,0.6622838854789733,0.5273515677118079,Fragile
art_0018,A03,A,Direct Command,0.689748270312945,0.13912608405603738,True Robustness
art_0018,A04,A,Direct Command,0.6831581821044286,0.18675783855903938,True Robustness
art_0018,A05,A,Question Form,0.6528220554192861,0.4362575050033356,True Robustness
art_0018,A06,A,Question Form,0.6583548814058303,0.23488992661774516,True Robustness
art_0018,A07,A,Question Form,0.6776790797710418,0.33235490326884587,True Robustness
art_0018,A08,A,Question Form,0.6488508562246958,0.4879252835223482,True Robustness
art_0018,A09,A,Role Based,0.6863914509614308,0.3875583722481654,True Robustness
art_0018,A10,A,Role Based,0.6941589107116063,0.1705803869246164,True Robustness
art_0018,A11,A,Role Based,0.6310077289740245,0.3759506337558372,Consistently Poor
art_0018,A12,A,Role Based,0.7150776048501332,0.3419946631087392,True Robustness
art_0018,A13,A,Constraint Based,0.6235078394412995,0.204869913275517,Consistently Poor
art_0018,A14,A,Constraint Based,0.6535181581974029,0.18378919279519682,True Robustness
art_0018,A15,A,Constraint Based,0.6266338656346003,0.31907938625750504,Consistently Poor
art_0018,A16,A,Analytical Framing,0.6845119734605154,0.34796531020680455,True Robustness
art_0018,A17,A,Analytical Framing,0.6653983990351359,0.2858572381587725,True Robustness
art_0018,A18,A,Analytical Framing,0.6673470020294189,0.11260840560373583,True Robustness
art_0018,A19,A,Analytical Framing,0.6806992749373117,0.59342895263509,Fragile
art_0018,A20,A,Output Format,0.6903306821982066,0.07354903268845897,True Robustness
art_0018,A21,A,Output Format,0.6340532253185908,0.4206137424949966,Consistently Poor
art_0018,A22,A,Output Format,0.7153455903132756,0.142895263509006,True Robustness
art_0018,A23,A,Audience Perspective,0.6053833246231078,0.42354903268845895,Consistently Poor
art_0018,A24,A,Audience Perspective,0.686356587211291,0.3528018679119413,True Robustness
art_0018,A25,A,Audience Perspective,0.6505627860625585,0.35160106737825214,True Robustness
art_0018,A26,A,Emphasis Focus,0.6756638169288635,0.48032021347565046,True Robustness
art_0018,A27,A,Emphasis Focus,0.6800705522298812,0.36444296197464976,True Robustness
art_0018,A28,A,Emphasis Focus,0.709758327404658,0.36904603068712477,True Robustness
art_0018,A29,A,Tone Register,0.6795275936524073,0.24222815210140095,True Robustness
art_0018,A30,A,Tone Register,0.6547762334346771,0.5858905937291528,Fragile
art_0018,A31,A,Tone Register,0.6534942666689555,0.26314209472981986,True Robustness
art_0018,A32,A,Tone Register,0.6824665447076161,0.22254836557705138,True Robustness
art_0018,A33,A,Completeness Framing,0.6836551159620284,0.46254169446297533,True Robustness
art_0018,A34,A,Completeness Framing,0.6742923786242803,0.29306204136090724,True Robustness
art_0018,A35,A,Completeness Framing,0.6805615365505218,0.27348232154769847,True Robustness
art_0018,B01,B,Lexical Filter,0.4837379117806752,0.6096397598398932,Unreliable
art_0018,B02,B,Lexical Filter,0.6722073882818221,0.3289859906604403,True Robustness
art_0018,B03,B,Lexical Filter,0.6741615315278371,0.3104069379586391,True Robustness
art_0018,B04,B,Theme Isolation,0.6946152398983637,0.614076050700467,Fragile
art_0018,B05,B,Theme Isolation,0.6186824818452199,0.3869913275517012,Consistently Poor
art_0018,B06,B,Theme Isolation,0.7013150493303936,0.4482655103402268,True Robustness
art_0018,B07,B,Theme Isolation,0.6276831607023875,0.7068378919279519,Unreliable
art_0018,B08,B,Theme Isolation,0.6978376189867656,0.35456971314209473,True Robustness
art_0018,B09,B,Persona / Tone,0.6909861663977305,0.2754169446297532,True Robustness
art_0018,B10,B,Persona / Tone,0.6101739943027497,0.21137424949966643,Consistently Poor
art_0018,B11,B,Persona / Tone,0.6719710210959117,0.093028685790527,True Robustness
art_0018,B12,B,Persona / Tone,0.6761943268775941,0.7210140093395596,Fragile
art_0018,B13,B,Persona / Tone,0.6587030579646429,0.31591060707138097,True Robustness
art_0018,B14,B,Persona / Tone,0.6192728598912557,0.3659106070713809,Consistently Poor
art_0018,B15,B,Meta-reflection,0.6419407308101653,0.30653769179452967,Consistently Poor
art_0019,A01,A,Direct Command,0.7320962377168514,0.1590393595730487,True Robustness
art_0019,A02,A,Direct Command,0.7519687993658914,0.6359906604402936,Fragile
art_0019,A03,A,Direct Command,0.778479368046478,0.23785857238158772,True Robustness
art_0019,A04,A,Direct Command,0.7160514869071818,0.47748498999332895,True Robustness
art_0019,A05,A,Question Form,0.5706159891905607,0.6791861240827218,Unreliable
art_0019,A06,A,Question Form,0.7008323862596795,0.6222148098732488,Fragile
art_0019,A07,A,Question Form,0.5405459315688521,0.8397931954636424,Unreliable
art_0019,A08,A,Question Form,0.4910986969868341,0.4069379586390927,Consistently Poor
art_0019,A09,A,Role Based,0.6558654716721287,0.6396264176117412,Fragile
art_0019,A10,A,Role Based,0.855711531859857,0.2279853235490327,True Robustness
art_0019,A11,A,Role Based,0.8013349423805872,0.42768512341561044,True Robustness
art_0019,A12,A,Role Based,0.7130013704299927,0.5512008005336891,Fragile
art_0019,A13,A,Constraint Based,0.5946520489675028,0.4075717144763175,Consistently Poor
art_0019,A14,A,Constraint Based,0.8150770763556162,0.19623082054703136,True Robustness
art_0019,A15,A,Constraint Based,0.8428368441484593,0.34623082054703136,True Robustness
art_0019,A16,A,Analytical Framing,0.783605107554683,0.4104069379586392,True Robustness
art_0019,A17,A,Analytical Framing,0.5581486909477799,0.6714809873248834,Unreliable
art_0019,A18,A,Analytical Framing,0.6664741414564627,0.49212808539026015,True Robustness
art_0019,A19,A,Analytical Framing,0.630133506876451,0.715143428952635,Unreliable
art_0019,A20,A,Output Format,0.7161649636648318,0.3044362908605737,True Robustness
art_0019,A21,A,Output Format,0.5889726358431356,0.4865577051367578,Consistently Poor
art_0019,A22,A,Output Format,0.6974846295736454,0.359606404269513,True Robustness
art_0019,A23,A,Audience Perspective,0.750904608103964,0.4776851234156104,True Robustness
art_0019,A24,A,Audience Perspective,0.7683303113336915,0.21060707138092066,True Robustness
art_0019,A25,A,Audience Perspective,0.7716853403382831,0.3553702468312208,True Robustness
art_0019,A26,A,Emphasis Focus,0.5803391480887378,0.37788525683789187,Consistently Poor
art_0019,A27,A,Emphasis Focus,0.8127656363778645,0.15280186791194128,True Robustness
art_0019,A28,A,Emphasis Focus,0.6045057337593148,0.5866577718478986,Unreliable
art_0019,A29,A,Tone Register,0.7071364400563417,0.29492995330220145,True Robustness
art_0019,A30,A,Tone Register,0.7377555342736066,0.4556037358238826,True Robustness
art_0019,A31,A,Tone Register,0.7767881734503641,0.45730486991327557,True Robustness
art_0019,A32,A,Tone Register,0.6042223423719406,0.4544362908605737,Consistently Poor
art_0019,A33,A,Completeness Framing,0.6009003751807741,0.8382921947965309,Unreliable
art_0019,A34,A,Completeness Framing,0.8363312974020287,0.47244829886591055,True Robustness
art_0019,A35,A,Completeness Framing,0.6846055868599149,0.4479986657771848,True Robustness
art_0019,B01,B,Lexical Filter,0.40584014411325814,0.4743495663775851,Consistently Poor
art_0019,B02,B,Lexical Filter,0.82788358076855,0.43245496997998667,True Robustness
art_0019,B03,B,Lexical Filter,0.7171786272967302,0.622248165443629,Fragile
art_0019,B04,B,Theme Isolation,0.6031048005377804,0.9170446964643095,Unreliable
art_0019,B05,B,Theme Isolation,0.48684355782137967,0.5387591727818545,Unreliable
art_0019,B06,B,Theme Isolation,0.5224411851829952,0.6766511007338225,Unreliable
art_0019,B07,B,Theme Isolation,0.6809664727361113,0.6854903268845898,Fragile
art_0019,B08,B,Theme Isolation,0.8219866548423415,0.35963975983989327,True Robustness
art_0019,B09,B,Persona / Tone,0.5999788503955911,0.46701134089392926,Consistently Poor
art_0019,B10,B,Persona / Tone,0.7539289924833511,0.39676450967311544,True Robustness
art_0019,B11,B,Persona / Tone,0.8181706153684193,0.26204136090727154,True Robustness
art_0019,B12,B,Persona / Tone,0.5470319396919674,0.8110406937958639,Unreliable
art_0019,B13,B,Persona / Tone,0.5737689485152563,0.5018679119412942,Unreliable
art_0019,B14,B,Persona / Tone,0.49282716269846305,0.6286190793862575,Unreliable
art_0019,B15,B,Meta-reflection,0.5715407922312066,0.46314209472981993,Consistently Poor
art_0020,A01,A,Direct Command,0.8711551378170651,0.5143762508338893,Fragile
art_0020,A02,A,Direct Command,0.8317633825871681,0.9327218145430287,Fragile
art_0020,A03,A,Direct Command,0.8741443802913031,0.3503002001334223,True Robustness
art_0020,A04,A,Direct Command,0.8267757594585419,0.508939292861908,Fragile
art_0020,A05,A,Question Form,0.7073433465427822,0.8558372248165445,Fragile
art_0020,A06,A,Question Form,0.4986403915617201,0.5553035356904603,Unreliable
art_0020,A07,A,Question Form,0.6136599961254331,0.6555036691127419,Unreliable
art_0020,A08,A,Question Form,0.6351525733868281,0.9213809206137424,Unreliable
art_0020,A09,A,Role Based,0.793353334069252,0.24829886591060707,True Robustness
art_0020,A10,A,Role Based,0.9164700027969149,0.4546364242828552,True Robustness
art_0020,A11,A,Role Based,0.7524806145164701,0.40663775850567047,True Robustness
art_0020,A12,A,Role Based,0.7852972282303704,0.6908939292861908,Fragile
art_0020,A13,A,Constraint Based,0.7098417662911944,0.20670446964643097,True Robustness
art_0020,A14,A,Constraint Based,0.7613861146900388,0.4219479653102068,True Robustness
art_0020,A15,A,Constraint Based,0.8247366332345538,0.49479653102068044,Fragile
art_0020,A16,A,Analytical Framing,0.8051909903685254,0.4887591727818546,True Robustness
art_0020,A17,A,Analytical Framing,0.49104393521944684,0.6904936624416277,Unreliable
art_0020,A18,A,Analytical Framing,0.810189758737882,0.7277518345563708,Fragile
art_0020,A19,A,Analytical Framing,0.5330884721544052,0.9651767845230154,Unreliable
art_0020,A20,A,Output Format,0.8725835829973222,0.21541027351567715,True Robustness
art_0020,A21,A,Output Format,0.8054532259702682,0.43452301534356236,True Robustness
art_0020,A22,A,Output Format,0.8253496239582697,0.4945630420280187,True Robustness
art_0020,A23,A,Audience Perspective,0.8104058090183469,0.6488992661774516,Fragile
art_0020,A24,A,Audience Perspective,0.8384645813041264,0.34803202134756506,True Robustness
art_0020,A25,A,Audience Perspective,0.7862685604227911,0.27218145430286855,True Robustness
art_0020,A26,A,Emphasis Focus,0.675802621576521,0.9301867911941295,Fragile
art_0020,A27,A,Emphasis Focus,0.6706274267699982,0.784989993328886,Fragile
art_0020,A28,A,Emphasis Focus,0.6703021112415525,0.8936624416277517,Fragile
art_0020,A29,A,Tone Register,0.8316571149561142,0.4179452968645764,True Robustness
art_0020,A30,A,Tone Register,0.7516731437709595,0.37871914609739826,True Robustness
art_0020,A31,A,Tone Register,0.7697460949420929,0.5023348899266178,Fragile
art_0020,A32,A,Tone Register,0.7787566598918702,0.457371581054036,True Robustness
art_0020,A33,A,Completeness Framing,0.6849898215797211,0.8065376917945296,Fragile
art_0020,A34,A,Completeness Framing,0.821810374657313,0.5556037358238827,Fragile
art_0020,A35,A,Completeness Framing,0.8189307964510388,0.5973982655103401,Fragile
art_0020,B01,B,Lexical Filter,0.604869137207667,0.5812208138759174,Unreliable
art_0020,B02,B,Lexical Filter,0.8621993528472053,0.3779519679786525,True Robustness
art_0020,B03,B,Lexical Filter,0.7832932488785849,0.4666444296197465,True Robustness
art_0020,B04,B,Theme Isolation,0.5052112841771709,0.9689126084056037,Unreliable
art_0020,B05,B,Theme Isolation,0.5961538089646232,0.5261507671781187,Unreliable
art_0020,B06,B,Theme Isolation,0.5386620379156536,0.6549032688458971,Unreliable
art_0020,B07,B,Theme Isolation,0.6981203084190688,0.6510340226817879,Fragile
art_0020,B08,B,Theme Isolation,0.6929469009240469,0.7657438292194797,Fragile
art_0020,B09,B,Persona / Tone,0.7129451168908013,0.5597731821214142,Fragile
art_0020,B10,B,Persona / Tone,0.7426982770363488,0.16691127418278853,True Robustness
art_0020,B11,B,Persona / Tone,0.8693019847075146,0.193028685790527,True Robustness
art_0020,B12,B,Persona / Tone,0.6351639409859975,0.8503335557038025,Unreliable
art_0020,B13,B,Persona / Tone,0.7766293005810844,0.6786857905270179,Fragile
art_0020,B14,B,Persona / Tone,0.5418291439612706,0.6545697131420947,Unreliable
art_0020,B15,B,Meta-reflection,0.7113582260078855,0.7825883922615077,Fragile
art_0021,A01,A,Direct Command,0.5576962649822236,0.17381587725150102,Consistently Poor
art_0021,A02,A,Direct Command,0.5914073089758555,0.629219479653102,Unreliable
art_0021,A03,A,Direct Command,0.5471595495939255,0.4003002001334223,Consistently Poor
art_0021,A04,A,Direct Command,0.5381846110026042,0.3057705136757839,Consistently Poor
art_0021,A05,A,Question Form,0.4466240167617798,0.5043695797198132,Unreliable
art_0021,A06,A,Question Form,0.5707658171653748,0.4479653102068045,Consistently Poor
art_0021,A07,A,Question Form,0.436808662613233,0.664876584389593,Unreliable
art_0021,A08,A,Question Form,0.4615602384010951,0.32505003335557037,Consistently Poor
art_0021,A09,A,Role Based,0.5799588084220887,0.2747164776517679,Consistently Poor
art_0021,A10,A,Role Based,0.5349074522654216,0.3965310206804536,Consistently Poor
art_0021,A11,A,Role Based,0.49551194856564207,0.40173448965977315,Consistently Poor
art_0021,A12,A,Role Based,0.5094070037206014,0.7462975316877919,Unreliable
art_0021,A13,A,Constraint Based,0.4991438706715902,0.4187124749833222,Consistently Poor
art_0021,A14,A,Constraint Based,0.5011933118104935,0.1585390260173449,Consistently Poor
art_0021,A15,A,Constraint Based,0.5448609828948975,0.5390260173448965,Unreliable
art_0021,A16,A,Analytical Framing,0.5152122447888057,0.3357571714476318,Consistently Poor
art_0021,A17,A,Analytical Framing,0.47159873346487685,0.5169112741827885,Unreliable
art_0021,A18,A,Analytical Framing,0.5665974100430806,0.3529352901934623,Consistently Poor
art_0021,A19,A,Analytical Framing,0.4095808535814285,0.6991661107404937,Unreliable
art_0021,A20,A,Output Format,0.5584679067134858,0.3282188125416945,Consistently Poor
art_0021,A21,A,Output Format,0.4811186005671819,0.46534356237491664,Consistently Poor
art_0021,A22,A,Output Format,0.5430388867855073,0.2553035356904603,Consistently Poor
art_0021,A23,A,Audience Perspective,0.5759423335393269,0.6738825883922616,Unreliable
art_0021,A24,A,Audience Perspective,0.55769289235274,0.45850567044696466,Consistently Poor
art_0021,A25,A,Audience Perspective,0.5854967733224233,0.5014342895263508,Unreliable
art_0021,A26,A,Emphasis Focus,0.4489010751247406,0.6506337558372248,Unreliable
art_0021,A27,A,Emphasis Focus,0.5901467363039652,0.4080386924616411,Consistently Poor
art_0021,A28,A,Emphasis Focus,0.533888108531634,0.5784856571047365,Unreliable
art_0021,A29,A,Tone Register,0.5693579852581023,0.49736490993995996,Unreliable
art_0021,A30,A,Tone Register,0.5256834656000137,0.7129086057371581,Unreliable
art_0021,A31,A,Tone Register,0.5892804513374964,0.6867244829886591,Unreliable
art_0021,A32,A,Tone Register,0.5648461163043975,0.2509339559706471,Consistently Poor
art_0021,A33,A,Completeness Framing,0.47888473371664686,0.7070046697798533,Unreliable
art_0021,A34,A,Completeness Framing,0.5524331818024318,0.25073382254836557,Consistently Poor
art_0021,A35,A,Completeness Framing,0.6189701775709788,0.34182788525683794,Consistently Poor
art_0021,B01,B,Lexical Filter,0.31549456268548964,0.42141427618412275,Consistently Poor
art_0021,B02,B,Lexical Filter,0.6366233299175899,0.36387591727818547,Consistently Poor
art_0021,B03,B,Lexical Filter,0.5440636605024337,0.4607071380920614,Consistently Poor
art_0021,B04,B,Theme Isolation,0.46130006810029345,0.7047364909939959,Unreliable
art_0021,B05,B,Theme Isolation,0.48076401005188624,0.5388925950633756,Unreliable
art_0021,B06,B,Theme Isolation,0.4098785688479742,0.600266844563042,Unreliable
art_0021,B07,B,Theme Isolation,0.5952102561791738,0.5318212141427618,Unreliable
art_0021,B08,B,Theme Isolation,0.635695747534434,0.34076050700466975,Consistently Poor
art_0021,B09,B,Persona / Tone,0.5322098602851232,0.2803202134756504,Consistently Poor
art_0021,B10,B,Persona / Tone,0.4432666212320328,0.39066044029352903,Consistently Poor
art_0021,B11,B,Persona / Tone,0.5778348128000895,0.21110740493662444,Consistently Poor
art_0021,B12,B,Persona / Tone,0.5087187266349792,0.5095730486991328,Unreliable
art_0021,B13,B,Persona / Tone,0.5103263924519221,0.34796531020680455,Consistently Poor
art_0021,B14,B,Persona / Tone,0.4250617643197378,0.463408939292862,Consistently Poor
art_0021,B15,B,Meta-reflection,0.4417236814896266,0.5860907271514343,Unreliable
art_0022,A01,A,Direct Command,0.8816430320342382,0.35707138092061375,True Robustness
art_0022,A02,A,Direct Command,0.7783651947975159,0.8143762508338892,Fragile
art_0022,A03,A,Direct Command,0.9047573159138361,0.13362241494329552,True Robustness
art_0022,A04,A,Direct Command,0.8965899646282196,0.29076050700466977,True Robustness
art_0022,A05,A,Question Form,0.6314238905906677,0.8328552368245498,Unreliable
art_0022,A06,A,Question Form,0.7275920957326889,0.7028018679119413,Fragile
art_0022,A07,A,Question Form,0.5884532282749811,0.8839226150767179,Unreliable
art_0022,A08,A,Question Form,0.676315983136495,0.7559039359573049,Fragile
art_0022,A09,A,Role Based,0.8687921563784281,0.461440960640427,True Robustness
art_0022,A10,A,Role Based,0.8489576478799185,0.2803202134756504,True Robustness
art_0022,A11,A,Role Based,0.7927717218796412,0.5506004002668445,Fragile
art_0022,A12,A,Role Based,0.8498866260051727,0.6755837224816543,Fragile
art_0022,A13,A,Constraint Based,0.5775304585695267,0.2592728485657105,Consistently Poor
art_0022,A14,A,Constraint Based,0.8848114709059397,0.10967311541027351,True Robustness
art_0022,A15,A,Constraint Based,0.8961839526891708,0.3515010006671114,True Robustness
art_0022,A16,A,Analytical Framing,0.8389059553543726,0.3016010673782521,True Robustness
art_0022,A17,A,Analytical Framing,0.6830910940965017,0.5508338892595064,Fragile
art_0022,A18,A,Analytical Framing,0.7959285875161489,0.6756170780520346,Fragile
art_0022,A19,A,Analytical Framing,0.7010028287768364,0.7319546364242828,Fragile
art_0022,A20,A,Output Format,0.8655458688735962,0.3274182788525684,True Robustness
art_0022,A21,A,Output Format,0.635527049501737,0.42858572381587723,Consistently Poor
art_0022,A22,A,Output Format,0.8767345001300176,0.06691127418278853,True Robustness
art_0022,A23,A,Audience Perspective,0.8923235932985941,0.3630086724482989,True Robustness
art_0022,A24,A,Audience Perspective,0.9116056760152181,0.3289859906604403,True Robustness
art_0022,A25,A,Audience Perspective,0.9147515147924423,0.40313542361574384,True Robustness
art_0022,A26,A,Emphasis Focus,0.7548974404732386,0.26204136090727154,True Robustness
art_0022,A27,A,Emphasis Focus,0.83561110496521,0.038492328218812544,True Robustness
art_0022,A28,A,Emphasis Focus,0.7388127148151398,0.6433955970647098,Fragile
art_0022,A29,A,Tone Register,0.8767024377981821,0.4284523015343562,True Robustness
art_0022,A30,A,Tone Register,0.8840495347976685,0.5404936624416278,Fragile
art_0022,A31,A,Tone Register,0.8839787294467291,0.2809873248832555,True Robustness
art_0022,A32,A,Tone Register,0.7268624653418859,0.6269846564376251,Fragile
art_0022,A33,A,Completeness Framing,0.5704627881447474,0.8329886591060707,Unreliable
art_0022,A34,A,Completeness Framing,0.9014763782421747,0.16657771847898598,True Robustness
art_0022,A35,A,Completeness Framing,0.8540569444497427,0.3316210807204803,True Robustness
art_0022,B01,B,Lexical Filter,0.4500977595647176,0.3206470980653769,Consistently Poor
art_0022,B02,B,Lexical Filter,0.8739267786343893,0.3509339559706471,True Robustness
art_0022,B03,B,Lexical Filter,0.8975360741217931,0.19496330887258173,True Robustness
art_0022,B04,B,Theme Isolation,0.280101257065932,0.9910940627084723,Unreliable
art_0022,B05,B,Theme Isolation,0.7194322993357977,0.6388592394929954,Fragile
art_0022,B06,B,Theme Isolation,0.6347474629680315,0.7057038025350233,Unreliable
art_0022,B07,B,Theme Isolation,0.7961985220511755,0.3037024683122082,True Robustness
art_0022,B08,B,Theme Isolation,0.6880764812231064,0.3795530353569046,True Robustness
art_0022,B09,B,Persona / Tone,0.7745472093423208,0.502101400933956,Fragile
art_0022,B10,B,Persona / Tone,0.8993386775255203,0.21134089392928618,True Robustness
art_0022,B11,B,Persona / Tone,0.8056559612353643,0.3729486324216144,True Robustness
art_0022,B12,B,Persona / Tone,0.6154544174671173,0.8346564376250833,Unreliable
art_0022,B13,B,Persona / Tone,0.7695884158213934,0.7367578385590394,Fragile
art_0022,B14,B,Persona / Tone,0.6830175270636877,0.6045697131420947,Fragile
art_0022,B15,B,Meta-reflection,0.7792932838201523,0.6896264176117411,Fragile
art_0023,A01,A,Direct Command,0.6435831097456125,0.4955970647098065,Unreliable
art_0023,A02,A,Direct Command,0.6408268847526647,0.6415276851234156,Unreliable
art_0023,A03,A,Direct Command,0.6178908256384043,0.3307204803202135,Consistently Poor
art_0023,A04,A,Direct Command,0.6504571399627587,0.21190793862575052,True Robustness
art_0023,A05,A,Question Form,0.5843762847093436,0.7854903268845899,Unreliable
art_0023,A06,A,Question Form,0.616788271528024,0.30356904603068713,Consistently Poor
art_0023,A07,A,Question Form,0.48733350099661416,0.8244829886591061,Unreliable
art_0023,A08,A,Question Form,0.47213613528471726,0.7347898599066044,Unreliable
art_0023,A09,A,Role Based,0.678033240712606,0.29022681787858573,True Robustness
art_0023,A10,A,Role Based,0.676841968527207,0.49476317545030024,True Robustness
art_0023,A11,A,Role Based,0.6456744930683037,0.30683789192795197,Consistently Poor
art_0023,A12,A,Role Based,0.6544779313680452,0.6418278852568379,Fragile
art_0023,A13,A,Constraint Based,0.45916728598949236,0.41170780520346895,Consistently Poor
art_0023,A14,A,Constraint Based,0.6362150785250541,0.3174783188792528,Consistently Poor
art_0023,A15,A,Constraint Based,0.6178441991408666,0.44276184122748496,Consistently Poor
art_0023,A16,A,Analytical Framing,0.6545254794450907,0.4455637091394263,True Robustness
art_0023,A17,A,Analytical Framing,0.5190317002244483,0.6657438292194797,Unreliable
art_0023,A18,A,Analytical Framing,0.6099950678837605,0.570013342228152,Unreliable
art_0023,A19,A,Analytical Framing,0.5184736618628869,0.6698132088058706,Unreliable
art_0023,A20,A,Output Format,0.6388404934834211,0.478685790527018,Consistently Poor
art_0023,A21,A,Output Format,0.6866522805813031,0.38539026017344896,True Robustness
art_0023,A22,A,Output Format,0.6488883606134316,0.3718478985990661,True Robustness
art_0023,A23,A,Audience Perspective,0.5408107267740445,0.5503002001334223,Unreliable
art_0023,A24,A,Audience Perspective,0.6405308449115509,0.36504336224149436,Consistently Poor
art_0023,A25,A,Audience Perspective,0.6494965373705596,0.25853902601734485,True Robustness
art_0023,A26,A,Emphasis Focus,0.6263377169768015,0.4775517011340894,Consistently Poor
art_0023,A27,A,Emphasis Focus,0.6028540489765314,0.38739159439626414,Consistently Poor
art_0023,A28,A,Emphasis Focus,0.5103640231566552,0.647631754503002,Unreliable
art_0023,A29,A,Tone Register,0.6466108728677799,0.44609739826551037,True Robustness
art_0023,A30,A,Tone Register,0.6481235535481037,0.44102735156771183,True Robustness
art_0023,A31,A,Tone Register,0.6663257407072263,0.42908605737158106,True Robustness
art_0023,A32,A,Tone Register,0.6498879511386919,0.5078052034689793,Fragile
art_0023,A33,A,Completeness Framing,0.5584320846276406,0.49886591060707136,Unreliable
art_0023,A34,A,Completeness Framing,0.6542938924752749,0.545663775850567,Fragile
art_0023,A35,A,Completeness Framing,0.6209324113069435,0.25183455637091395,Consistently Poor
art_0023,B01,B,Lexical Filter,0.30711725583443267,0.26244162775183455,Consistently Poor
art_0023,B02,B,Lexical Filter,0.6241542104727182,0.3435957304869913,Consistently Poor
art_0023,B03,B,Lexical Filter,0.614832287033399,0.7013008672448299,Unreliable
art_0023,B04,B,Theme Isolation,0.4867788037428489,0.6556370913942627,Unreliable
art_0023,B05,B,Theme Isolation,0.4930023166995783,0.6697798532354904,Unreliable
art_0023,B06,B,Theme Isolation,0.527427994287931,0.6754503002001334,Unreliable
art_0023,B07,B,Theme Isolation,0.5952040167191089,0.3132421614409606,Consistently Poor
art_0023,B08,B,Theme Isolation,0.5104623352869962,0.8062374916611075,Unreliable
art_0023,B09,B,Persona / Tone,0.45886972164496403,0.5042028018679119,Unreliable
art_0023,B10,B,Persona / Tone,0.46864488759101963,0.4924949966644429,Consistently Poor
art_0023,B11,B,Persona / Tone,0.5619512983621696,0.1888258839226151,Consistently Poor
art_0023,B12,B,Persona / Tone,0.6005031140951009,0.8586390927284857,Unreliable
art_0023,B13,B,Persona / Tone,0.5313174327214559,0.7051701134089394,Unreliable
art_0023,B14,B,Persona / Tone,0.49221912504006654,0.6236490993995998,Unreliable
art_0023,B15,B,Meta-reflection,0.46586571633815765,0.6323549032688459,Unreliable
art_0024,A01,A,Direct Command,0.4961098829905192,0.6060707138092061,Unreliable
art_0024,A02,A,Direct Command,0.5766487220923106,0.6099399599733155,Unreliable
art_0024,A03,A,Direct Command,0.5076295385758082,0.5345897264843229,Unreliable
art_0024,A04,A,Direct Command,0.6327697038650513,0.34356237491661107,Consistently Poor
art_0024,A05,A,Question Form,0.4504969964424769,0.6999332888592394,Unreliable
art_0024,A06,A,Question Form,0.43459194898605347,0.7404269513008672,Unreliable
art_0024,A07,A,Question Form,0.4229949538906415,0.912208138759173,Unreliable
art_0024,A08,A,Question Form,0.37794216722249985,0.7295863909272848,Unreliable
art_0024,A09,A,Role Based,0.5860762943824133,0.5372248165443629,Unreliable
art_0024,A10,A,Role Based,0.6317541201909384,0.5163442294863242,Unreliable
art_0024,A11,A,Role Based,0.5351546357075373,0.6218145430286858,Unreliable
art_0024,A12,A,Role Based,0.492977574467659,0.639326217478319,Unreliable
art_0024,A13,A,Constraint Based,0.3624192426602046,0.17678452301534353,Consistently Poor
art_0024,A14,A,Constraint Based,0.6375078658262888,0.3693462308205471,Consistently Poor
art_0024,A15,A,Constraint Based,0.5716936141252518,0.43442294863242165,Consistently Poor
art_0024,A16,A,Analytical Framing,0.7949007699886957,0.5781187458305537,Fragile
art_0024,A17,A,Analytical Framing,0.4200852910677592,0.7499666444296198,Unreliable
art_0024,A18,A,Analytical Framing,0.4630551189184189,0.4979986657771848,Unreliable
art_0024,A19,A,Analytical Framing,0.4505319992701213,0.6553702468312209,Unreliable
art_0024,A20,A,Output Format,0.5312024801969528,0.4527018012008005,Consistently Poor
art_0024,A21,A,Output Format,0.49566612641016644,0.17708472314876583,Consistently Poor
art_0024,A22,A,Output Format,0.505994975566864,0.43408939292861903,Consistently Poor
art_0024,A23,A,Audience Perspective,0.5757466604312261,0.5968312208138759,Unreliable
art_0024,A24,A,Audience Perspective,0.5414344221353531,0.5351901267511674,Unreliable
art_0024,A25,A,Audience Perspective,0.541716476281484,0.4278852568378919,Consistently Poor
art_0024,A26,A,Emphasis Focus,0.598795215288798,0.5910940627084723,Unreliable
art_0024,A27,A,Emphasis Focus,0.8040432085593542,0.3358905937291528,True Robustness
art_0024,A28,A,Emphasis Focus,0.4910418192545573,0.7918945963975985,Unreliable
art_0024,A29,A,Tone Register,0.727953220407168,0.5636090727151434,Fragile
art_0024,A30,A,Tone Register,0.5751625597476959,0.6769846564376251,Unreliable
art_0024,A31,A,Tone Register,0.5629862646261851,0.47961974649766514,Consistently Poor
art_0024,A32,A,Tone Register,0.49915261566638947,0.5842895263509006,Unreliable
art_0024,A33,A,Completeness Framing,0.4061557973424594,0.8136090727151435,Unreliable
art_0024,A34,A,Completeness Framing,0.6198609073956808,0.3311541027351568,Consistently Poor
art_0024,A35,A,Completeness Framing,0.5011347830295563,0.5486991327551701,Unreliable
art_0024,B01,B,Lexical Filter,0.4549773633480072,0.34566377585056707,Consistently Poor
art_0024,B02,B,Lexical Filter,0.5645785182714462,0.5169112741827885,Unreliable
art_0024,B03,B,Lexical Filter,0.5003530333439509,0.49022681787858574,Consistently Poor
art_0024,B04,B,Theme Isolation,0.46778844576328993,0.9152434956637757,Unreliable
art_0024,B05,B,Theme Isolation,0.45508313179016113,0.6939626417611741,Unreliable
art_0024,B06,B,Theme Isolation,0.41323380172252655,0.378152101400934,Consistently Poor
art_0024,B07,B,Theme Isolation,0.534277468919754,0.47064709806537686,Consistently Poor
art_0024,B08,B,Theme Isolation,0.6970557471116384,0.7173448965977318,Fragile
art_0024,B09,B,Persona / Tone,0.4729018956422806,0.6116410940627085,Unreliable
art_0024,B10,B,Persona / Tone,0.5221684674421946,0.46647765176784517,Consistently Poor
art_0024,B11,B,Persona / Tone,0.6672887653112411,0.41467645096731154,True Robustness
art_0024,B12,B,Persona / Tone,0.49444875717163084,0.7220146764509674,Unreliable
art_0024,B13,B,Persona / Tone,0.4993455608685811,0.5916611074049366,Unreliable
art_0024,B14,B,Persona / Tone,0.42503095666567486,0.5141427618412274,Unreliable
art_0024,B15,B,Meta-reflection,0.4565885017315547,0.6325216811207472,Unreliable
art_0025,A01,A,Direct Command,0.8011295646429062,0.3051701134089393,True Robustness
art_0025,A02,A,Direct Command,0.7472098164615177,0.9202468312208139,Fragile
art_0025,A03,A,Direct Command,0.7566784293878647,0.6245163442294863,Fragile
art_0025,A04,A,Direct Command,0.773690965913591,0.2890927284856571,True Robustness
art_0025,A05,A,Question Form,0.6505126917646046,0.7369246164109405,Fragile
art_0025,A06,A,Question Form,0.6375006834665934,0.575917278185457,Unreliable
art_0025,A07,A,Question Form,0.618205459877139,0.9292861907938625,Unreliable
art_0025,A08,A,Question Form,0.6114551921685537,0.9223148765843896,Unreliable
art_0025,A09,A,Role Based,0.7654360433419547,0.5149432955303536,Fragile
art_0025,A10,A,Role Based,0.8714770759854998,0.6865243495663776,Fragile
art_0025,A11,A,Role Based,0.6252841885600771,0.8273849232821882,Unreliable
art_0025,A12,A,Role Based,0.7237836441823416,0.7594396264176118,Fragile
art_0025,A13,A,Constraint Based,0.7121917761507488,0.4730486991327552,True Robustness
art_0025,A14,A,Constraint Based,0.7416040762549355,0.18972648432288194,True Robustness
art_0025,A15,A,Constraint Based,0.7515069707518532,0.616444296197465,Fragile
art_0025,A16,A,Analytical Framing,0.6679484148820242,0.5297198132088059,Fragile
art_0025,A17,A,Analytical Framing,0.5347864961340314,0.9076384256170781,Unreliable
art_0025,A18,A,Analytical Framing,0.6758741260994049,0.5295530353569046,Fragile
art_0025,A19,A,Analytical Framing,0.5922176500871068,0.902234823215477,Unreliable
art_0025,A20,A,Output Format,0.8275588757935025,0.41797865243495663,True Robustness
art_0025,A21,A,Output Format,0.6806853520018713,0.5434623082054704,Fragile
art_0025,A22,A,Output Format,0.8672690859862736,0.38412274849899936,True Robustness
art_0025,A23,A,Audience Perspective,0.6579087667521976,0.7729819879919947,Fragile
art_0025,A24,A,Audience Perspective,0.7247112457241331,0.4540026684456304,True Robustness
art_0025,A25,A,Audience Perspective,0.719523881872495,0.5562374916611075,Fragile
art_0025,A26,A,Emphasis Focus,0.6562236199776331,0.8616744496330887,Fragile
art_0025,A27,A,Emphasis Focus,0.6485918923502877,0.5156104069379586,Fragile
art_0025,A28,A,Emphasis Focus,0.6453662454372361,0.6946964643095397,Unreliable
art_0025,A29,A,Tone Register,0.7526220494792576,0.5185790527018013,Fragile
art_0025,A30,A,Tone Register,0.6756720869314102,0.4961307538358906,Fragile
art_0025,A31,A,Tone Register,0.7859805730127153,0.5517344896597732,Fragile
art_0025,A32,A,Tone Register,0.7038916860307967,0.49262841894596393,True Robustness
art_0025,A33,A,Completeness Framing,0.7566969841718674,0.604869913275517,Fragile
art_0025,A34,A,Completeness Framing,0.8085731722059704,0.5150433622414943,Fragile
art_0025,A35,A,Completeness Framing,0.7294545698733558,0.7013342228152101,Fragile
art_0025,B01,B,Lexical Filter,0.40740721779210226,0.5921947965310207,Unreliable
art_0025,B02,B,Lexical Filter,0.8294025020939965,0.47555036691127417,True Robustness
art_0025,B03,B,Lexical Filter,0.7653783311446508,0.39796531020680453,True Robustness
art_0025,B04,B,Theme Isolation,0.30644736119679045,0.9005003335557038,Unreliable
art_0025,B05,B,Theme Isolation,0.5992641764737311,0.710140093395597,Unreliable
art_0025,B06,B,Theme Isolation,0.5586974705968584,0.840393595730487,Unreliable
art_0025,B07,B,Theme Isolation,0.6382812541865167,0.49482988659106075,Unreliable
art_0025,B08,B,Theme Isolation,0.6557118601742246,0.8634422948632421,Fragile
art_0025,B09,B,Persona / Tone,0.6675971494544121,0.7372915276851234,Fragile
art_0025,B10,B,Persona / Tone,0.6239911431357973,0.24949966644429616,Consistently Poor
art_0025,B11,B,Persona / Tone,0.7587982331003462,0.26387591727818543,True Robustness
art_0025,B12,B,Persona / Tone,0.7171524158545903,0.8660773849232821,Fragile
art_0025,B13,B,Persona / Tone,0.6573101044410752,0.6291861240827218,Fragile
art_0025,B14,B,Persona / Tone,0.6661706339745295,0.6170780520346898,Fragile
art_0025,B15,B,Meta-reflection,0.7076997253156846,0.5165110073382254,Fragile
art_0026,A01,A,Direct Command,0.7719735083756621,0.5805203468979319,Fragile
art_0026,A02,A,Direct Command,0.6525801478160752,0.6584056037358239,Fragile
art_0026,A03,A,Direct Command,0.8232863760656781,0.6401934623082055,Fragile
art_0026,A04,A,Direct Command,0.7991740344851105,0.5191460973982654,Fragile
art_0026,A05,A,Question Form,0.4832512603865729,0.8291527685123415,Unreliable
art_0026,A06,A,Question Form,0.6056566111467502,0.5575717144763176,Unreliable
art_0026,A07,A,Question Form,0.4967050323331797,0.8609072715143429,Unreliable
art_0026,A08,A,Question Form,0.4922609290590992,0.684856571047365,Unreliable
art_0026,A09,A,Role Based,0.7414467516872617,0.621447631754503,Fragile
art_0026,A10,A,Role Based,0.7725086366688764,0.328685790527018,True Robustness
art_0026,A11,A,Role Based,0.6967475199037129,0.5685790527018012,Fragile
art_0026,A12,A,Role Based,0.712223008275032,0.7292528352234824,Fragile
art_0026,A13,A,Constraint Based,0.591214116524767,0.542361574382922,Unreliable
art_0026,A14,A,Constraint Based,0.7092101270401919,0.3172114743162108,True Robustness
art_0026,A15,A,Constraint Based,0.7019956945269197,0.3496664442961975,True Robustness
art_0026,A16,A,Analytical Framing,0.6894498014891588,0.38225483655770515,True Robustness
art_0026,A17,A,Analytical Framing,0.548225059001534,0.45813875917278185,Consistently Poor
art_0026,A18,A,Analytical Framing,0.7003425597040742,0.5243162108072048,Fragile
art_0026,A19,A,Analytical Framing,0.5457813579727101,0.6178452301534355,Unreliable
art_0026,A20,A,Output Format,0.7121646288368435,0.3471314209472982,True Robustness
art_0026,A21,A,Output Format,0.6274976018402313,0.29516344229486324,Consistently Poor
art_0026,A22,A,Output Format,0.712677702859596,0.3526017344896598,True Robustness
art_0026,A23,A,Audience Perspective,0.6415557016928991,0.6694129419613075,Unreliable
art_0026,A24,A,Audience Perspective,0.7643513166242176,0.6365243495663776,Fragile
art_0026,A25,A,Audience Perspective,0.7440162792249962,0.43395597064709807,True Robustness
art_0026,A26,A,Emphasis Focus,0.576014170492137,0.7271514342895264,Unreliable
art_0026,A27,A,Emphasis Focus,0.8124977554436082,0.3084389593062042,True Robustness
art_0026,A28,A,Emphasis Focus,0.5905324507642675,0.5587725150100066,Unreliable
art_0026,A29,A,Tone Register,0.8412639730506474,0.40133422281521014,True Robustness
art_0026,A30,A,Tone Register,0.6857158916967886,0.6397931954636424,Fragile
art_0026,A31,A,Tone Register,0.7880719204743705,0.3114076050700468,True Robustness
art_0026,A32,A,Tone Register,0.7189927840674365,0.2325550366911274,True Robustness
art_0026,A33,A,Completeness Framing,0.605720422886036,0.7423949299533023,Unreliable
art_0026,A34,A,Completeness Framing,0.8587707076911574,0.49666444296197465,Fragile
art_0026,A35,A,Completeness Framing,0.7442233148548337,0.5738825883922616,Fragile
art_0026,B01,B,Lexical Filter,0.33886275937159854,0.8447298198799199,Unreliable
art_0026,B02,B,Lexical Filter,0.7675909929805331,0.4032354903268846,True Robustness
art_0026,B03,B,Lexical Filter,0.7124301697368974,0.4087058038692461,True Robustness
art_0026,B04,B,Theme Isolation,0.698022922983876,0.42761841227484987,True Robustness
art_0026,B05,B,Theme Isolation,0.5629979272683462,0.5165110073382254,Unreliable
art_0026,B06,B,Theme Isolation,0.4534690468399613,0.6638425617078052,Unreliable
art_0026,B07,B,Theme Isolation,0.6402318450035872,0.4363909272848565,Consistently Poor
art_0026,B08,B,Theme Isolation,0.7920622030893961,0.3058038692461641,True Robustness
art_0026,B09,B,Persona / Tone,0.5645701129127431,0.42605070046697796,Consistently Poor
art_0026,B10,B,Persona / Tone,0.6204360370282773,0.4562708472314877,Consistently Poor
art_0026,B11,B,Persona / Tone,0.8068448161637342,0.6173115410273515,Fragile
art_0026,B12,B,Persona / Tone,0.6070604125658672,0.8031020680453635,Unreliable
art_0026,B13,B,Persona / Tone,0.6218514894997632,0.4106737825216811,Consistently Poor
art_0026,B14,B,Persona / Tone,0.4798688786449255,0.6373248832555036,Unreliable
art_0026,B15,B,Meta-reflection,0.649117428947378,0.8052368245496997,Fragile
art_0027,A01,A,Direct Command,0.6213543762763342,0.3228485657104737,Consistently Poor
art_0027,A02,A,Direct Command,0.6121674006183943,0.7325550366911275,Unreliable
art_0027,A03,A,Direct Command,0.6162089159091314,0.4509339559706471,Consistently Poor
art_0027,A04,A,Direct Command,0.6225045373042425,0.354469646430954,Consistently Poor
art_0027,A05,A,Question Form,0.5809770673513412,0.6615076717811874,Unreliable
art_0027,A06,A,Question Form,0.5962730596462885,0.22471647765176783,Consistently Poor
art_0027,A07,A,Question Form,0.5857962171236674,0.670146764509673,Unreliable
art_0027,A08,A,Question Form,0.5436258539557457,0.6822548365577051,Unreliable
art_0027,A09,A,Role Based,0.6137857586145401,0.49706470980653766,Unreliable
art_0027,A10,A,Role Based,0.6105527877807617,0.5251501000667111,Unreliable
art_0027,A11,A,Role Based,0.6031560550133387,0.36494329553035354,Consistently Poor
art_0027,A12,A,Role Based,0.6295017302036285,0.7673782521681121,Unreliable
art_0027,A13,A,Constraint Based,0.6148412823677063,0.16080720480320215,Consistently Poor
art_0027,A14,A,Constraint Based,0.5394775221745173,0.3946964643095397,Consistently Poor
art_0027,A15,A,Constraint Based,0.6030964851379395,0.4946297531687792,Consistently Poor
art_0027,A16,A,Analytical Framing,0.5392435689767202,0.47918612408272176,Consistently Poor
art_0027,A17,A,Analytical Framing,0.44728386277953786,0.5863909272848565,Unreliable
art_0027,A18,A,Analytical Framing,0.5912443101406097,0.49609739826551036,Unreliable
art_0027,A19,A,Analytical Framing,0.5221347088615099,0.6064709806537691,Unreliable
art_0027,A20,A,Output Format,0.6155886203050613,0.3015010006671114,Consistently Poor
art_0027,A21,A,Output Format,0.6095692962408066,0.46944629753168776,Consistently Poor
art_0027,A22,A,Output Format,0.6935315430164337,0.4512341561040694,True Robustness
art_0027,A23,A,Audience Perspective,0.5797385275363922,0.7074716477651767,Unreliable
art_0027,A24,A,Audience Perspective,0.6301055997610092,0.4611407605070047,Consistently Poor
art_0027,A25,A,Audience Perspective,0.6755173951387405,0.43515677118078716,True Robustness
art_0027,A26,A,Emphasis Focus,0.5241121153036753,0.5022681787858572,Unreliable
art_0027,A27,A,Emphasis Focus,0.5949976295232773,0.46184122748498996,Consistently Poor
art_0027,A28,A,Emphasis Focus,0.4997188647588094,0.7303535690460307,Unreliable
art_0027,A29,A,Tone Register,0.6549378236134847,0.4641761174116077,True Robustness
art_0027,A30,A,Tone Register,0.6044700096050898,0.419346230820547,Consistently Poor
art_0027,A31,A,Tone Register,0.706819067398707,0.3190460306871248,True Robustness
art_0027,A32,A,Tone Register,0.6106976767381033,0.33445630420280187,Consistently Poor
art_0027,A33,A,Completeness Framing,0.5958485305309296,0.4374916611074049,Consistently Poor
art_0027,A34,A,Completeness Framing,0.6636767536401749,0.5341561040693796,Fragile
art_0027,A35,A,Completeness Framing,0.56534210840861,0.5083388925950634,Unreliable
art_0027,B01,B,Lexical Filter,0.3275875349839528,0.29516344229486324,Consistently Poor
art_0027,B02,B,Lexical Filter,0.6396680722633997,0.5851901267511674,Unreliable
art_0027,B03,B,Lexical Filter,0.6484677145878474,0.5261507671781187,Fragile
art_0027,B04,B,Theme Isolation,0.33200247834126156,0.9308872581721148,Unreliable
art_0027,B05,B,Theme Isolation,0.4957133357723554,0.7541694462975318,Unreliable
art_0027,B06,B,Theme Isolation,0.4969897046685219,0.6219146097398266,Unreliable
art_0027,B07,B,Theme Isolation,0.5611028050382932,0.5278852568378919,Unreliable
art_0027,B08,B,Theme Isolation,0.5090793271859487,0.5220146764509673,Unreliable
art_0027,B09,B,Persona / Tone,0.553995817899704,0.4197131420947298,Consistently Poor
art_0027,B10,B,Persona / Tone,0.595352495710055,0.48509006004002664,Consistently Poor
art_0027,B11,B,Persona / Tone,0.6282788415749868,0.402501667778519,Consistently Poor
art_0027,B12,B,Persona / Tone,0.601024842262268,0.612108072048032,Unreliable
art_0027,B13,B,Persona / Tone,0.5588280707597733,0.5685123415610407,Unreliable
art_0027,B14,B,Persona / Tone,0.4895988355080287,0.36791194129419613,Consistently Poor
art_0027,B15,B,Meta-reflection,0.5791134983301163,0.4015677118078719,Consistently Poor
art_0028,A01,A,Direct Command,0.6153613646825155,0.4319546364242828,Consistently Poor
art_0028,A02,A,Direct Command,0.6597196305791537,0.5729486324216143,Fragile
art_0028,A03,A,Direct Command,0.649754935503006,0.3894262841894596,True Robustness
art_0028,A04,A,Direct Command,0.6542505164941153,0.35096731154102734,True Robustness
art_0028,A05,A,Question Form,0.6957763016223907,0.6938292194796529,Fragile
art_0028,A06,A,Question Form,0.5315228621164958,0.140393595730487,Consistently Poor
art_0028,A07,A,Question Form,0.7019167969624202,0.5643762508338892,Fragile
art_0028,A08,A,Question Form,0.6022154808044434,0.5119079386257506,Unreliable
art_0028,A09,A,Role Based,0.6663822531700134,0.407104736490994,True Robustness
art_0028,A10,A,Role Based,0.6586900363365809,0.4641761174116077,True Robustness
art_0028,A11,A,Role Based,0.619880054394404,0.7377251501000667,Unreliable
art_0028,A12,A,Role Based,0.635308234890302,0.6152768512341561,Unreliable
art_0028,A13,A,Constraint Based,0.6598192423582078,0.4386257505003335,True Robustness
art_0028,A14,A,Constraint Based,0.7322081734736762,0.30607071380920614,True Robustness
art_0028,A15,A,Constraint Based,0.5340497165918351,0.31087391594396263,Consistently Poor
art_0028,A16,A,Analytical Framing,0.7867395569880804,0.6104736490993997,Fragile
art_0028,A17,A,Analytical Framing,0.660730489095052,0.36987991994663105,True Robustness
art_0028,A18,A,Analytical Framing,0.6714280863602956,0.4825550366911275,True Robustness
art_0028,A19,A,Analytical Framing,0.590976482629776,0.677484989993329,Unreliable
art_0028,A20,A,Output Format,0.6063389549652736,0.09929953302201468,Consistently Poor
art_0028,A21,A,Output Format,0.620331284403801,0.22441627751834559,Consistently Poor
art_0028,A22,A,Output Format,0.6050812671581904,0.23969312875250168,Consistently Poor
art_0028,A23,A,Audience Perspective,0.5845153669516246,0.7634089392928618,Unreliable
art_0028,A24,A,Audience Perspective,0.622383372982343,0.22858572381587725,Consistently Poor
art_0028,A25,A,Audience Perspective,0.5773372024297715,0.41047364909939954,Consistently Poor
art_0028,A26,A,Emphasis Focus,0.6869324684143067,0.6810873915943964,Fragile
art_0028,A27,A,Emphasis Focus,0.6947277963161468,0.05416944629753169,True Robustness
art_0028,A28,A,Emphasis Focus,0.620120695233345,0.5964976651100734,Unreliable
art_0028,A29,A,Tone Register,0.7234174787998199,0.3502001334222815,True Robustness
art_0028,A30,A,Tone Register,0.6095146507024766,0.5577051367578385,Unreliable
art_0028,A31,A,Tone Register,0.718079075217247,0.5420947298198799,Fragile
art_0028,A32,A,Tone Register,0.6031939268112182,0.3964309539693129,Consistently Poor
art_0028,A33,A,Completeness Framing,0.7242680360873539,0.38198799199466305,True Robustness
art_0028,A34,A,Completeness Framing,0.7268450399239857,0.4721814543028686,True Robustness
art_0028,A35,A,Completeness Framing,0.6463703115781149,0.4925283522348232,True Robustness
art_0028,B01,B,Lexical Filter,0.39219257334868113,0.26724482988659104,Consistently Poor
art_0028,B02,B,Lexical Filter,0.6303114225467046,0.4072048032021348,Consistently Poor
art_0028,B03,B,Lexical Filter,0.6806977808475495,0.5254836557705136,Fragile
art_0028,B04,B,Theme Isolation,0.5380438615878423,0.8439292861907939,Unreliable
art_0028,B05,B,Theme Isolation,0.4931049466133118,0.468812541694463,Consistently Poor
art_0028,B06,B,Theme Isolation,0.5825454304615656,0.8172448298865911,Unreliable
art_0028,B07,B,Theme Isolation,0.6171591262022654,0.5207471647765176,Unreliable
art_0028,B08,B,Theme Isolation,0.6110061898827553,0.8342895263509006,Unreliable
art_0028,B09,B,Persona / Tone,0.5877277960379917,0.2345230153435624,Consistently Poor
art_0028,B10,B,Persona / Tone,0.4915247658888499,0.4805870580386925,Consistently Poor
art_0028,B11,B,Persona / Tone,0.7356369276841481,0.3642428285523682,True Robustness
art_0028,B12,B,Persona / Tone,0.5850188076496124,0.6487991994663109,Unreliable
art_0028,B13,B,Persona / Tone,0.5905733903249105,0.5310873915943962,Unreliable
art_0028,B14,B,Persona / Tone,0.6104560852050782,0.6333555703802535,Unreliable
art_0028,B15,B,Meta-reflection,0.6231969952583313,0.4557371581054036,Consistently Poor
art_0029,A01,A,Direct Command,0.6694358870004997,0.30373582388258835,True Robustness
art_0029,A02,A,Direct Command,0.6871742636729509,0.4064042695130087,True Robustness
art_0029,A03,A,Direct Command,0.7373038648794857,0.36811207471647767,True Robustness
art_0029,A04,A,Direct Command,0.7027346793657694,0.47304869913275516,True Robustness
art_0029,A05,A,Question Form,0.6217732020677663,0.7058038692461641,Unreliable
art_0029,A06,A,Question Form,0.6954284887283276,0.40973982655103397,True Robustness
art_0029,A07,A,Question Form,0.6231394455983089,0.7601067378252169,Unreliable
art_0029,A08,A,Question Form,0.5683716608163638,0.6801200800533689,Unreliable
art_0029,A09,A,Role Based,0.6510582810793167,0.3249833222148099,True Robustness
art_0029,A10,A,Role Based,0.7163076484814668,0.3082388258839226,True Robustness
art_0029,A11,A,Role Based,0.7036896657485228,0.37691794529686456,True Robustness
art_0029,A12,A,Role Based,0.6667800981264848,0.5578385590393596,Fragile
art_0029,A13,A,Constraint Based,0.5727556760494527,0.0011007338225483656,Consistently Poor
art_0029,A14,A,Constraint Based,0.7076808435794634,0.3708138759172782,True Robustness
art_0029,A15,A,Constraint Based,0.6086495931331929,0.2375917278185457,Consistently Poor
art_0029,A16,A,Analytical Framing,0.6561058583932043,0.42655103402268185,True Robustness
art_0029,A17,A,Analytical Framing,0.5918581663415982,0.6318212141427618,Unreliable
art_0029,A18,A,Analytical Framing,0.645814353838945,0.46184122748499,Consistently Poor
art_0029,A19,A,Analytical Framing,0.5548696242845975,0.44689793195463634,Consistently Poor
art_0029,A20,A,Output Format,0.681094079827651,0.49229486324216143,True Robustness
art_0029,A21,A,Output Format,0.6650545444243994,0.2028018679119413,True Robustness
art_0029,A22,A,Output Format,0.6825097214717131,0.4436624416277518,True Robustness
art_0029,A23,A,Audience Perspective,0.6632435677143244,0.6517011340893929,Fragile
art_0029,A24,A,Audience Perspective,0.6598232759115024,0.2627751834556371,True Robustness
art_0029,A25,A,Audience Perspective,0.6363567392795514,0.6953635757171447,Unreliable
art_0029,A26,A,Emphasis Focus,0.6465443632541558,0.40590393595730484,True Robustness
art_0029,A27,A,Emphasis Focus,0.6397720334621576,0.22621747831887923,Consistently Poor
art_0029,A28,A,Emphasis Focus,0.6188848316669464,0.6143762508338892,Unreliable
art_0029,A29,A,Tone Register,0.7348764168146329,0.38782521681120746,True Robustness
art_0029,A30,A,Tone Register,0.6057773752090259,0.6450300200133421,Unreliable
art_0029,A31,A,Tone Register,0.6905871996512779,0.6057371581054036,Fragile
art_0029,A32,A,Tone Register,0.6427167738095307,0.5837224816544363,Unreliable
art_0029,A33,A,Completeness Framing,0.622763169117463,0.1947631754503002,Consistently Poor
art_0029,A34,A,Completeness Framing,0.7489719822620734,0.21511007338225482,True Robustness
art_0029,A35,A,Completeness Framing,0.7009767905259743,0.5178118745830553,Fragile
art_0029,B01,B,Lexical Filter,0.27827966117706054,0.6219146097398265,Unreliable
art_0029,B02,B,Lexical Filter,0.6632974377045264,0.4091060707138092,True Robustness
art_0029,B03,B,Lexical Filter,0.7097114240511869,0.47314876584389587,True Robustness
art_0029,B04,B,Theme Isolation,0.47852188749955255,0.8757505003335557,Unreliable
art_0029,B05,B,Theme Isolation,0.5455495149661332,0.5719813208805871,Unreliable
art_0029,B06,B,Theme Isolation,0.573621589785967,0.45343562374916613,Consistently Poor
art_0029,B07,B,Theme Isolation,0.6356940674476134,0.4706470980653769,Consistently Poor
art_0029,B08,B,Theme Isolation,0.5784128545186459,0.6532354903268847,Unreliable
art_0029,B09,B,Persona / Tone,0.5624243399271598,0.7284523015343563,Unreliable
art_0029,B10,B,Persona / Tone,0.5706230531900357,0.4907271514342895,Consistently Poor
art_0029,B11,B,Persona / Tone,0.7029362825246958,0.20950633755837228,True Robustness
art_0029,B12,B,Persona / Tone,0.5783777223183559,0.575917278185457,Unreliable
art_0029,B13,B,Persona / Tone,0.5572864554631405,0.5758172114743163,Unreliable
art_0029,B14,B,Persona / Tone,0.5723159133623809,0.5084389593062041,Unreliable
art_0029,B15,B,Meta-reflection,0.6478067930692281,0.45800533689126083,True Robustness
